Time,BestBid,BestAsk,Spread,Depth,Fundamental,Volatility,Slippage
2025-12-18 16:28:46.898499000,122.711,123.711,1,0,123.211,0,1.51958
2025-12-18 16:28:46.909903800,122.94,123.06,0.12,611,123.237,0.105598,0.678178
2025-12-18 16:28:46.921415200,122.763,123.763,1,0,123.263,0.113773,0.538902
2025-12-18 16:28:46.932888800,123.32,123.44,0.12,999,123.289,0.137629,0.243263
2025-12-18 16:28:46.942664600,123.4,123.44,0.04,749,123.315,0.148229,0.214215
2025-12-18 16:28:46.954442300,123.08,123.32,0.24,1095,123.341,0.136849,0.251042
2025-12-18 16:28:46.964929200,123.55,123.56,0.01,1219,123.367,0.166631,0.185399
2025-12-18 16:28:46.974234700,123.17,123.42,0.25,792,123.393,0.155878,0.288645
2025-12-18 16:28:46.983726500,123.53,123.59,0.06,702,123.419,0.169616,0.186492
2025-12-18 16:28:46.994838200,123.34,123.57,0.23,547,123.445,0.165896,0.288215
2025-12-18 16:28:47.004870500,122.971,123.971,1,0,123.471,0.162979,0.939561
2025-12-18 16:28:47.012511100,122.996,123.996,1,0,123.496,0.161464,0.556984
2025-12-18 16:28:47.020822900,123.022,124.022,1,0,123.522,0.161136,0.478848
2025-12-18 16:28:47.029349000,123.048,124.048,1,0,123.548,0.161822,0.398798
2025-12-18 16:28:47.037179600,123.074,124.074,1,0,123.574,0.163376,0.651913
2025-12-18 16:28:47.047358500,123.1,124.1,1,0,123.6,0.165678,0.856427
2025-12-18 16:28:47.057406900,123.126,124.126,1,0,123.626,0.168624,0.357681
2025-12-18 16:28:47.066154600,123.152,124.152,1,0,123.652,0.172125,0.66797
2025-12-18 16:28:47.074601600,123.178,124.178,1,0,123.678,0.176105,0.439661
2025-12-18 16:28:47.082292600,123.204,124.204,1,0,123.704,0.180499,0.87539
2025-12-18 16:28:47.089980700,123.23,124.23,1,0,123.73,0.185251,1.13548
2025-12-18 16:28:47.098039900,123.256,124.256,1,0,123.756,0.190312,0.598291
2025-12-18 16:28:47.106499500,123.282,124.282,1,0,123.782,0.195642,1.0535
2025-12-18 16:28:47.118360000,123.308,124.308,1,0,123.808,0.201207,0.699767
2025-12-18 16:28:47.127046200,123.334,124.334,1,0,123.834,0.206974,0.989363
2025-12-18 16:28:47.135672700,123.36,124.36,1,0,123.86,0.21292,0.34923
2025-12-18 16:28:47.145577600,123.386,124.386,1,0,123.886,0.219022,0.77149
2025-12-18 16:28:47.154311900,123.411,124.411,1,0,123.911,0.22526,0.965397
2025-12-18 16:28:47.168003000,123.437,124.437,1,0,123.937,0.231618,1.49694
2025-12-18 16:28:47.177075000,123.463,124.463,1,0,123.963,0.238083,0.456394
2025-12-18 16:28:47.184510600,123.489,124.489,1,0,123.989,0.244642,0.591521
2025-12-18 16:28:47.192946600,123.515,124.515,1,0,124.015,0.251284,0.581183
2025-12-18 16:28:47.201637400,123.541,124.541,1,0,124.041,0.258001,0.476246
2025-12-18 16:28:47.210282000,123.567,124.567,1,0,124.067,0.264783,0.589442
2025-12-18 16:28:47.218025000,123.593,124.593,1,0,124.093,0.271624,0.672038
2025-12-18 16:28:47.225263900,123.619,124.619,1,0,124.119,0.278519,0.780149
2025-12-18 16:28:47.232595400,123.645,124.645,1,0,124.145,0.285461,0.482947
2025-12-18 16:28:47.239923600,123.671,124.671,1,0,124.171,0.292446,0.845996
2025-12-18 16:28:47.247691300,123.697,124.697,1,0,124.197,0.299469,0.978589
2025-12-18 16:28:47.254996400,123.723,124.723,1,0,124.223,0.306527,0.630048
2025-12-18 16:28:47.263753900,123.749,124.749,1,0,124.249,0.313617,0.30508
2025-12-18 16:28:47.273030000,123.775,124.775,1,0,124.275,0.320736,0.610262
2025-12-18 16:28:47.280610700,123.8,124.8,1,0,124.3,0.32788,0.739563
2025-12-18 16:28:47.288730000,123.826,124.826,1,0,124.326,0.335049,1.11084
2025-12-18 16:28:47.298027500,123.852,124.852,1,0,124.352,0.342239,0.482879
2025-12-18 16:28:47.306904600,123.878,124.878,1,0,124.378,0.349449,0.764221
2025-12-18 16:28:47.315601000,123.904,124.904,1,0,124.404,0.356677,0.985158
2025-12-18 16:28:47.323312100,123.93,124.93,1,0,124.43,0.363922,0.499734
2025-12-18 16:28:47.330805600,123.956,124.956,1,0,124.456,0.371183,0.508867
2025-12-18 16:28:47.338687800,123.982,124.982,1,0,124.482,0.378457,1.61348
2025-12-18 16:28:47.346486800,123.982,124.982,1,0,124.482,0.377522,0.709307
2025-12-18 16:28:47.354210700,123.955,124.955,1,0,124.455,0.36496,0.728172
2025-12-18 16:28:47.363178800,124.63,124.78,0.15,255,124.428,0.370238,0.440491
2025-12-18 16:28:47.370804000,123.901,124.901,1,0,124.401,0.367426,0.243356
2025-12-18 16:28:47.381289700,123.874,124.874,1,0,124.374,0.364086,0.44089
2025-12-18 16:28:47.389676200,123.847,124.847,1,0,124.347,0.3507,0.469853
2025-12-18 16:28:47.397155500,123.82,124.82,1,0,124.32,0.347913,0.541075
2025-12-18 16:28:47.405578800,123.793,124.793,1,0,124.293,0.334767,0.352058
2025-12-18 16:28:47.413233100,123.767,124.767,1,0,124.267,0.329547,0.677514
2025-12-18 16:28:47.420618800,123.74,124.74,1,0,124.24,0.319705,0.292153
2025-12-18 16:28:47.428205400,123.713,124.713,1,0,124.213,0.309105,0.40222
2025-12-18 16:28:47.435915000,123.686,124.686,1,0,124.186,0.298239,0.635931
2025-12-18 16:28:47.443732200,123.659,124.659,1,0,124.159,0.287235,0.870467
2025-12-18 16:28:47.451097600,123.632,124.632,1,0,124.132,0.276224,0.815869
2025-12-18 16:28:47.459041700,123.605,124.605,1,0,124.105,0.26535,0.440088
2025-12-18 16:28:47.466500000,123.578,124.578,1,0,124.078,0.254768,0.662344
2025-12-18 16:28:47.474038900,123.551,124.551,1,0,124.051,0.244642,0.364547
2025-12-18 16:28:47.482268400,123.524,124.524,1,0,124.024,0.235151,0.74557
2025-12-18 16:28:47.489772200,123.497,124.497,1,0,123.997,0.226485,0.47258
2025-12-18 16:28:47.497225300,123.47,124.47,1,0,123.97,0.218838,0.314558
2025-12-18 16:28:47.505023800,123.443,124.443,1,0,123.943,0.212405,0.60123
2025-12-18 16:28:47.513946900,123.416,124.416,1,0,123.916,0.207369,0.695944
2025-12-18 16:28:47.521523800,123.389,124.389,1,0,123.889,0.20389,0.49578
2025-12-18 16:28:47.529491700,123.362,124.362,1,0,123.862,0.202087,0.689748
2025-12-18 16:28:47.536836200,123.335,124.335,1,0,123.835,0.202027,0.332111
2025-12-18 16:28:47.547006100,123.309,124.309,1,0,123.809,0.203717,0.408788
2025-12-18 16:28:47.554360200,123.282,124.282,1,0,123.782,0.207104,0.473547
2025-12-18 16:28:47.562409400,123.255,124.255,1,0,123.755,0.212081,0.54762
2025-12-18 16:28:47.569568300,123.228,124.228,1,0,123.728,0.218499,0.550392
2025-12-18 16:28:47.577952800,123.201,124.201,1,0,123.701,0.22618,0.352974
2025-12-18 16:28:47.585242200,123.174,124.174,1,0,123.674,0.234935,0.738783
2025-12-18 16:28:47.593393400,123.147,124.147,1,0,123.647,0.24457,1.33403
2025-12-18 16:28:47.600648500,123.12,124.12,1,0,123.62,0.2549,0.488928
2025-12-18 16:28:47.608861800,123.093,124.093,1,0,123.593,0.265745,0.608334
2025-12-18 16:28:47.616174100,123.066,124.066,1,0,123.566,0.276941,0.71473
2025-12-18 16:28:47.624431500,123.039,124.039,1,0,123.539,0.288334,0.958107
2025-12-18 16:28:47.631739000,123.012,124.012,1,0,123.512,0.299784,0.807872
2025-12-18 16:28:47.640617300,122.985,123.985,1,0,123.485,0.311157,0.635808
2025-12-18 16:28:47.648153500,122.958,123.958,1,0,123.458,0.322332,0.551684
2025-12-18 16:28:47.656494900,122.931,123.931,1,0,123.431,0.333189,0.851057
2025-12-18 16:28:47.663746600,122.904,123.904,1,0,123.404,0.343617,0.374877
2025-12-18 16:28:47.671498900,122.877,123.877,1,0,123.377,0.353505,0.718158
2025-12-18 16:28:47.679185500,122.851,123.851,1,0,123.351,0.362742,1.05687
2025-12-18 16:28:47.687872900,122.824,123.824,1,0,123.324,0.371219,0.793683
2025-12-18 16:28:47.695505900,122.797,123.797,1,0,123.297,0.37882,0.461858
2025-12-18 16:28:47.703520800,122.77,123.77,1,0,123.27,0.385428,0.533405
2025-12-18 16:28:47.711380500,122.743,123.743,1,0,123.243,0.390914,0.414804
2025-12-18 16:28:47.719328200,122.716,123.716,1,0,123.216,0.395142,0.523997
2025-12-18 16:28:47.726925000,122.689,123.689,1,0,123.189,0.397961,1.4151
2025-12-18 16:28:47.734962800,122.662,123.662,1,0,123.162,0.399202,0.627722
2025-12-18 16:28:47.742588800,122.662,123.662,1,0,123.162,0.398695,0.507764
2025-12-18 16:28:47.750815100,122.754,123.754,1,0,123.254,0.394721,0.316207
2025-12-18 16:28:47.759564200,123.49,123.72,0.23,284,123.347,0.372416,0.421367
2025-12-18 16:28:47.767469200,122.939,123.939,1,0,123.439,0.363275,0.307078
2025-12-18 16:28:47.775105100,123.032,124.032,1,0,123.532,0.352655,0.629279
2025-12-18 16:28:47.782865300,123.124,124.124,1,0,123.624,0.341234,0.768669
2025-12-18 16:28:47.790858900,123.217,124.217,1,0,123.717,0.329717,0.59794
2025-12-18 16:28:47.798782800,123.309,124.309,1,0,123.809,0.318857,1.0426
2025-12-18 16:28:47.807296400,123.402,124.402,1,0,123.902,0.309453,0.331754
2025-12-18 16:28:47.814913100,123.494,124.494,1,0,123.994,0.302335,0.636537
2025-12-18 16:28:47.822412300,123.587,124.587,1,0,124.087,0.298309,0.404646
2025-12-18 16:28:47.830663700,123.679,124.679,1,0,124.179,0.298087,0.382196
2025-12-18 16:28:47.838249600,123.772,124.772,1,0,124.272,0.302199,0.526822
2025-12-18 16:28:47.846949400,123.864,124.864,1,0,124.364,0.310924,0.305672
2025-12-18 16:28:47.854828800,123.957,124.957,1,0,124.457,0.32427,0.94666
2025-12-18 16:28:47.864202500,124.049,125.049,1,0,124.549,0.342007,0.739236
2025-12-18 16:28:47.873616500,124.142,125.142,1,0,124.642,0.363737,0.518396
2025-12-18 16:28:47.881037100,124.234,125.234,1,0,124.734,0.388976,0.319292
2025-12-18 16:28:47.889291400,124.327,125.327,1,0,124.827,0.417219,0.904417
2025-12-18 16:28:47.896766900,124.419,125.419,1,0,124.919,0.447982,0.522871
2025-12-18 16:28:47.904443600,124.512,125.512,1,0,125.012,0.480825,0.315514
2025-12-18 16:28:47.914931700,124.604,125.604,1,0,125.104,0.515356,1.35683
2025-12-18 16:28:47.924884100,124.697,125.697,1,0,125.197,0.551233,0.47668
2025-12-18 16:28:47.932531000,124.789,125.789,1,0,125.289,0.588158,0.645106
2025-12-18 16:28:47.941836600,124.882,125.882,1,0,125.382,0.62587,0.897094
2025-12-18 16:28:47.949656900,124.974,125.974,1,0,125.474,0.664135,1.12152
2025-12-18 16:28:47.958229300,125.066,126.066,1,0,125.566,0.702747,1.03826
2025-12-18 16:28:47.967201700,125.159,126.159,1,0,125.659,0.741518,1.30083
2025-12-18 16:28:47.975835900,125.251,126.251,1,0,125.751,0.780275,0.499076
2025-12-18 16:28:47.985327600,125.344,126.344,1,0,125.844,0.818857,0.324097
2025-12-18 16:28:47.993183700,125.436,126.436,1,0,125.936,0.857112,0.608462
2025-12-18 16:28:48.000778200,125.529,126.529,1,0,126.029,0.894895,0.29134
2025-12-18 16:28:48.010011200,125.621,126.621,1,0,126.121,0.932064,0.939204
2025-12-18 16:28:48.017882800,125.714,126.714,1,0,126.214,0.968482,0.74803
2025-12-18 16:28:48.026486800,125.806,126.806,1,0,126.306,1.00401,0.485767
2025-12-18 16:28:48.034815200,125.899,126.899,1,0,126.399,1.03852,1.02941
2025-12-18 16:28:48.044043300,125.991,126.991,1,0,126.491,1.07186,0.678033
2025-12-18 16:28:48.051495500,126.084,127.084,1,0,126.584,1.10391,0.361771
2025-12-18 16:28:48.061248300,126.176,127.176,1,0,126.676,1.13451,0.428813
2025-12-18 16:28:48.068707700,126.269,127.269,1,0,126.769,1.16352,0.753935
2025-12-18 16:28:48.077718500,126.361,127.361,1,0,126.861,1.19078,0.843821
2025-12-18 16:28:48.085061400,126.454,127.454,1,0,126.954,1.21613,0.923863
2025-12-18 16:28:48.093784900,126.546,127.546,1,0,127.046,1.23941,0.509066
2025-12-18 16:28:48.101228500,126.639,127.639,1,0,127.139,1.26043,0.412112
2025-12-18 16:28:48.109430300,126.731,127.731,1,0,127.231,1.279,1.03761
2025-12-18 16:28:48.117836300,126.824,127.824,1,0,127.324,1.29491,0.449328
2025-12-18 16:28:48.126335300,126.916,127.916,1,0,127.416,1.30793,0.40836
2025-12-18 16:28:48.133600800,127.009,128.009,1,0,127.509,1.31781,0.441204
2025-12-18 16:28:48.142423300,127.101,128.101,1,0,127.601,1.32428,0.801191
2025-12-18 16:28:48.149740100,127.194,128.194,1,0,127.694,1.32702,0.439547
2025-12-18 16:28:48.158719100,127.194,128.194,1,0,127.694,1.32357,0.758613
2025-12-18 16:28:48.168371600,127.204,128.204,1,0,127.704,1.31759,0.722365
2025-12-18 16:28:48.176686700,127.215,128.215,1,0,127.715,1.31798,0.44494
2025-12-18 16:28:48.184280800,127.226,128.226,1,0,127.726,1.30785,0.603556
2025-12-18 16:28:48.192859900,127.236,128.236,1,0,127.736,1.29568,0.388707
2025-12-18 16:28:48.201106600,127.247,128.247,1,0,127.747,1.28159,0.573262
2025-12-18 16:28:48.209299500,127.258,128.258,1,0,127.758,1.26571,0.84637
2025-12-18 16:28:48.217097000,127.268,128.268,1,0,127.768,1.24816,0.840577
2025-12-18 16:28:48.225684700,127.279,128.279,1,0,127.779,1.22904,0.499226
2025-12-18 16:28:48.236400500,127.63,127.77,0.14,566,127.789,1.20624,0.220751
2025-12-18 16:28:48.246733500,127.74,127.8,0.06,754,127.8,1.18361,0.234249
2025-12-18 16:28:48.255709900,127.81,127.87,0.06,288,127.811,1.16117,0.226608
2025-12-18 16:28:48.267546800,127.321,128.321,1,0,127.821,1.1368,0.444755
2025-12-18 16:28:48.277733500,127.332,128.332,1,0,127.832,1.11132,0.614001
2025-12-18 16:28:48.285253200,127.343,128.343,1,0,127.843,1.0848,0.575065
2025-12-18 16:28:48.294906200,127.353,128.353,1,0,127.853,1.05732,0.773663
2025-12-18 16:28:48.302626100,127.364,128.364,1,0,127.864,1.02895,0.584934
2025-12-18 16:28:48.312396100,127.375,128.375,1,0,127.875,0.999783,0.484774
2025-12-18 16:28:48.319894900,127.385,128.385,1,0,127.885,0.969871,0.970523
2025-12-18 16:28:48.331379100,127.396,128.396,1,0,127.896,0.939288,0.381585
2025-12-18 16:28:48.343050000,127.72,127.74,0.02,437,127.907,0.904851,0.18516
2025-12-18 16:28:48.351607900,127.417,128.417,1,0,127.917,0.873241,0.369675
2025-12-18 16:28:48.362186500,127.428,128.428,1,0,127.928,0.841164,0.67641
2025-12-18 16:28:48.372672600,127.439,128.439,1,0,127.939,0.808686,0.548395
2025-12-18 16:28:48.382853300,127.449,128.449,1,0,127.949,0.775875,0.904496
2025-12-18 16:28:48.394242600,127.46,128.46,1,0,127.96,0.742799,0.706085
2025-12-18 16:28:48.402883100,127.471,128.471,1,0,127.971,0.709527,0.931252
2025-12-18 16:28:48.413088700,127.481,128.481,1,0,127.981,0.67613,0.392145
2025-12-18 16:28:48.422262000,127.492,128.492,1,0,127.992,0.64268,1.24692
2025-12-18 16:28:48.431265500,127.503,128.503,1,0,128.003,0.609253,0.343534
2025-12-18 16:28:48.439144400,127.513,128.513,1,0,128.013,0.575927,0.456701
2025-12-18 16:28:48.449871400,127.61,127.99,0.38,701,128.024,0.53945,0.297171
2025-12-18 16:28:48.461306700,127.535,128.535,1,0,128.035,0.506705,0.587109
2025-12-18 16:28:48.470644800,127.545,128.545,1,0,128.045,0.474335,0.388787
2025-12-18 16:28:48.479931900,127.556,128.556,1,0,128.056,0.442447,1.02651
2025-12-18 16:28:48.488252600,127.567,128.567,1,0,128.067,0.411161,0.350654
2025-12-18 16:28:48.499209600,127.577,128.577,1,0,128.077,0.380611,0.518017
2025-12-18 16:28:48.510406100,127.588,128.588,1,0,128.088,0.350952,0.607239
2025-12-18 16:28:48.519319200,127.598,128.598,1,0,128.098,0.322366,0.726162
2025-12-18 16:28:48.529756700,127.609,128.609,1,0,128.109,0.295064,0.958538
2025-12-18 16:28:48.537403400,127.62,128.62,1,0,128.12,0.269301,0.331082
2025-12-18 16:28:48.545253000,127.63,128.63,1,0,128.13,0.245377,0.60441
2025-12-18 16:28:48.552734200,128.24,128.37,0.13,713,128.141,0.229203,0.298427
2025-12-18 16:28:48.560950700,127.652,128.652,1,0,128.152,0.210249,0.742439
2025-12-18 16:28:48.568311600,128.19,128.25,0.06,474,128.162,0.196117,0.196989
2025-12-18 16:28:48.576987500,127.673,128.673,1,0,128.173,0.183515,0.968845
2025-12-18 16:28:48.584313400,127.95,128.05,0.1,654,128.184,0.170627,0.249437
2025-12-18 16:28:48.592481400,127.694,128.694,1,0,128.194,0.165344,0.54702
2025-12-18 16:28:48.600002200,128.42,128.53,0.11,460,128.205,0.176219,0.50408
2025-12-18 16:28:48.608900300,127.716,128.716,1,0,128.216,0.176745,0.762461
2025-12-18 16:28:48.616712000,127.85,127.88,0.03,929,128.216,0.173349,0.287229
2025-12-18 16:28:48.624392300,128.2,128.66,0.46,1082,128.227,0.181965,0.728236
2025-12-18 16:28:48.631706500,126.223,128.33,2.1071,525,128.239,0.203308,1.59716
2025-12-18 16:28:48.640546400,127.751,128.751,1,0,128.251,0.204478,0.694246
2025-12-18 16:28:48.648736300,127.762,128.762,1,0,128.262,0.205676,0.900225
2025-12-18 16:28:48.656941300,127.774,128.774,1,0,128.274,0.206902,0.330085
2025-12-18 16:28:48.667374600,127.786,128.786,1,0,128.286,0.208154,0.588718
2025-12-18 16:28:48.675271500,127.797,128.797,1,0,128.297,0.20943,0.815826
2025-12-18 16:28:48.684199100,127.809,128.809,1,0,128.309,0.210729,1.00551
2025-12-18 16:28:48.691820600,127.821,128.821,1,0,128.321,0.209587,0.707688
2025-12-18 16:28:48.699609000,127.832,128.832,1,0,128.332,0.210104,0.403189
2025-12-18 16:28:48.706914700,127.844,128.844,1,0,128.344,0.212006,0.506281
2025-12-18 16:28:48.715364400,127.856,128.856,1,0,128.356,0.213312,0.429324
2025-12-18 16:28:48.722780000,127.867,128.867,1,0,128.367,0.214635,0.975991
2025-12-18 16:28:48.730991600,127.879,128.879,1,0,128.379,0.215975,0.482729
2025-12-18 16:28:48.738947200,127.891,128.891,1,0,128.391,0.217331,0.476362
2025-12-18 16:28:48.748633700,127.902,128.902,1,0,128.402,0.2187,0.602126
2025-12-18 16:28:48.757413900,127.914,128.914,1,0,128.414,0.220082,0.860207
2025-12-18 16:28:48.769706500,127.926,128.926,1,0,128.426,0.221476,0.917256
2025-12-18 16:28:48.779849100,127.937,128.937,1,0,128.437,0.22288,0.998174
2025-12-18 16:28:48.788029400,127.949,128.949,1,0,128.449,0.218912,0.433306
2025-12-18 16:28:48.797611400,127.961,128.961,1,0,128.461,0.220194,0.548455
2025-12-18 16:28:48.804930500,127.972,128.972,1,0,128.472,0.221486,0.434959
2025-12-18 16:28:48.819816900,127.984,128.984,1,0,128.484,0.222785,0.922002
2025-12-18 16:28:48.831288600,127.996,128.996,1,0,128.496,0.224091,0.650685
2025-12-18 16:28:48.845859300,128.007,129.007,1,0,128.507,0.225402,0.557385
2025-12-18 16:28:48.856493200,128.019,129.019,1,0,128.519,0.226718,0.687142
2025-12-18 16:28:48.865510800,128.031,129.031,1,0,128.531,0.228038,1.33568
2025-12-18 16:28:48.875655300,128.042,129.042,1,0,128.542,0.229361,0.614891
2025-12-18 16:28:48.884619100,128.054,129.054,1,0,128.554,0.230685,0.679537
2025-12-18 16:28:48.893779500,128.066,129.066,1,0,128.566,0.232009,1.146
2025-12-18 16:28:48.901698400,128.077,129.077,1,0,128.577,0.226151,0.711493
2025-12-18 16:28:48.909997800,128.089,129.089,1,0,128.589,0.227297,0.934635
2025-12-18 16:28:48.917832900,128.101,129.101,1,0,128.601,0.228443,0.726138
2025-12-18 16:28:48.927593000,128.112,129.112,1,0,128.612,0.229588,0.446323
2025-12-18 16:28:48.935665500,128.124,129.124,1,0,128.624,0.23073,0.828194
2025-12-18 16:28:48.944240300,128.136,129.136,1,0,128.636,0.231868,0.510575
2025-12-18 16:28:48.952797700,128.147,129.147,1,0,128.647,0.233002,0.530371
2025-12-18 16:28:48.960658800,128.159,129.159,1,0,128.659,0.234131,0.748874
2025-12-18 16:28:48.969196500,128.17,129.17,1,0,128.67,0.235253,0.33281
2025-12-18 16:28:48.977246500,128.182,129.182,1,0,128.682,0.236369,1.16217
2025-12-18 16:28:48.985682600,128.194,129.194,1,0,128.694,0.237476,0.70578
2025-12-18 16:28:48.993103600,128.205,129.205,1,0,128.705,0.24105,0.535232
2025-12-18 16:28:49.001528000,128.217,129.217,1,0,128.717,0.242281,0.377485
2025-12-18 16:28:49.009488000,128.229,129.229,1,0,128.729,0.244601,0.328522
2025-12-18 16:28:49.017833400,128.24,129.24,1,0,128.74,0.245856,0.904588
2025-12-18 16:28:49.026000400,128.252,129.252,1,0,128.752,0.241735,0.502889
2025-12-18 16:28:49.033712700,128.264,129.264,1,0,128.764,0.242818,0.386697
2025-12-18 16:28:49.042662100,128.275,129.275,1,0,128.775,0.246757,0.452474
2025-12-18 16:28:49.050441900,128.287,129.287,1,0,128.787,0.248047,0.615809
2025-12-18 16:28:49.060098100,128.287,129.287,1,0,128.787,0.235667,1.00091
2025-12-18 16:28:49.068250900,128.5,128.63,0.13,947,128.843,0.23565,0.183406
2025-12-18 16:28:49.077550800,128.398,129.398,1,0,128.898,0.166389,0.561923
2025-12-18 16:28:49.085008400,128.454,129.454,1,0,128.954,0.171575,0.77316
2025-12-18 16:28:49.093848000,128.509,129.509,1,0,129.009,0.178521,0.697173
2025-12-18 16:28:49.101144000,128.565,129.565,1,0,129.065,0.187135,0.44578
2025-12-18 16:28:49.110693500,128.62,129.62,1,0,129.12,0.197288,0.543078
2025-12-18 16:28:49.118668200,128.676,129.676,1,0,129.176,0.208826,0.860353
2025-12-18 16:28:49.127030000,128.731,129.731,1,0,129.231,0.22159,0.768885
2025-12-18 16:28:49.134861900,128.787,129.787,1,0,129.287,0.235425,0.315871
2025-12-18 16:28:49.143037800,128.842,129.842,1,0,129.342,0.250186,0.589776
2025-12-18 16:28:49.151419100,128.897,129.897,1,0,129.397,0.26574,0.753109
2025-12-18 16:28:49.162434500,128.953,129.953,1,0,129.453,0.281967,0.527128
2025-12-18 16:28:49.170680100,129.008,130.008,1,0,129.508,0.298763,0.459657
2025-12-18 16:28:49.178982900,129.064,130.064,1,0,129.564,0.316032,0.637878
2025-12-18 16:28:49.186929900,129.119,130.119,1,0,129.619,0.333692,0.635708
2025-12-18 16:28:49.196328600,129.175,130.175,1,0,129.675,0.351666,0.819463
2025-12-18 16:28:49.204652900,129.23,130.23,1,0,129.73,0.369887,0.873357
2025-12-18 16:28:49.213428300,129.286,130.286,1,0,129.786,0.388294,0.590053
2025-12-18 16:28:49.221101800,129.341,130.341,1,0,129.841,0.40683,0.555285
2025-12-18 16:28:49.230357400,129.397,130.397,1,0,129.897,0.425443,0.86639
2025-12-18 16:28:49.237961500,129.452,130.452,1,0,129.952,0.444085,0.414983
2025-12-18 16:28:49.247454100,129.508,130.508,1,0,130.008,0.462709,0.972541
2025-12-18 16:28:49.255375000,129.563,130.563,1,0,130.063,0.481272,0.512058
2025-12-18 16:28:49.265678200,129.619,130.619,1,0,130.119,0.499733,0.575993
2025-12-18 16:28:49.273397900,129.674,130.674,1,0,130.174,0.518051,0.661318
2025-12-18 16:28:49.281761600,129.73,130.73,1,0,130.23,0.536188,0.722112
2025-12-18 16:28:49.289461100,129.785,130.785,1,0,130.285,0.554104,0.320134
2025-12-18 16:28:49.299206800,129.841,130.841,1,0,130.341,0.571763,0.859484
2025-12-18 16:28:49.306676300,129.896,130.896,1,0,130.396,0.589126,0.463208
2025-12-18 16:28:49.314982300,129.952,130.952,1,0,130.452,0.606156,0.764383
2025-12-18 16:28:49.323490100,130.007,131.007,1,0,130.507,0.622816,0.746721
2025-12-18 16:28:49.332988900,130.063,131.063,1,0,130.563,0.639068,0.802438
2025-12-18 16:28:49.341627400,130.118,131.118,1,0,130.618,0.654874,0.725906
2025-12-18 16:28:49.349148400,130.174,131.174,1,0,130.674,0.670195,1.18767
2025-12-18 16:28:49.356858400,130.229,131.229,1,0,130.729,0.684991,1.15162
2025-12-18 16:28:49.364319800,130.285,131.285,1,0,130.785,0.699221,0.366434
2025-12-18 16:28:49.372411300,130.34,131.34,1,0,130.84,0.712843,1.52086
2025-12-18 16:28:49.381285700,130.396,131.396,1,0,130.896,0.725813,0.575522
2025-12-18 16:28:49.393013000,130.451,131.451,1,0,130.951,0.738087,0.500168
2025-12-18 16:28:49.403483200,130.507,131.507,1,0,131.007,0.749617,0.665124
2025-12-18 16:28:49.413441700,130.562,131.562,1,0,131.062,0.760353,0.460521
2025-12-18 16:28:49.421480100,130.618,131.618,1,0,131.118,0.770243,0.362199
2025-12-18 16:28:49.433209100,130.673,131.673,1,0,131.173,0.779232,1.05956
2025-12-18 16:28:49.442956700,130.729,131.729,1,0,131.229,0.787263,0.43386
2025-12-18 16:28:49.454519200,130.784,131.784,1,0,131.284,0.794271,0.50769
2025-12-18 16:28:49.464569600,130.84,131.84,1,0,131.34,0.800192,0.721649
2025-12-18 16:28:49.474993500,130.895,131.895,1,0,131.395,0.804952,0.377382
2025-12-18 16:28:49.483970900,130.951,131.951,1,0,131.451,0.808474,0.877406
2025-12-18 16:28:49.492977100,131.006,132.006,1,0,131.506,0.810674,0.554819
2025-12-18 16:28:49.500277600,131.006,132.006,1,0,131.506,0.809221,0.315651
2025-12-18 16:28:49.509327600,131.004,132.004,1,0,131.504,0.795292,0.440067
2025-12-18 16:28:49.517387600,131.003,132.003,1,0,131.503,0.790048,0.934045
2025-12-18 16:28:49.527109900,131.001,132.001,1,0,131.501,0.783288,1.1735
2025-12-18 16:28:49.535148000,131,132,1,0,131.5,0.775118,0.804546
2025-12-18 16:28:49.543488800,130.998,131.998,1,0,131.498,0.765635,0.317568
2025-12-18 16:28:49.551414900,131.49,131.58,0.09,433,131.496,0.755962,0.212899
2025-12-18 16:28:49.560550300,131.56,131.7,0.14,687,131.495,0.747748,0.255356
2025-12-18 16:28:49.570528700,130.993,131.993,1,0,131.493,0.734708,0.294099
2025-12-18 16:28:49.579354100,131.35,131.44,0.09,622,131.492,0.718534,0.158277
2025-12-18 16:28:49.587616100,130.99,131.99,1,0,131.49,0.703671,0.635599
2025-12-18 16:28:49.596864700,131,131.31,0.31,340,131.488,0.68212,0.310434
2025-12-18 16:28:49.604410900,130.987,131.987,1,0,131.487,0.66588,0.519918
2025-12-18 16:28:49.613555000,131.73,131.89,0.16,1165,131.485,0.657315,0.430927
2025-12-18 16:28:49.621814000,131,131.6,0.6,753,131.484,0.636341,0.305271
2025-12-18 16:28:49.630117500,130.982,131.982,1,0,131.482,0.618048,0.367599
2025-12-18 16:28:49.638240300,131.31,131.36,0.05,404,131.48,0.596788,0.242746
2025-12-18 16:28:49.647257400,130.979,131.979,1,0,131.479,0.577527,0.612993
2025-12-18 16:28:49.655661500,130.93,131.33,0.4,181,131.477,0.553718,0.606743
2025-12-18 16:28:49.664899600,130.975,131.975,1,0,131.475,0.533869,0.780897
2025-12-18 16:28:49.672959300,130.974,131.974,1,0,131.474,0.51367,0.397662
2025-12-18 16:28:49.680439200,130.972,131.972,1,0,131.472,0.493172,0.896267
2025-12-18 16:28:49.688799800,131.48,131.73,0.25,392,131.471,0.474924,0.309694
2025-12-18 16:28:49.696701300,130.969,131.969,1,0,131.469,0.453931,0.725278
2025-12-18 16:28:49.704729800,131.8,131.91,0.11,228,131.467,0.441721,0.486584
2025-12-18 16:28:49.713365500,119.588,131.42,11.8325,600,131.466,0.898417,8.66421
2025-12-18 16:28:49.724904500,131.25,131.92,0.67,739,131.464,0.893137,0.29414
2025-12-18 16:28:49.733870600,130.963,131.963,1,0,131.463,0.886966,0.787685
2025-12-18 16:28:49.741596800,130.961,131.961,1,0,131.461,0.881155,1.13709
2025-12-18 16:28:49.750278800,130.959,131.959,1,0,131.459,0.875729,0.698909
2025-12-18 16:28:49.758159200,130.958,131.958,1,0,131.458,0.870707,0.877365
2025-12-18 16:28:49.766841000,130.956,131.956,1,0,131.456,0.866105,0.650687
2025-12-18 16:28:49.774714500,130.955,131.955,1,0,131.455,0.861935,0.420953
2025-12-18 16:28:49.782487500,130.953,131.953,1,0,131.453,0.858201,0.589974
2025-12-18 16:28:49.789888100,130.951,131.951,1,0,131.451,0.854905,0.556958
2025-12-18 16:28:49.799056500,130.95,131.95,1,0,131.45,0.852041,0.818846
2025-12-18 16:28:49.806778800,131.36,131.58,0.22,794,131.448,0.849693,0.209841
2025-12-18 16:28:49.815299300,131.07,131.44,0.37,821,131.447,0.847381,0.340487
2025-12-18 16:28:49.823224700,130.945,131.945,1,0,131.445,0.845779,0.372617
2025-12-18 16:28:49.832190800,131.51,131.69,0.18,396,131.443,0.845316,0.38043
2025-12-18 16:28:49.840857700,130.942,131.942,1,0,131.442,0.844365,0.579401
2025-12-18 16:28:49.849739000,131.23,131.62,0.39,825,131.44,0.843668,0.420404
2025-12-18 16:28:49.857861100,131.52,131.76,0.24,516,131.438,0.84423,0.431835
2025-12-18 16:28:49.865964300,130.937,131.937,1,0,131.437,0.844004,0.290108
2025-12-18 16:28:49.874054600,131.6,131.63,0.03,1066,131.435,0.844681,0.217995
2025-12-18 16:28:49.881350700,130.934,131.934,1,0,131.434,0.844702,0.942355
2025-12-18 16:28:49.891077700,131.07,131.47,0.4,583,131.432,0.844783,0.343441
2025-12-18 16:28:49.901702600,130.93,131.93,1,0,131.43,0.844832,0.276497
2025-12-18 16:28:49.909692300,131.2,131.72,0.52,460,131.429,0.844855,0.484032
2025-12-18 16:28:49.922615100,131.59,131.71,0.12,600,131.427,0.845613,0.390564
2025-12-18 16:28:49.936816200,130.927,131.927,1,0,131.427,0.845407,0.371969
2025-12-18 16:28:49.951256500,130.954,131.954,1,0,131.454,0.845259,0.202941
2025-12-18 16:28:49.963318300,131.55,131.68,0.13,1043,131.482,0.845799,0.222938
2025-12-18 16:28:49.971414500,131.54,131.95,0.41,699,131.509,0.847319,0.95975
2025-12-18 16:28:49.981981900,131.036,132.036,1,0,131.536,0.847452,0.164552
2025-12-18 16:28:49.993210500,131.52,131.59,0.07,638,131.563,0.847672,0.157128
2025-12-18 16:28:50.004474700,131.23,131.25,0.02,1097,131.59,0.847484,0.282365
2025-12-18 16:28:50.015815700,131.6,131.95,0.35,1474,131.617,0.848659,0.859597
2025-12-18 16:28:50.023293000,131.144,132.144,1,0,131.644,0.849395,0.538784
2025-12-18 16:28:50.033687800,131.172,132.172,1,0,131.672,0.850482,0.535828
2025-12-18 16:28:50.041762800,131.199,132.199,1,0,131.699,0.851577,0.575493
2025-12-18 16:28:50.050156200,131.226,132.226,1,0,131.726,0.852402,0.689887
2025-12-18 16:28:50.059360600,131.253,132.253,1,0,131.753,0.853854,0.916139
2025-12-18 16:28:50.067126900,131.28,132.28,1,0,131.78,0.853569,0.553203
2025-12-18 16:28:50.075075300,131.307,132.307,1,0,131.807,0.85546,0.947667
2025-12-18 16:28:50.086441200,131.334,132.334,1,0,131.834,0.85756,0.627249
2025-12-18 16:28:50.094968600,131.362,132.362,1,0,131.862,0.859847,1.164
2025-12-18 16:28:50.104823400,131.389,132.389,1,0,131.889,0.862347,0.363119
2025-12-18 16:28:50.112617600,131.416,132.416,1,0,131.916,0.863983,0.755417
2025-12-18 16:28:50.122401600,131.443,132.443,1,0,131.943,0.866831,0.633087
2025-12-18 16:28:50.133998900,131.47,132.47,1,0,131.97,0.869879,0.317215
2025-12-18 16:28:50.141703000,131.497,132.497,1,0,131.997,0.873124,0.525981
2025-12-18 16:28:50.149596700,131.524,132.524,1,0,132.024,0.876382,0.810137
2025-12-18 16:28:50.156982100,131.552,132.552,1,0,132.052,0.880034,0.870563
2025-12-18 16:28:50.166819000,131.579,132.579,1,0,132.079,0.882439,0.846513
2025-12-18 16:28:50.174157700,131.606,132.606,1,0,132.106,0.225324,0.519709
2025-12-18 16:28:50.183801400,131.633,132.633,1,0,132.133,0.236071,0.536925
2025-12-18 16:28:50.191179600,131.66,132.66,1,0,132.16,0.245694,0.424851
2025-12-18 16:28:50.199629800,131.687,132.687,1,0,132.187,0.255244,0.54452
2025-12-18 16:28:50.206956500,131.714,132.714,1,0,132.214,0.264691,0.935705
2025-12-18 16:28:50.214838700,131.741,132.741,1,0,132.241,0.274004,0.429703
2025-12-18 16:28:50.222160600,131.769,132.769,1,0,132.269,0.283153,0.34884
2025-12-18 16:28:50.231996500,131.796,132.796,1,0,132.296,0.292106,0.3857
2025-12-18 16:28:50.241007000,131.823,132.823,1,0,132.323,0.300835,0.877754
2025-12-18 16:28:50.251252200,131.85,132.85,1,0,132.35,0.309308,0.395058
2025-12-18 16:28:50.261589200,131.877,132.877,1,0,132.377,0.317494,0.625524
2025-12-18 16:28:50.273478700,131.904,132.904,1,0,132.404,0.325824,0.73623
2025-12-18 16:28:50.284591200,131.931,132.931,1,0,132.431,0.327866,1.35765
2025-12-18 16:28:50.294699600,131.959,132.959,1,0,132.459,0.3349,0.428623
2025-12-18 16:28:50.304238700,131.986,132.986,1,0,132.486,0.344655,0.542144
2025-12-18 16:28:50.313820600,132.013,133.013,1,0,132.513,0.350936,0.373043
2025-12-18 16:28:50.325550300,132.04,133.04,1,0,132.54,0.356316,0.749813
2025-12-18 16:28:50.336884100,132.067,133.067,1,0,132.567,0.365866,0.345939
2025-12-18 16:28:50.348173800,132.094,133.094,1,0,132.594,0.370713,0.670721
2025-12-18 16:28:50.359931100,132.121,133.121,1,0,132.621,0.379201,0.32252
2025-12-18 16:28:50.370716500,132.149,133.149,1,0,132.649,0.382951,1.43793
2025-12-18 16:28:50.380204500,132.176,133.176,1,0,132.676,0.380323,0.654535
2025-12-18 16:28:50.388558100,132.203,133.203,1,0,132.703,0.382415,0.430995
2025-12-18 16:28:50.398730200,132.23,133.23,1,0,132.73,0.384684,0.890236
2025-12-18 16:28:50.410332700,132.257,133.257,1,0,132.757,0.391478,0.661683
2025-12-18 16:28:50.422159200,132.257,133.257,1,0,132.757,0.390342,0.45799
2025-12-18 16:28:50.432174200,132.281,133.281,1,0,132.781,0.389129,0.825798
2025-12-18 16:28:50.442925600,132.305,133.305,1,0,132.805,0.392125,0.564884
2025-12-18 16:28:50.453601700,132.328,133.328,1,0,132.828,0.397793,0.472796
2025-12-18 16:28:50.463981200,132.352,133.352,1,0,132.852,0.396905,1.13294
2025-12-18 16:28:50.472931800,132.376,133.376,1,0,132.876,0.395683,0.416821
2025-12-18 16:28:50.481722400,132.4,133.4,1,0,132.9,0.379081,0.735239
2025-12-18 16:28:50.492765600,132.423,133.423,1,0,132.923,0.38255,0.666717
2025-12-18 16:28:50.502961000,132.447,133.447,1,0,132.947,0.381155,0.712271
2025-12-18 16:28:50.513939200,132.471,133.471,1,0,132.971,0.379719,0.91602
2025-12-18 16:28:50.524647800,132.494,133.494,1,0,132.994,0.378245,1.1887
2025-12-18 16:28:50.535357200,132.518,133.518,1,0,133.018,0.376739,0.911775
2025-12-18 16:28:50.546106300,132.542,133.542,1,0,133.042,0.375205,0.573804
2025-12-18 16:28:50.556239400,132.566,133.566,1,0,133.066,0.373647,0.849752
2025-12-18 16:28:50.567299600,132.589,133.589,1,0,133.089,0.37207,0.645727
2025-12-18 16:28:50.577566000,132.613,133.613,1,0,133.113,0.370478,0.441462
2025-12-18 16:28:50.589054100,132.637,133.637,1,0,133.137,0.368876,0.420555
2025-12-18 16:28:50.602218200,132.66,133.66,1,0,133.16,0.367269,0.642058
2025-12-18 16:28:50.611922000,132.684,133.684,1,0,133.184,0.365662,0.60328
2025-12-18 16:28:50.623856700,132.708,133.708,1,0,133.208,0.364058,0.994629
2025-12-18 16:28:50.633146800,132.732,133.732,1,0,133.232,0.362463,0.973668
2025-12-18 16:28:50.641037500,132.755,133.755,1,0,133.255,0.360882,0.664915
2025-12-18 16:28:50.650443800,132.779,133.779,1,0,133.279,0.35932,0.454323
2025-12-18 16:28:50.659159300,132.803,133.803,1,0,133.303,0.357781,0.681452
2025-12-18 16:28:50.667326900,132.827,133.827,1,0,133.327,0.356271,0.467379
2025-12-18 16:28:50.676705100,132.85,133.85,1,0,133.35,0.354794,0.538195
2025-12-18 16:28:50.685722600,132.874,133.874,1,0,133.374,0.353355,0.29902
2025-12-18 16:28:50.694710000,132.898,133.898,1,0,133.398,0.35196,0.555803
2025-12-18 16:28:50.702767400,132.921,133.921,1,0,133.421,0.350613,0.701036
2025-12-18 16:28:50.712422800,132.945,133.945,1,0,133.445,0.349321,0.560217
2025-12-18 16:28:50.721862900,132.969,133.969,1,0,133.469,0.348086,0.950079
2025-12-18 16:28:50.730465400,132.993,133.993,1,0,133.493,0.346916,0.274106
2025-12-18 16:28:50.737975100,133.016,134.016,1,0,133.516,0.345815,0.666325
2025-12-18 16:28:50.747933300,133.04,134.04,1,0,133.54,0.344788,0.493335
2025-12-18 16:28:50.756214000,133.064,134.064,1,0,133.564,0.34384,1.05756
2025-12-18 16:28:50.764971200,133.088,134.088,1,0,133.588,0.342977,0.354814
2025-12-18 16:28:50.773805600,133.111,134.111,1,0,133.611,0.342203,0.533629
2025-12-18 16:28:50.782213500,133.135,134.135,1,0,133.635,0.341522,0.498165
2025-12-18 16:28:50.790234500,133.159,134.159,1,0,133.659,0.340941,0.366422
2025-12-18 16:28:50.802971500,133.182,134.182,1,0,133.682,0.340464,0.503471
2025-12-18 16:28:50.810444700,133.206,134.206,1,0,133.706,0.340095,0.630193
2025-12-18 16:28:50.819366500,133.23,134.23,1,0,133.73,0.339839,0.774856
2025-12-18 16:28:50.827518900,133.254,134.254,1,0,133.754,0.3397,0.694551
2025-12-18 16:28:50.835439600,133.277,134.277,1,0,133.777,0.339682,0.454726
2025-12-18 16:28:50.842812200,133.301,134.301,1,0,133.801,0.339791,0.702205
2025-12-18 16:28:50.851425900,133.325,134.325,1,0,133.825,0.340028,0.665815
2025-12-18 16:28:50.858913800,133.348,134.348,1,0,133.848,0.340399,0.473655
2025-12-18 16:28:50.866634700,133.372,134.372,1,0,133.872,0.340907,0.529795
2025-12-18 16:28:50.874007100,133.396,134.396,1,0,133.896,0.341554,0.645714
2025-12-18 16:28:50.883095500,133.42,134.42,1,0,133.92,0.342344,1.26533
2025-12-18 16:28:50.890362000,133.42,134.42,1,0,133.92,0.341554,0.367767
2025-12-18 16:28:50.899302900,133.405,134.405,1,0,133.905,0.339576,0.637466
2025-12-18 16:28:50.906451600,133.39,134.39,1,0,133.89,0.336523,0.592336
2025-12-18 16:28:50.914533900,133.64,133.8,0.16,890,133.876,0.328988,0.206198
2025-12-18 16:28:50.921762200,133.361,134.361,1,0,133.861,0.324215,0.400288
2025-12-18 16:28:50.930251200,133.57,134.05,0.48,622,133.846,0.317795,0.434963
2025-12-18 16:28:50.937518300,133.332,134.332,1,0,133.832,0.311497,0.679
2025-12-18 16:28:50.945678100,133.83,133.89,0.06,472,133.817,0.305489,0.232723
2025-12-18 16:28:50.953125000,133.43,133.7,0.27,626,133.802,0.295196,0.289801
2025-12-18 16:28:50.961246100,133.288,134.288,1,0,133.788,0.287268,0.753333
2025-12-18 16:28:50.968927400,133.65,133.96,0.31,811,133.773,0.279429,0.335448
2025-12-18 16:28:50.977604800,133.83,134.11,0.28,564,133.758,0.275292,0.46285
2025-12-18 16:28:50.985786700,133.31,133.79,0.48,905,133.744,0.265022,0.342372
2025-12-18 16:28:50.995153700,133.229,134.229,1,0,133.729,0.255675,0.371488
2025-12-18 16:28:51.002664100,133.43,133.79,0.36,559,133.714,0.245585,0.466439
2025-12-18 16:28:51.011500100,133.199,134.199,1,0,133.699,0.235974,0.932768
2025-12-18 16:28:51.018874600,134,134.13,0.13,444,133.685,0.234566,0.823785
2025-12-18 16:28:51.026776800,133.17,134.17,1,0,133.67,0.224903,0.413488
2025-12-18 16:28:51.034406100,133.155,134.155,1,0,133.655,0.215353,0.552751
2025-12-18 16:28:51.042677400,133.141,134.141,1,0,133.641,0.206001,0.52903
2025-12-18 16:28:51.051218300,133.126,134.126,1,0,133.626,0.196942,0.532013
2025-12-18 16:28:51.058696200,133.111,134.111,1,0,133.611,0.188279,0.776698
2025-12-18 16:28:51.067144700,133.097,134.097,1,0,133.597,0.180121,0.595699
2025-12-18 16:28:51.075018700,133.082,134.082,1,0,133.582,0.172584,0.359925
2025-12-18 16:28:51.082778200,133.067,134.067,1,0,133.567,0.165789,0.558726
2025-12-18 16:28:51.090712800,133.053,134.053,1,0,133.553,0.159856,0.283697
2025-12-18 16:28:51.099961000,133.038,134.038,1,0,133.538,0.154901,0.828754
2025-12-18 16:28:51.107598900,133.023,134.023,1,0,133.523,0.151022,0.616296
2025-12-18 16:28:51.117818500,133.009,134.009,1,0,133.509,0.148297,0.721756
2025-12-18 16:28:51.125088500,132.994,133.994,1,0,133.494,0.14677,1.12108
2025-12-18 16:28:51.133719500,132.979,133.979,1,0,133.479,0.146446,0.346698
2025-12-18 16:28:51.142155300,132.965,133.965,1,0,133.465,0.14729,0.623319
2025-12-18 16:28:51.153271600,132.95,133.95,1,0,133.45,0.149227,0.406691
2025-12-18 16:28:51.161643700,132.935,133.935,1,0,133.435,0.152149,0.377985
2025-12-18 16:28:51.170744800,132.921,133.921,1,0,133.421,0.155925,0.840025
2025-12-18 16:28:51.179422600,132.906,133.906,1,0,133.406,0.160411,0.64073
2025-12-18 16:28:51.186807200,132.891,133.891,1,0,133.391,0.165456,0.81719
2025-12-18 16:28:51.197853300,132.877,133.877,1,0,133.377,0.170911,0.626268
2025-12-18 16:28:51.210219400,132.862,133.862,1,0,133.362,0.176632,0.567893
2025-12-18 16:28:51.218563400,132.847,133.847,1,0,133.347,0.18248,0.677549
2025-12-18 16:28:51.228516800,132.833,133.833,1,0,133.333,0.188324,0.447101
2025-12-18 16:28:51.236127700,132.818,133.818,1,0,133.318,0.194041,0.910905
2025-12-18 16:28:51.246283000,132.803,133.803,1,0,133.303,0.199512,0.314873
2025-12-18 16:28:51.254813200,132.789,133.789,1,0,133.289,0.204621,0.607917
2025-12-18 16:28:51.263269300,132.774,133.774,1,0,133.274,0.209253,0.91588
2025-12-18 16:28:51.271615000,132.759,133.759,1,0,133.259,0.213294,0.501822
2025-12-18 16:28:51.280743500,132.745,133.745,1,0,133.245,0.216624,0.578553
2025-12-18 16:28:51.289360300,132.73,133.73,1,0,133.23,0.219117,0.866269
2025-12-18 16:28:51.297559100,132.715,133.715,1,0,133.215,0.220635,0.572664
2025-12-18 16:28:51.305936700,132.701,133.701,1,0,133.201,0.221026,0.383072
2025-12-18 16:28:51.314481800,132.701,133.701,1,0,133.201,0.22048,0.824785
2025-12-18 16:28:51.323091300,132.702,133.702,1,0,133.202,0.219465,0.654231
2025-12-18 16:28:51.331335200,133.28,133.34,0.06,701,133.203,0.215435,0.19669
2025-12-18 16:28:51.338591600,132.704,133.704,1,0,133.204,0.217892,0.383612
2025-12-18 16:28:51.346015300,133.28,133.39,0.11,445,133.205,0.213271,0.254932
2025-12-18 16:28:51.355769000,132.707,133.707,1,0,133.207,0.212346,0.389696
2025-12-18 16:28:51.365838700,132.97,133.26,0.29,518,133.208,0.212715,0.318013
2025-12-18 16:28:51.374279600,132.709,133.709,1,0,133.209,0.208423,0.343886
2025-12-18 16:28:51.382864200,132.8,133.25,0.45,440,133.21,0.216464,0.237101
2025-12-18 16:28:51.390811600,132.711,133.711,1,0,133.211,0.213384,0.495739
2025-12-18 16:28:51.399522500,133.4,133.47,0.07,756,133.213,0.206781,0.576955
2025-12-18 16:28:51.408172200,132.714,133.714,1,0,133.214,0.193902,0.237773
2025-12-18 16:28:51.418330200,132.89,133.12,0.23,554,133.215,0.201119,0.28271
2025-12-18 16:28:51.428427000,133.17,133.64,0.47,1149,133.216,0.195656,0.446469
2025-12-18 16:28:51.436128600,132.717,133.717,1,0,133.217,0.1948,0.906035
2025-12-18 16:28:51.444748700,133.31,133.33,0.02,580,133.219,0.189865,0.199143
2025-12-18 16:28:51.453245000,132.72,133.72,1,0,133.22,0.16408,0.633456
2025-12-18 16:28:51.463987900,133.18,133.27,0.09,334,133.221,0.159233,0.278158
2025-12-18 16:28:51.474857400,132.93,133.08,0.15,1052,133.222,0.160726,0.197208
2025-12-18 16:28:51.482891100,132.723,133.723,1,0,133.223,0.155757,1.15268
2025-12-18 16:28:51.491010900,133.08,133.25,0.17,919,133.225,0.151773,0.306246
2025-12-18 16:28:51.499630400,133.2,133.36,0.16,578,133.226,0.146234,0.202203
2025-12-18 16:28:51.509138900,132.727,133.727,1,0,133.227,0.141207,0.578167
2025-12-18 16:28:51.518994000,133.02,133.48,0.46,457,133.228,0.13599,0.464673
2025-12-18 16:28:51.529102600,133.01,133.04,0.03,442,133.229,0.136167,0.162008
2025-12-18 16:28:51.537619000,132.731,133.731,1,0,133.231,0.131258,0.693263
2025-12-18 16:28:51.546579500,133.02,133.09,0.07,932,133.232,0.130164,0.159327
2025-12-18 16:28:51.555312200,132.733,133.733,1,0,133.233,0.125429,0.784794
2025-12-18 16:28:51.565738000,132.734,133.734,1,0,133.234,0.120831,1.10782
2025-12-18 16:28:51.574521600,133.07,133.39,0.32,793,133.236,0.116422,0.3025
2025-12-18 16:28:51.583816000,133.33,133.53,0.2,417,133.237,0.114758,0.276675
2025-12-18 16:28:51.592102500,132.738,133.738,1,0,133.238,0.110972,0.599209
2025-12-18 16:28:51.601601400,133.13,133.19,0.06,441,133.239,0.108162,0.192074
2025-12-18 16:28:51.609369400,133.39,133.4,0.01,591,133.24,0.106912,0.220638
2025-12-18 16:28:51.618540900,132.742,133.742,1,0,133.242,0.104036,0.535356
2025-12-18 16:28:51.626130200,133.65,133.67,0.02,359,133.243,0.117166,0.485569
2025-12-18 16:28:51.639327400,132.744,133.744,1,0,133.244,0.115407,0.502195
2025-12-18 16:28:51.654422400,132.745,133.745,1,0,133.245,0.113906,0.377435
2025-12-18 16:28:51.664620400,132.746,133.746,1,0,133.246,0.112657,0.27588
2025-12-18 16:28:51.673716700,132.748,133.748,1,0,133.248,0.111651,0.320843
2025-12-18 16:28:51.684551900,132.749,133.749,1,0,133.249,0.110871,0.539878
2025-12-18 16:28:51.692216400,133.29,133.47,0.18,623,133.25,0.112099,0.263015
2025-12-18 16:28:51.700113100,133.33,133.77,0.44,500,133.251,0.119958,1.72043
2025-12-18 16:28:51.707556500,132.752,133.752,1,0,133.252,0.119798,0.319501
2025-12-18 16:28:51.715660800,132.754,133.754,1,0,133.254,0.119729,0.563599
2025-12-18 16:28:51.724740300,132.755,133.755,1,0,133.255,0.119718,0.689799
2025-12-18 16:28:51.733006800,132.98,133.18,0.2,384,133.256,0.121876,0.278551
2025-12-18 16:28:51.741230200,132.757,133.757,1,0,133.257,0.121891,0.552435
2025-12-18 16:28:51.750663100,133.29,133.63,0.34,1282,133.258,0.125641,0.388494
2025-12-18 16:28:51.758986700,132.76,133.76,1,0,133.26,0.125493,0.441567
2025-12-18 16:28:51.767447900,133.08,133.09,0.01,340,133.26,0.127366,0.184006
2025-12-18 16:28:51.775792700,132.812,133.812,1,0,133.312,0.127566,0.967168
2025-12-18 16:28:51.784673100,133.39,133.57,0.18,887,133.364,0.131425,0.569151
2025-12-18 16:28:51.795214300,133.34,146.969,13.629,458,133.416,0.97541,11.5253
2025-12-18 16:28:51.804854300,132.969,133.969,1,0,133.469,0.975442,0.203728
2025-12-18 16:28:51.814628700,133.021,134.021,1,0,133.521,0.975244,0.581761
2025-12-18 16:28:51.826016200,133.073,134.073,1,0,133.573,0.974697,0.722469
2025-12-18 16:28:51.836134200,133.126,134.126,1,0,133.626,0.97475,0.881293
2025-12-18 16:28:51.846422000,133.178,134.178,1,0,133.678,0.973808,0.30921
2025-12-18 16:28:51.858222300,133.23,134.23,1,0,133.73,0.974205,0.601696
2025-12-18 16:28:51.869969600,133.282,134.282,1,0,133.782,0.975392,0.306987
2025-12-18 16:28:51.880024200,133.335,134.335,1,0,133.835,0.976314,0.528121
2025-12-18 16:28:51.891674300,133.387,134.387,1,0,133.887,0.975937,2.66617
2025-12-18 16:28:51.902371700,133.439,134.439,1,0,133.939,0.978027,0.715998
2025-12-18 16:28:51.914325300,133.491,134.491,1,0,133.991,0.979772,0.400275
2025-12-18 16:28:51.926389700,133.544,134.544,1,0,134.044,0.982322,0.965472
2025-12-18 16:28:51.937287200,133.596,134.596,1,0,134.096,0.98469,0.581232
2025-12-18 16:28:51.946606000,133.648,134.648,1,0,134.148,0.987379,0.359439
2025-12-18 16:28:51.953861400,133.701,134.701,1,0,134.201,0.988312,0.705723
2025-12-18 16:28:51.962677700,133.753,134.753,1,0,134.253,0.991467,0.867004
2025-12-18 16:28:51.972144500,133.805,134.805,1,0,134.305,0.994381,0.52306
2025-12-18 16:28:51.981663700,133.857,134.857,1,0,134.357,0.998454,0.366174
2025-12-18 16:28:51.994288200,133.91,134.91,1,0,134.41,1.00236,0.745649
2025-12-18 16:28:52.004155200,133.962,134.962,1,0,134.462,1.00669,0.391433
2025-12-18 16:28:52.013326700,134.014,135.014,1,0,134.514,1.00863,0.351728
2025-12-18 16:28:52.021772600,134.066,135.066,1,0,134.566,1.01303,0.540204
2025-12-18 16:28:52.029412800,134.119,135.119,1,0,134.619,1.01536,0.724598
2025-12-18 16:28:52.038056200,134.171,135.171,1,0,134.671,1.01991,0.384314
2025-12-18 16:28:52.046574000,134.223,135.223,1,0,134.723,1.02452,0.551066
2025-12-18 16:28:52.054501200,134.276,135.276,1,0,134.776,1.0291,0.882647
2025-12-18 16:28:52.062439400,134.328,135.328,1,0,134.828,1.03583,0.452888
2025-12-18 16:28:52.070650000,134.38,135.38,1,0,134.88,1.04053,0.717421
2025-12-18 16:28:52.078346900,134.432,135.432,1,0,134.932,1.04398,0.7261
2025-12-18 16:28:52.085998200,134.485,135.485,1,0,134.985,1.0504,0.874648
2025-12-18 16:28:52.093667200,134.537,135.537,1,0,135.037,1.05473,0.917749
2025-12-18 16:28:52.102436700,134.589,135.589,1,0,135.089,1.06364,0.781075
2025-12-18 16:28:52.109836900,134.641,135.641,1,0,135.141,1.06773,0.40562
2025-12-18 16:28:52.119499500,134.694,135.694,1,0,135.194,1.0715,0.983002
2025-12-18 16:28:52.128998900,134.746,135.746,1,0,135.246,1.07487,0.382081
2025-12-18 16:28:52.137078700,134.798,135.798,1,0,135.298,1.07779,0.392922
2025-12-18 16:28:52.144585800,134.851,135.851,1,0,135.351,1.08021,0.381859
2025-12-18 16:28:52.154579800,134.903,135.903,1,0,135.403,1.08441,1.24939
2025-12-18 16:28:52.170931900,134.955,135.955,1,0,135.455,1.09087,0.4633
2025-12-18 16:28:52.181060300,135.007,136.007,1,0,135.507,1.0917,0.454792
2025-12-18 16:28:52.188451100,135.06,136.06,1,0,135.56,1.09175,0.975655
2025-12-18 16:28:52.196811600,135.112,136.112,1,0,135.612,1.09094,0.573643
2025-12-18 16:28:52.204291000,135.164,136.164,1,0,135.664,1.08479,0.380623
2025-12-18 16:28:52.215626200,135.216,136.216,1,0,135.716,1.08184,0.358766
2025-12-18 16:28:52.224879200,135.269,136.269,1,0,135.769,1.08247,0.669074
2025-12-18 16:28:52.234160900,135.321,136.321,1,0,135.821,1.07735,0.867609
2025-12-18 16:28:52.242072300,135.321,136.321,1,0,135.821,1.06466,0.422713
2025-12-18 16:28:52.251257900,135.386,136.386,1,0,135.886,1.05712,0.863809
2025-12-18 16:28:52.260332800,135.451,136.451,1,0,135.951,1.05295,1.06202
2025-12-18 16:28:52.268536600,135.516,136.516,1,0,136.016,0.750277,1.08118
2025-12-18 16:28:52.276025500,135.582,136.582,1,0,136.082,0.750433,0.531945
2025-12-18 16:28:52.285865100,135.647,136.647,1,0,136.147,0.751032,0.565576
2025-12-18 16:28:52.296502300,135.712,136.712,1,0,136.212,0.752059,0.44905
2025-12-18 16:28:52.305406900,135.777,136.777,1,0,136.277,0.753498,0.599203
2025-12-18 16:28:52.315043100,135.842,136.842,1,0,136.342,0.755333,0.69929
2025-12-18 16:28:52.325122600,135.907,136.907,1,0,136.407,0.757547,0.560261
2025-12-18 16:28:52.335574900,135.972,136.972,1,0,136.472,0.760121,0.328595
2025-12-18 16:28:52.350494100,136.038,137.038,1,0,136.538,0.763037,0.479257
2025-12-18 16:28:52.359769500,136.103,137.103,1,0,136.603,0.766277,0.938177
2025-12-18 16:28:52.369129200,136.168,137.168,1,0,136.668,0.76982,0.713855
2025-12-18 16:28:52.377468000,136.233,137.233,1,0,136.733,0.773647,0.981143
2025-12-18 16:28:52.387827300,136.298,137.298,1,0,136.798,0.777739,1.10365
2025-12-18 16:28:52.398263600,136.363,137.363,1,0,136.863,0.782075,0.540717
2025-12-18 16:28:52.408738800,136.428,137.428,1,0,136.928,0.786636,0.512101
2025-12-18 16:28:52.417445800,136.493,137.493,1,0,136.993,0.791402,0.41788
2025-12-18 16:28:52.426523400,136.559,137.559,1,0,137.059,0.796352,0.530441
2025-12-18 16:28:52.435597400,136.624,137.624,1,0,137.124,0.801468,0.93685
2025-12-18 16:28:52.446826900,136.689,137.689,1,0,137.189,0.806729,0.417638
2025-12-18 16:28:52.459754100,136.754,137.754,1,0,137.254,0.812116,0.816437
2025-12-18 16:28:52.471541500,136.819,137.819,1,0,137.319,0.817609,0.819437
2025-12-18 16:28:52.483630300,136.884,137.884,1,0,137.384,0.82319,0.349181
2025-12-18 16:28:52.496636400,136.949,137.949,1,0,137.449,0.82884,0.641541
2025-12-18 16:28:52.509140700,137.015,138.015,1,0,137.515,0.83454,0.696076
2025-12-18 16:28:52.521893600,137.08,138.08,1,0,137.58,0.840273,1.06296
2025-12-18 16:28:52.536668900,137.145,138.145,1,0,137.645,0.846019,0.643741
2025-12-18 16:28:52.549377700,137.21,138.21,1,0,137.71,0.851762,0.415142
2025-12-18 16:28:52.561569900,137.275,138.275,1,0,137.775,0.857483,0.324607
2025-12-18 16:28:52.573507600,137.34,138.34,1,0,137.84,0.863166,0.630387
2025-12-18 16:28:52.585490500,137.405,138.405,1,0,137.905,0.868793,0.736388
2025-12-18 16:28:52.597916400,137.471,138.471,1,0,137.971,0.874348,0.574982
2025-12-18 16:28:52.609915500,137.536,138.536,1,0,138.036,0.879813,0.887523
2025-12-18 16:28:52.622550700,137.601,138.601,1,0,138.101,0.885173,0.710105
2025-12-18 16:28:52.634856500,137.666,138.666,1,0,138.166,0.890411,0.492971
2025-12-18 16:28:52.647170600,137.731,138.731,1,0,138.231,0.89551,0.925557
2025-12-18 16:28:52.659254700,137.796,138.796,1,0,138.296,0.900455,0.353058
2025-12-18 16:28:52.671098700,137.861,138.861,1,0,138.361,0.905229,0.404901
2025-12-18 16:28:52.682528700,137.927,138.927,1,0,138.427,0.909816,0.334098
2025-12-18 16:28:52.695072700,137.992,138.992,1,0,138.492,0.914201,0.504149
2025-12-18 16:28:52.707403700,138.057,139.057,1,0,138.557,0.918367,0.721095
2025-12-18 16:28:52.719121400,138.122,139.122,1,0,138.622,0.922297,0.777109
2025-12-18 16:28:52.730635300,138.187,139.187,1,0,138.687,0.925976,0.892659
2025-12-18 16:28:52.742891300,138.252,139.252,1,0,138.752,0.929387,0.593903
2025-12-18 16:28:52.755489500,138.317,139.317,1,0,138.817,0.932513,0.358793
2025-12-18 16:28:52.767523400,138.383,139.383,1,0,138.883,0.935338,0.588329
2025-12-18 16:28:52.780547900,138.448,139.448,1,0,138.948,0.937844,0.430325
2025-12-18 16:28:52.792517800,138.513,139.513,1,0,139.013,0.940015,0.486754
2025-12-18 16:28:52.804042800,138.513,139.513,1,0,139.013,0.937844,0.690709
2025-12-18 16:28:52.815544400,138.541,139.541,1,0,139.041,0.934572,0.65319
2025-12-18 16:28:52.827522700,138.57,139.57,1,0,139.07,0.930262,0.341442
2025-12-18 16:28:52.840113600,138.598,139.598,1,0,139.098,0.924972,0.602887
2025-12-18 16:28:52.853705100,138.627,139.627,1,0,139.127,0.918759,0.828048
2025-12-18 16:28:52.867258600,138.656,139.656,1,0,139.156,0.911676,0.664024
2025-12-18 16:28:52.879201400,138.684,139.684,1,0,139.184,0.903772,0.549739
2025-12-18 16:28:52.892920100,138.713,139.713,1,0,139.213,0.895094,0.663695
2025-12-18 16:28:52.903695200,138.741,139.741,1,0,139.241,0.885688,0.561322
2025-12-18 16:28:52.911632700,138.77,139.77,1,0,139.27,0.875598,0.488244
2025-12-18 16:28:52.920273000,138.798,139.798,1,0,139.298,0.864866,0.597429
2025-12-18 16:28:52.928451100,138.827,139.827,1,0,139.327,0.853532,0.513549
2025-12-18 16:28:52.937292900,138.855,139.855,1,0,139.355,0.841637,0.79355
2025-12-18 16:28:52.944956500,138.884,139.884,1,0,139.384,0.829218,0.602072
2025-12-18 16:28:52.952742600,138.912,139.912,1,0,139.412,0.816316,0.852117
2025-12-18 16:28:52.961008300,138.941,139.941,1,0,139.441,0.802966,0.451074
2025-12-18 16:28:52.968289100,138.97,139.97,1,0,139.47,0.789207,0.398925
2025-12-18 16:28:52.976152400,138.998,139.998,1,0,139.498,0.775077,0.61438
2025-12-18 16:28:52.984482700,139.027,140.027,1,0,139.527,0.760612,0.367034
2025-12-18 16:28:52.992949500,139.055,140.055,1,0,139.555,0.74585,0.829946
2025-12-18 16:28:53.000767100,139.084,140.084,1,0,139.584,0.73083,1.00672
2025-12-18 16:28:53.009449900,139.112,140.112,1,0,139.612,0.715591,0.418163
2025-12-18 16:28:53.017122500,139.141,140.141,1,0,139.641,0.700172,0.530376
2025-12-18 16:28:53.025300500,139.169,140.169,1,0,139.669,0.684613,0.554679
2025-12-18 16:28:53.033290700,139.198,140.198,1,0,139.698,0.668958,1.15041
2025-12-18 16:28:53.041194300,139.227,140.227,1,0,139.727,0.65325,0.847444
2025-12-18 16:28:53.049127200,139.255,140.255,1,0,139.755,0.637533,0.66427
2025-12-18 16:28:53.057353500,139.284,140.284,1,0,139.784,0.621856,0.963818
2025-12-18 16:28:53.065780600,139.312,140.312,1,0,139.812,0.606267,0.477023
2025-12-18 16:28:53.077290900,139.341,140.341,1,0,139.841,0.59082,0.316542
2025-12-18 16:28:53.087473800,139.369,140.369,1,0,139.869,0.575568,0.426743
2025-12-18 16:28:53.095339500,139.398,140.398,1,0,139.898,0.56057,0.364875
2025-12-18 16:28:53.103671900,139.426,140.426,1,0,139.926,0.545886,0.645695
2025-12-18 16:28:53.114000200,139.455,140.455,1,0,139.955,0.53158,1.37675
2025-12-18 16:28:53.125000300,139.483,140.483,1,0,139.983,0.51772,0.65568
2025-12-18 16:28:53.136007300,139.512,140.512,1,0,140.012,0.504375,0.610693
2025-12-18 16:28:53.147774300,139.541,140.541,1,0,140.041,0.491619,0.426477
2025-12-18 16:28:53.158820200,139.569,140.569,1,0,140.069,0.479529,0.894034
2025-12-18 16:28:53.168028200,139.598,140.598,1,0,140.098,0.46818,0.868763
2025-12-18 16:28:53.176790700,139.626,140.626,1,0,140.126,0.457652,0.975217
2025-12-18 16:28:53.186813700,139.655,140.655,1,0,140.155,0.448021,1.51478
2025-12-18 16:28:53.195013800,139.683,140.683,1,0,140.183,0.439365,0.34519
2025-12-18 16:28:53.203151200,139.712,140.712,1,0,140.212,0.431755,0.632762
2025-12-18 16:28:53.211609700,139.74,140.74,1,0,140.24,0.425256,0.779502
2025-12-18 16:28:53.221141100,139.769,140.769,1,0,140.269,0.419926,0.843841
2025-12-18 16:28:53.228868000,139.798,140.798,1,0,140.298,0.415812,0.857335
2025-12-18 16:28:53.238206900,139.826,140.826,1,0,140.326,0.41295,0.870123
2025-12-18 16:28:53.247512200,139.855,140.855,1,0,140.355,0.411358,0.592394
2025-12-18 16:28:53.258297000,139.883,140.883,1,0,140.383,0.411043,0.527811
2025-12-18 16:28:53.267271400,139.912,140.912,1,0,140.412,0.411994,1.0764
2025-12-18 16:28:53.274754300,139.912,140.912,1,0,140.412,0.411043,0.535175
2025-12-18 16:28:53.283864300,139.898,140.898,1,0,140.398,0.408792,0.310557
2025-12-18 16:28:53.292444100,139.885,140.885,1,0,140.385,0.405356,0.379187
2025-12-18 16:28:53.304100200,140.21,140.24,0.03,808,140.371,0.397315,0.208711
2025-12-18 16:28:53.320011800,139.858,140.858,1,0,140.358,0.391945,0.481506
2025-12-18 16:28:53.332579900,139.97,140.24,0.27,509,140.344,0.381135,0.294759
2025-12-18 16:28:53.343458600,139.831,140.831,1,0,140.331,0.374225,0.711717
2025-12-18 16:28:53.355310800,140.51,140.57,0.06,749,140.317,0.372825,0.311834
2025-12-18 16:28:53.368673100,139.89,140.41,0.52,848,140.304,0.3618,0.258499
2025-12-18 16:28:53.379441700,139.79,140.79,1,0,140.29,0.352798,0.28032
2025-12-18 16:28:53.392328600,140,140.19,0.19,612,140.277,0.34089,0.289127
2025-12-18 16:28:53.404582100,139.764,140.764,1,0,140.264,0.330963,0.347165
2025-12-18 16:28:53.417701500,139.99,140.44,0.45,669,140.25,0.320086,0.527256
2025-12-18 16:28:53.429396500,140.31,140.32,0.01,437,140.237,0.310663,0.930941
2025-12-18 16:28:53.443086900,139.86,140.43,0.57,873,140.223,0.298791,0.290457
2025-12-18 16:28:53.455975400,139.71,140.71,1,0,140.21,0.287498,0.573833
2025-12-18 16:28:53.468327100,139.91,140.04,0.13,467,140.196,0.275609,0.193831
2025-12-18 16:28:53.481475800,139.683,140.683,1,0,140.183,0.2642,0.569988
2025-12-18 16:28:53.492140600,140.22,140.49,0.27,1082,140.169,0.255294,0.274287
2025-12-18 16:28:53.501963100,139.656,140.656,1,0,140.156,0.243779,0.533416
2025-12-18 16:28:53.510830000,140.27,140.33,0.06,588,140.142,0.233819,0.228453
2025-12-18 16:28:53.520108300,139.629,140.629,1,0,140.129,0.222516,0.391825
2025-12-18 16:28:53.529338700,139.615,140.615,1,0,140.115,0.211494,0.808232
2025-12-18 16:28:53.540459900,139.602,140.602,1,0,140.102,0.200856,0.306575
2025-12-18 16:28:53.551068200,139.588,140.588,1,0,140.088,0.190715,0.571061
2025-12-18 16:28:53.560296600,139.575,140.575,1,0,140.075,0.181193,0.591633
2025-12-18 16:28:53.570320900,139.561,140.561,1,0,140.061,0.17242,0.980459
2025-12-18 16:28:53.579821600,139.548,140.548,1,0,140.048,0.164533,0.396985
2025-12-18 16:28:53.588399300,139.535,140.535,1,0,140.035,0.15767,0.326432
2025-12-18 16:28:53.597796800,139.521,140.521,1,0,140.021,0.15196,0.400572
2025-12-18 16:28:53.607175800,139.508,140.508,1,0,140.008,0.147512,0.776101
2025-12-18 16:28:53.618573200,139.494,140.494,1,0,139.994,0.144403,0.602053
2025-12-18 16:28:53.627200600,139.481,140.481,1,0,139.981,0.142667,1.27214
2025-12-18 16:28:53.635329800,139.467,140.467,1,0,139.967,0.142284,0.586795
2025-12-18 16:28:53.644750600,139.454,140.454,1,0,139.954,0.14318,0.583298
2025-12-18 16:28:53.653391000,139.44,140.44,1,0,139.94,0.145234,1.19379
2025-12-18 16:28:53.663320500,139.427,140.427,1,0,139.927,0.148288,0.678921
2025-12-18 16:28:53.672807200,139.413,140.413,1,0,139.913,0.152162,0.598357
2025-12-18 16:28:53.681397900,139.4,140.4,1,0,139.9,0.156663,0.356678
2025-12-18 16:28:53.690618900,139.386,140.386,1,0,139.886,0.1616,0.54036
2025-12-18 16:28:53.700569100,139.373,140.373,1,0,139.873,0.166784,0.372957
2025-12-18 16:28:53.711265000,139.359,140.359,1,0,139.859,0.172038,0.596301
2025-12-18 16:28:53.722073800,139.346,140.346,1,0,139.846,0.177191,0.552501
2025-12-18 16:28:53.732815400,139.333,140.333,1,0,139.833,0.182081,0.672269
2025-12-18 16:28:53.744507800,139.319,140.319,1,0,139.819,0.186552,0.471382
2025-12-18 16:28:53.755716400,139.306,140.306,1,0,139.806,0.190446,1.67422
2025-12-18 16:28:53.767840900,139.292,140.292,1,0,139.792,0.193606,0.479595
2025-12-18 16:28:53.779479600,139.279,140.279,1,0,139.779,0.195863,0.579276
2025-12-18 16:28:53.790865600,139.265,140.265,1,0,139.765,0.197039,0.779473
2025-12-18 16:28:53.804635000,139.252,140.252,1,0,139.752,0.19693,0.85293
2025-12-18 16:28:53.816525800,139.252,140.252,1,0,139.752,0.195933,0.338582
2025-12-18 16:28:53.835166700,139.48,139.75,0.27,637,139.794,0.199561,0.222102
2025-12-18 16:28:53.847896400,139.336,140.336,1,0,139.836,0.195599,1.3151
2025-12-18 16:28:53.861448700,139.378,140.378,1,0,139.878,0.194835,1.29855
2025-12-18 16:28:53.871115100,139.421,140.421,1,0,139.921,0.189516,0.635813
2025-12-18 16:28:53.879037000,139.463,140.463,1,0,139.963,0.189256,0.51063
2025-12-18 16:28:53.886762300,139.505,140.505,1,0,140.005,0.183801,0.314581
2025-12-18 16:28:53.894425700,139.547,140.547,1,0,140.047,0.167533,0.499429
2025-12-18 16:28:53.902843300,139.589,140.589,1,0,140.089,0.166652,0.814897
2025-12-18 16:28:53.910799200,139.632,140.632,1,0,140.132,0.162499,0.786172
2025-12-18 16:28:53.918394400,139.674,140.674,1,0,140.174,0.163846,0.899239
2025-12-18 16:28:53.925761400,139.716,140.716,1,0,140.216,0.162424,0.337577
2025-12-18 16:28:53.933334400,139.758,140.758,1,0,140.258,0.163706,0.46195
2025-12-18 16:28:53.941209300,139.801,140.801,1,0,140.301,0.163154,0.349064
2025-12-18 16:28:53.948638500,139.843,140.843,1,0,140.343,0.16902,0.775792
2025-12-18 16:28:53.956259500,139.885,140.885,1,0,140.385,0.175054,0.774696
2025-12-18 16:28:53.963699100,139.927,140.927,1,0,140.427,0.184784,0.64176
2025-12-18 16:28:53.972300700,139.969,140.969,1,0,140.469,0.1942,0.724243
2025-12-18 16:28:53.980582000,140.012,141.012,1,0,140.512,0.200767,1.00022
2025-12-18 16:28:53.989028800,140.054,141.054,1,0,140.554,0.213449,0.546666
2025-12-18 16:28:53.996194500,140.096,141.096,1,0,140.596,0.224699,0.456025
2025-12-18 16:28:54.004859600,140.138,141.138,1,0,140.638,0.239777,0.349613
2025-12-18 16:28:54.012655000,140.181,141.181,1,0,140.681,0.255625,0.382474
2025-12-18 16:28:54.023301800,140.223,141.223,1,0,140.723,0.272087,0.596268
2025-12-18 16:28:54.031029500,140.265,141.265,1,0,140.765,0.289026,0.353384
2025-12-18 16:28:54.039508500,140.307,141.307,1,0,140.807,0.306318,0.471161
2025-12-18 16:28:54.046827100,140.349,141.349,1,0,140.849,0.323857,0.415979
2025-12-18 16:28:54.056148600,140.392,141.392,1,0,140.892,0.341542,0.533918
2025-12-18 16:28:54.064492100,140.434,141.434,1,0,140.934,0.359285,0.912499
2025-12-18 16:28:54.072380000,140.476,141.476,1,0,140.976,0.377004,0.484434
2025-12-18 16:28:54.080159000,140.518,141.518,1,0,141.018,0.39462,0.702778
2025-12-18 16:28:54.088713500,140.561,141.561,1,0,141.061,0.412061,0.311861
2025-12-18 16:28:54.098082200,140.603,141.603,1,0,141.103,0.429256,1.02515
2025-12-18 16:28:54.105818700,140.645,141.645,1,0,141.145,0.446139,0.92389
2025-12-18 16:28:54.114270600,140.687,141.687,1,0,141.187,0.462641,1.16341
2025-12-18 16:28:54.123217700,140.729,141.729,1,0,141.229,0.478698,0.850099
2025-12-18 16:28:54.131226200,140.772,141.772,1,0,141.272,0.494243,0.662398
2025-12-18 16:28:54.139504800,140.814,141.814,1,0,141.314,0.509209,0.538289
2025-12-18 16:28:54.147519000,140.856,141.856,1,0,141.356,0.523529,0.308313
2025-12-18 16:28:54.155696300,140.898,141.898,1,0,141.398,0.537132,0.433555
2025-12-18 16:28:54.164659600,140.94,141.94,1,0,141.44,0.549947,0.332104
2025-12-18 16:28:54.176489300,140.983,141.983,1,0,141.483,0.561897,0.550092
2025-12-18 16:28:54.190167200,141.025,142.025,1,0,141.525,0.572904,0.869131
2025-12-18 16:28:54.203346100,141.067,142.067,1,0,141.567,0.582882,0.831238
2025-12-18 16:28:54.215029900,141.109,142.109,1,0,141.609,0.591744,0.531296
2025-12-18 16:28:54.225214400,141.152,142.152,1,0,141.652,0.599391,0.563818
2025-12-18 16:28:54.234708100,141.194,142.194,1,0,141.694,0.60572,0.302474
2025-12-18 16:28:54.242890200,141.236,142.236,1,0,141.736,0.610614,0.696004
2025-12-18 16:28:54.252417000,141.278,142.278,1,0,141.778,0.613949,0.881553
2025-12-18 16:28:54.259884500,141.32,142.32,1,0,141.82,0.615582,0.304294
2025-12-18 16:28:54.269044500,141.32,142.32,1,0,141.82,0.614431,0.656139
2025-12-18 16:28:54.276717600,141.36,142.36,1,0,141.86,0.606429,0.515201
2025-12-18 16:28:54.285882200,141.4,142.4,1,0,141.9,0.604963,0.908275
2025-12-18 16:28:54.294405800,141.439,142.439,1,0,141.939,0.603474,0.397424
2025-12-18 16:28:54.305955500,141.479,142.479,1,0,141.979,0.601963,1.5545
2025-12-18 16:28:54.318911900,141.518,142.518,1,0,142.018,0.600435,0.574351
2025-12-18 16:28:54.326608500,141.558,142.558,1,0,142.058,0.598892,0.320416
2025-12-18 16:28:54.335898100,141.598,142.598,1,0,142.098,0.59734,0.549138
2025-12-18 16:28:54.347054000,141.637,142.637,1,0,142.137,0.59578,0.804914
2025-12-18 16:28:54.357563100,141.677,142.677,1,0,142.177,0.594218,0.771366
2025-12-18 16:28:54.370258400,141.717,142.717,1,0,142.217,0.592655,0.395931
2025-12-18 16:28:54.381483200,141.756,142.756,1,0,142.256,0.591096,0.657864
2025-12-18 16:28:54.392962600,141.796,142.796,1,0,142.296,0.589545,0.342518
2025-12-18 16:28:54.404880500,141.835,142.835,1,0,142.335,0.588005,0.715422
2025-12-18 16:28:54.419338700,141.875,142.875,1,0,142.375,0.586479,0.830718
2025-12-18 16:28:54.433197500,141.915,142.915,1,0,142.415,0.584973,1.06134
2025-12-18 16:28:54.445508200,141.954,142.954,1,0,142.454,0.583488,0.747752
2025-12-18 16:28:54.459558100,141.994,142.994,1,0,142.494,0.582029,0.402734
2025-12-18 16:28:54.473545000,142.033,143.033,1,0,142.533,0.5806,0.570847
2025-12-18 16:28:54.486718200,142.073,143.073,1,0,142.573,0.579205,0.299383
2025-12-18 16:28:54.500695000,142.113,143.113,1,0,142.613,0.577847,0.683264
2025-12-18 16:28:54.514667800,142.152,143.152,1,0,142.652,0.57653,0.62514
2025-12-18 16:28:54.527947800,142.192,143.192,1,0,142.692,0.575258,0.322531
2025-12-18 16:28:54.542754900,142.231,143.231,1,0,142.731,0.574035,0.742223
2025-12-18 16:28:54.556721000,142.271,143.271,1,0,142.771,0.572864,0.666361
2025-12-18 16:28:54.571265600,142.311,143.311,1,0,142.811,0.57175,0.672976
2025-12-18 16:28:54.585469900,142.35,143.35,1,0,142.85,0.570696,0.640352
2025-12-18 16:28:54.600780600,142.39,143.39,1,0,142.89,0.569707,0.635038
2025-12-18 16:28:54.611954500,142.429,143.429,1,0,142.929,0.568785,0.537712
2025-12-18 16:28:54.625118200,142.469,143.469,1,0,142.969,0.567935,0.772809
2025-12-18 16:28:54.637498900,142.509,143.509,1,0,143.009,0.567161,0.366681
2025-12-18 16:28:54.650961500,142.548,143.548,1,0,143.048,0.566466,0.517075
2025-12-18 16:28:54.664183200,142.588,143.588,1,0,143.088,0.565855,0.618115
2025-12-18 16:28:54.678795000,142.627,143.627,1,0,143.127,0.56533,0.603255
2025-12-18 16:28:54.691627800,142.667,143.667,1,0,143.167,0.564896,0.382224
2025-12-18 16:28:54.704172600,142.707,143.707,1,0,143.207,0.564556,0.670982
2025-12-18 16:28:54.716929200,142.746,143.746,1,0,143.246,0.564314,0.577204
2025-12-18 16:28:54.730122600,142.786,143.786,1,0,143.286,0.564173,0.582057
2025-12-18 16:28:54.743504800,142.826,143.826,1,0,143.326,0.564136,0.664827
2025-12-18 16:28:54.757221900,142.865,143.865,1,0,143.365,0.564208,0.847479
2025-12-18 16:28:54.770202000,142.905,143.905,1,0,143.405,0.564392,0.671805
2025-12-18 16:28:54.784809900,142.944,143.944,1,0,143.444,0.56469,0.410612
2025-12-18 16:28:54.797538200,142.984,143.984,1,0,143.484,0.565106,0.53918
2025-12-18 16:28:54.812047900,143.024,144.024,1,0,143.524,0.565642,0.628381
2025-12-18 16:28:54.830046800,143.063,144.063,1,0,143.563,0.566303,0.741237
2025-12-18 16:28:54.848173500,143.103,144.103,1,0,143.603,0.56709,0.860748
2025-12-18 16:28:54.866350000,143.142,144.142,1,0,143.642,0.568006,0.488147
2025-12-18 16:28:54.887267600,143.182,144.182,1,0,143.682,0.569054,0.584238
2025-12-18 16:28:54.905339600,143.222,144.222,1,0,143.722,0.570237,0.915922
2025-12-18 16:28:54.923003300,143.261,144.261,1,0,143.761,0.571557,0.576966
2025-12-18 16:28:54.968568600,143.261,144.261,1,0,143.761,0.570237,0.813805
2025-12-18 16:28:54.985932500,143.202,144.202,1,0,143.702,0.565899,1.02025
2025-12-18 16:28:55.020179400,143.143,144.143,1,0,143.643,0.55893,0.611384
2025-12-18 16:28:55.035698100,143.45,143.63,0.18,301,143.584,0.548656,0.137553
2025-12-18 16:28:55.048940900,143.026,144.026,1,0,143.526,0.537456,0.301474
2025-12-18 16:28:55.061891200,142.967,143.967,1,0,143.467,0.524572,0.604163
2025-12-18 16:28:55.074861900,142.908,143.908,1,0,143.408,0.510287,0.506934
2025-12-18 16:28:55.103196200,142.849,143.849,1,0,143.349,0.494878,0.354576
2025-12-18 16:28:55.290336600,142.79,143.79,1,0,143.29,0.478624,0.438327
2025-12-18 16:28:55.430360900,142.731,143.731,1,0,143.231,0.461816,1.4091
2025-12-18 16:28:55.446969400,142.672,143.672,1,0,143.172,0.444755,0.61866
2025-12-18 16:28:55.486539200,142.613,143.613,1,0,143.113,0.427764,0.386993
2025-12-18 16:28:55.507322100,142.554,143.554,1,0,143.054,0.411191,0.485742
2025-12-18 16:28:55.540045900,142.495,143.495,1,0,142.995,0.395412,0.750346
2025-12-18 16:28:55.565936200,142.436,143.436,1,0,142.936,0.38083,0.55046
2025-12-18 16:28:55.586268500,142.378,143.378,1,0,142.878,0.367872,0.446666
2025-12-18 16:28:55.614760500,142.319,143.319,1,0,142.819,0.356975,0.377369
2025-12-18 16:28:55.635937600,142.26,143.26,1,0,142.76,0.348565,1.03727
2025-12-18 16:28:55.651165600,142.201,143.201,1,0,142.701,0.343027,0.962753
2025-12-18 16:28:55.667106700,142.142,143.142,1,0,142.642,0.340673,0.97815
2025-12-18 16:28:55.684368900,142.083,143.083,1,0,142.583,0.341701,0.403844
2025-12-18 16:28:55.707909100,142.024,143.024,1,0,142.524,0.346183,0.353797
2025-12-18 16:28:55.727972800,141.965,142.965,1,0,142.465,0.354052,0.944447
2025-12-18 16:28:55.750375900,141.906,142.906,1,0,142.406,0.365119,0.484023
2025-12-18 16:28:55.787762800,141.847,142.847,1,0,142.347,0.379104,0.951408
2025-12-18 16:28:55.801422800,141.789,142.789,1,0,142.289,0.395667,0.79631
2025-12-18 16:28:55.819565800,141.73,142.73,1,0,142.23,0.414442,0.683634
2025-12-18 16:28:55.848046400,141.671,142.671,1,0,142.171,0.43506,0.564945
2025-12-18 16:28:55.875245400,141.612,142.612,1,0,142.112,0.457171,0.44848
2025-12-18 16:28:55.893393700,141.553,142.553,1,0,142.053,0.480447,0.627407
2025-12-18 16:28:55.913759000,141.494,142.494,1,0,141.994,0.504586,0.288033
2025-12-18 16:28:55.925872200,141.435,142.435,1,0,141.935,0.529316,0.798786
2025-12-18 16:28:55.942212500,141.376,142.376,1,0,141.876,0.554389,0.491152
2025-12-18 16:28:55.958742300,141.317,142.317,1,0,141.817,0.57958,1.05161
2025-12-18 16:28:55.971017000,141.258,142.258,1,0,141.758,0.60468,0.415219
2025-12-18 16:28:55.983687100,141.199,142.199,1,0,141.699,0.629496,0.569804
2025-12-18 16:28:55.997186300,141.141,142.141,1,0,141.641,0.653846,0.565883
2025-12-18 16:28:56.009447700,141.082,142.082,1,0,141.582,0.677556,0.846175
2025-12-18 16:28:56.022411200,141.023,142.023,1,0,141.523,0.700458,0.629244
2025-12-18 16:28:56.034209800,140.964,141.964,1,0,141.464,0.722386,0.688142
2025-12-18 16:28:56.045975600,140.905,141.905,1,0,141.405,0.743176,0.377555
2025-12-18 16:28:56.058321600,140.846,141.846,1,0,141.346,0.76266,0.737346
2025-12-18 16:28:56.069968800,140.787,141.787,1,0,141.287,0.780667,0.793942
2025-12-18 16:28:56.082865800,140.728,141.728,1,0,141.228,0.797019,0.490109
2025-12-18 16:28:56.097652200,140.669,141.669,1,0,141.169,0.811528,0.940049
2025-12-18 16:28:56.114576800,140.61,141.61,1,0,141.11,0.823996,0.610608
2025-12-18 16:28:56.127303100,140.551,141.551,1,0,141.051,0.834205,0.829757
2025-12-18 16:28:56.141461100,140.493,141.493,1,0,140.993,0.841919,1.2069
2025-12-18 16:28:56.154846500,140.434,141.434,1,0,140.934,0.846876,0.533115
2025-12-18 16:28:56.174048200,140.375,141.375,1,0,140.875,0.848781,0.36003
2025-12-18 16:28:56.190468900,140.375,141.375,1,0,140.875,0.846755,1.0496
2025-12-18 16:28:56.207649800,140.401,141.401,1,0,140.901,0.8421,0.575855
2025-12-18 16:28:56.220311800,140.427,141.427,1,0,140.927,0.835047,0.811456
2025-12-18 16:28:56.233014900,140.453,141.453,1,0,140.953,0.827379,1.20574
2025-12-18 16:28:56.243595400,140.61,140.87,0.26,797,140.978,0.823098,0.289107
2025-12-18 16:28:56.255301200,140.504,141.504,1,0,141.004,0.809912,0.31787
2025-12-18 16:28:56.265464100,140.53,141.53,1,0,141.03,0.795066,0.854029
2025-12-18 16:28:56.275748000,140.556,141.556,1,0,141.056,0.778707,0.533143
2025-12-18 16:28:56.290033900,140.582,141.582,1,0,141.082,0.760968,0.355553
2025-12-18 16:28:56.302230300,140.608,141.608,1,0,141.108,0.741978,1.0361
2025-12-18 16:28:56.313980900,140.634,141.634,1,0,141.134,0.721862,0.647986
2025-12-18 16:28:56.326896200,140.66,141.66,1,0,141.16,0.700738,0.442296
2025-12-18 16:28:56.340133800,140.686,141.686,1,0,141.186,0.678721,0.430696
2025-12-18 16:28:56.368836500,140.712,141.712,1,0,141.212,0.655929,0.409875
2025-12-18 16:28:56.393795700,140.738,141.738,1,0,141.238,0.632474,0.691841
2025-12-18 16:28:56.554861100,140.764,141.764,1,0,141.264,0.608473,1.04791
2025-12-18 16:28:56.584563200,140.79,141.79,1,0,141.29,0.584045,0.637177
2025-12-18 16:28:56.600741000,140.816,141.816,1,0,141.316,0.55931,0.510779
2025-12-18 16:28:56.617919300,140.842,141.842,1,0,141.342,0.534398,0.6837
2025-12-18 16:28:56.631991800,140.867,141.867,1,0,141.367,0.509444,0.756991
2025-12-18 16:28:56.651950000,140.893,141.893,1,0,141.393,0.484593,0.574478
2025-12-18 16:28:56.664374500,140.919,141.919,1,0,141.419,0.460005,0.415164
2025-12-18 16:28:56.676086800,140.945,141.945,1,0,141.445,0.435853,0.460068
2025-12-18 16:28:56.688120800,140.971,141.971,1,0,141.471,0.412331,0.696281
2025-12-18 16:28:56.699909800,140.997,141.997,1,0,141.497,0.389653,0.813458
2025-12-18 16:28:56.717610000,141.023,142.023,1,0,141.523,0.368058,0.344949
2025-12-18 16:28:56.733718700,141.049,142.049,1,0,141.549,0.347812,0.794822
2025-12-18 16:28:56.746116500,141.075,142.075,1,0,141.575,0.329203,0.621303
2025-12-18 16:28:56.757062500,141.101,142.101,1,0,141.601,0.312541,0.67365
2025-12-18 16:28:56.769507000,141.127,142.127,1,0,141.627,0.298137,0.431605
2025-12-18 16:28:56.786338300,141.153,142.153,1,0,141.653,0.286289,0.297431
2025-12-18 16:28:56.799819100,141.179,142.179,1,0,141.679,0.277249,0.365429
2025-12-18 16:28:56.812102500,141.205,142.205,1,0,141.705,0.271187,0.36035
2025-12-18 16:28:56.826181500,141.231,142.231,1,0,141.731,0.268162,0.462678
2025-12-18 16:28:56.838328900,141.257,142.257,1,0,141.757,0.2681,0.34721
2025-12-18 16:28:56.854105000,141.282,142.282,1,0,141.782,0.270798,0.543004
2025-12-18 16:28:56.871680600,141.308,142.308,1,0,141.808,0.275942,0.298281
2025-12-18 16:28:56.882676000,141.334,142.334,1,0,141.834,0.28314,0.648338
2025-12-18 16:28:56.892128500,141.36,142.36,1,0,141.86,0.291961,1.28472
2025-12-18 16:28:56.907955200,141.386,142.386,1,0,141.886,0.301965,0.612306
2025-12-18 16:28:56.921513800,141.412,142.412,1,0,141.912,0.312722,0.814204
2025-12-18 16:28:56.935140200,141.438,142.438,1,0,141.938,0.323824,0.343173
2025-12-18 16:28:56.947725900,141.464,142.464,1,0,141.964,0.33489,1.16476
2025-12-18 16:28:56.960943900,141.49,142.49,1,0,141.99,0.345563,0.315685
2025-12-18 16:28:56.976493600,141.516,142.516,1,0,142.016,0.355503,0.647384
2025-12-18 16:28:56.995049200,141.542,142.542,1,0,142.042,0.36438,0.479903
2025-12-18 16:28:57.009679000,141.568,142.568,1,0,142.068,0.371864,0.61378
2025-12-18 16:28:57.026333500,141.594,142.594,1,0,142.094,0.377617,0.87184
2025-12-18 16:28:57.038243700,141.62,142.62,1,0,142.12,0.381276,0.456636
2025-12-18 16:28:57.052926800,141.646,142.646,1,0,142.146,0.382439,0.633537
2025-12-18 16:28:57.070049100,141.646,142.646,1,0,142.146,0.381911,0.55063
2025-12-18 16:28:57.088497800,141.668,142.668,1,0,142.168,0.38132,0.764383
2025-12-18 16:28:57.104865900,141.691,142.691,1,0,142.191,0.380669,0.948074
2025-12-18 16:28:57.119137400,141.714,142.714,1,0,142.214,0.379964,0.598662
2025-12-18 16:28:57.131569400,141.737,142.737,1,0,142.237,0.369331,1.0319
2025-12-18 16:28:57.145685800,141.76,142.76,1,0,142.26,0.36818,1.43161
2025-12-18 16:28:57.163369000,141.783,142.783,1,0,142.283,0.366983,0.646291
2025-12-18 16:28:57.180385100,141.806,142.806,1,0,142.306,0.365745,0.303971
2025-12-18 16:28:57.199004800,141.829,142.829,1,0,142.329,0.364469,0.711514
2025-12-18 16:28:57.213461400,141.852,142.852,1,0,142.352,0.363158,0.58676
2025-12-18 16:28:57.225898100,141.875,142.875,1,0,142.375,0.361818,0.827378
2025-12-18 16:28:57.244624100,141.898,142.898,1,0,142.398,0.360451,0.554409
2025-12-18 16:28:57.259336700,141.921,142.921,1,0,142.421,0.359062,0.802719
2025-12-18 16:28:57.273116600,141.943,142.943,1,0,142.443,0.357655,0.314651
2025-12-18 16:28:57.286865000,141.966,142.966,1,0,142.466,0.356234,0.454751
2025-12-18 16:28:57.299577400,141.989,142.989,1,0,142.489,0.354803,0.628972
2025-12-18 16:28:57.311784300,142.012,143.012,1,0,142.512,0.353366,0.376602
2025-12-18 16:28:57.327357800,142.035,143.035,1,0,142.535,0.351927,0.711035
2025-12-18 16:28:57.341795500,142.058,143.058,1,0,142.558,0.35049,0.540769
2025-12-18 16:28:57.360277000,142.081,143.081,1,0,142.581,0.34906,1.15031
2025-12-18 16:28:57.376109800,142.104,143.104,1,0,142.604,0.34764,0.437781
2025-12-18 16:28:57.391969500,142.127,143.127,1,0,142.627,0.346236,0.434335
2025-12-18 16:28:57.408811500,142.15,143.15,1,0,142.65,0.34485,0.384681
2025-12-18 16:28:57.422595000,142.173,143.173,1,0,142.673,0.343489,0.29167
2025-12-18 16:28:57.432561200,142.196,143.196,1,0,142.696,0.342155,0.605196
2025-12-18 16:28:57.443379800,142.219,143.219,1,0,142.719,0.340854,0.316358
2025-12-18 16:28:57.454829700,142.241,143.241,1,0,142.741,0.339589,0.312237
2025-12-18 16:28:57.466177500,142.264,143.264,1,0,142.764,0.338366,1.29336
2025-12-18 16:28:57.476760100,142.287,143.287,1,0,142.787,0.337189,1.24443
2025-12-18 16:28:57.487587100,142.31,143.31,1,0,142.81,0.336062,0.537777
2025-12-18 16:28:57.500191100,142.333,143.333,1,0,142.833,0.33499,0.54012
2025-12-18 16:28:57.510592400,142.356,143.356,1,0,142.856,0.333977,0.399222
2025-12-18 16:28:57.521619300,142.379,143.379,1,0,142.879,0.333028,0.353157
2025-12-18 16:28:57.531431300,142.402,143.402,1,0,142.902,0.332147,0.664946
2025-12-18 16:28:57.542712800,142.425,143.425,1,0,142.925,0.331339,0.561178
2025-12-18 16:28:57.553832400,142.448,143.448,1,0,142.948,0.330607,0.680657
2025-12-18 16:28:57.565061500,142.471,143.471,1,0,142.971,0.329958,1.02888
2025-12-18 16:28:57.575558800,142.494,143.494,1,0,142.994,0.329394,0.719486
2025-12-18 16:28:57.589596300,142.516,143.516,1,0,143.016,0.32892,0.944287
2025-12-18 16:28:57.600555400,142.539,143.539,1,0,143.039,0.32854,0.468034
2025-12-18 16:28:57.614992200,142.562,143.562,1,0,143.062,0.328258,0.371858
2025-12-18 16:28:57.628710900,142.585,143.585,1,0,143.085,0.328078,0.617505
2025-12-18 16:28:57.643006800,142.608,143.608,1,0,143.108,0.328005,0.460358
2025-12-18 16:28:57.654570000,142.631,143.631,1,0,143.131,0.328041,1.09616
2025-12-18 16:28:57.667207600,142.654,143.654,1,0,143.154,0.32819,0.313022
2025-12-18 16:28:57.678303400,142.677,143.677,1,0,143.177,0.328457,0.593122
2025-12-18 16:28:57.690726300,142.7,143.7,1,0,143.2,0.328843,0.690419
2025-12-18 16:28:57.704387400,142.723,143.723,1,0,143.223,0.329352,1.06244
2025-12-18 16:28:57.715889200,142.746,143.746,1,0,143.246,0.329987,0.412424
2025-12-18 16:28:57.727559200,142.769,143.769,1,0,143.269,0.33075,0.510953
2025-12-18 16:28:57.738946300,142.769,143.769,1,0,143.269,0.329987,0.670151
2025-12-18 16:28:57.750270900,142.877,143.877,1,0,143.377,0.332257,0.576319
2025-12-18 16:28:57.761984500,142.985,143.985,1,0,143.485,0.337796,0.565358
2025-12-18 16:28:57.775859400,143.094,144.094,1,0,143.594,0.346713,0.281792
2025-12-18 16:28:57.788138100,143.202,144.202,1,0,143.702,0.358987,0.541249
2025-12-18 16:28:57.800176400,143.31,144.31,1,0,143.81,0.374485,0.455529
2025-12-18 16:28:57.812918200,143.419,144.419,1,0,143.919,0.392993,0.714024
2025-12-18 16:28:57.827563100,143.527,144.527,1,0,144.027,0.414244,0.407489
2025-12-18 16:28:57.839678600,143.636,144.636,1,0,144.136,0.437948,0.537875
2025-12-18 16:28:57.853573900,143.744,144.744,1,0,144.244,0.463814,1.36447
2025-12-18 16:28:57.864873100,143.852,144.852,1,0,144.352,0.491561,0.466864
2025-12-18 16:28:57.877529100,143.961,144.961,1,0,144.461,0.520932,0.738775
2025-12-18 16:28:57.890302300,144.069,145.069,1,0,144.569,0.551689,0.357081
2025-12-18 16:28:57.903157700,144.177,145.177,1,0,144.677,0.583621,0.441255
2025-12-18 16:28:57.915924400,144.286,145.286,1,0,144.786,0.616538,0.502529
2025-12-18 16:28:57.927795700,144.394,145.394,1,0,144.894,0.650269,0.398448
2025-12-18 16:28:57.940938900,144.502,145.502,1,0,145.002,0.684662,0.34239
2025-12-18 16:28:57.954127400,144.611,145.611,1,0,145.111,0.719578,0.420343
2025-12-18 16:28:57.967271500,144.719,145.719,1,0,145.219,0.754893,0.554822
2025-12-18 16:28:57.980584500,144.828,145.828,1,0,145.328,0.790491,0.397318
2025-12-18 16:28:57.994213700,144.936,145.936,1,0,145.436,0.826267,0.368046
2025-12-18 16:28:58.007230100,145.044,146.044,1,0,145.544,0.862123,0.860309
2025-12-18 16:28:58.020336700,145.153,146.153,1,0,145.653,0.897964,0.361735
2025-12-18 16:28:58.032477000,145.261,146.261,1,0,145.761,0.933704,0.462737
2025-12-18 16:28:58.044695800,145.369,146.369,1,0,145.869,0.969258,0.715559
2025-12-18 16:28:58.057662900,145.478,146.478,1,0,145.978,1.00455,0.311106
2025-12-18 16:28:58.071407700,145.586,146.586,1,0,146.086,1.03949,0.749246
2025-12-18 16:28:58.084429500,145.694,146.694,1,0,146.194,1.07401,0.836273
2025-12-18 16:28:58.096480100,145.803,146.803,1,0,146.303,1.10803,0.652193
2025-12-18 16:28:58.107634400,145.911,146.911,1,0,146.411,1.14148,0.362135
2025-12-18 16:28:58.121248600,146.02,147.02,1,0,146.52,1.17429,0.397493
2025-12-18 16:28:58.134601000,146.128,147.128,1,0,146.628,1.20637,0.39655
2025-12-18 16:28:58.152753200,146.236,147.236,1,0,146.736,1.23766,0.572969
2025-12-18 16:28:58.170647300,146.345,147.345,1,0,146.845,1.26808,0.498194
2025-12-18 16:28:58.184319200,146.453,147.453,1,0,146.953,1.29754,0.697713
2025-12-18 16:28:58.197147200,146.561,147.561,1,0,147.061,1.32598,0.683621
2025-12-18 16:28:58.209665300,146.67,147.67,1,0,147.17,1.35331,0.437277
2025-12-18 16:28:58.224587900,146.778,147.778,1,0,147.278,1.37944,0.721231
2025-12-18 16:28:58.236695200,146.886,147.886,1,0,147.386,1.4043,0.641173
2025-12-18 16:28:58.252079300,146.995,147.995,1,0,147.495,1.42778,0.669974
2025-12-18 16:28:58.268075600,147.103,148.103,1,0,147.603,1.4498,0.6119
2025-12-18 16:28:58.281673300,147.212,148.212,1,0,147.712,1.47026,0.430887
2025-12-18 16:28:58.294775000,147.32,148.32,1,0,147.82,1.48906,0.679503
2025-12-18 16:28:58.310120900,147.428,148.428,1,0,147.928,1.50608,0.690785
2025-12-18 16:28:58.325907600,147.537,148.537,1,0,148.037,1.52121,0.805241
2025-12-18 16:28:58.341965500,147.645,148.645,1,0,148.145,1.53432,1.53659
2025-12-18 16:28:58.359575200,147.753,148.753,1,0,148.253,1.54529,0.678062
2025-12-18 16:28:58.376605300,147.862,148.862,1,0,148.362,1.55397,0.594831
2025-12-18 16:28:58.388859900,147.97,148.97,1,0,148.47,1.56019,0.713219
2025-12-18 16:28:58.403224200,148.078,149.078,1,0,148.578,1.5638,0.939073
2025-12-18 16:28:58.419807700,148.078,149.078,1,0,148.578,1.56019,0.579258
2025-12-18 16:28:58.434585100,148.152,149.152,1,0,148.652,1.5556,0.499069
2025-12-18 16:28:58.450994100,148.226,149.226,1,0,148.726,1.55008,0.660446
2025-12-18 16:28:58.467407900,148.3,149.3,1,0,148.8,1.54368,0.812382
2025-12-18 16:28:58.483825800,148.374,149.374,1,0,148.874,1.53645,0.37806
2025-12-18 16:28:58.500901900,148.448,149.448,1,0,148.948,1.52843,0.841057
2025-12-18 16:28:58.513599700,148.522,149.522,1,0,149.022,1.51966,0.9128
2025-12-18 16:28:58.531412200,148.596,149.596,1,0,149.096,1.5102,0.480258
2025-12-18 16:28:58.548513600,148.67,149.67,1,0,149.17,1.50008,0.906345
2025-12-18 16:28:58.565339000,148.744,149.744,1,0,149.244,1.48935,0.359017
2025-12-18 16:28:58.579908800,148.818,149.818,1,0,149.318,1.47804,0.320169
2025-12-18 16:28:58.596528100,148.892,149.892,1,0,149.392,1.46619,0.360741
2025-12-18 16:28:58.611350100,148.966,149.966,1,0,149.466,1.45386,0.496617
2025-12-18 16:28:58.623426300,149.04,150.04,1,0,149.54,1.44107,1.01779
2025-12-18 16:28:58.640083300,149.114,150.114,1,0,149.614,1.42788,1.44981
2025-12-18 16:28:58.654264200,149.188,150.188,1,0,149.688,1.41431,0.42634
2025-12-18 16:28:58.669405900,149.262,150.262,1,0,149.762,1.40041,0.665246
2025-12-18 16:28:58.686861000,149.336,150.336,1,0,149.836,1.38623,0.555381
2025-12-18 16:28:58.703627800,149.41,150.41,1,0,149.91,1.3718,0.501865
2025-12-18 16:28:58.719359600,149.484,150.484,1,0,149.984,1.35716,0.639546
2025-12-18 16:28:58.736077800,149.558,150.558,1,0,150.058,1.34237,0.952955
2025-12-18 16:28:58.753662100,149.632,150.632,1,0,150.132,1.32746,0.580445
2025-12-18 16:28:58.767323700,149.706,150.706,1,0,150.206,1.31247,0.570607
2025-12-18 16:28:58.782113200,149.78,150.78,1,0,150.28,1.29746,0.545645
2025-12-18 16:28:58.797713300,149.854,150.854,1,0,150.354,1.28247,0.569189
2025-12-18 16:28:58.811132400,149.928,150.928,1,0,150.428,1.26754,1.02535
2025-12-18 16:28:58.825762900,150.002,151.002,1,0,150.502,1.25274,0.382929
2025-12-18 16:28:58.842734600,150.076,151.076,1,0,150.576,1.23809,0.527917
2025-12-18 16:28:58.858332100,150.15,151.15,1,0,150.65,1.22367,0.467971
2025-12-18 16:28:58.875882300,150.224,151.224,1,0,150.724,1.20952,0.45975
2025-12-18 16:28:58.893139900,150.298,151.298,1,0,150.798,1.19569,0.47801
2025-12-18 16:28:58.908609800,150.372,151.372,1,0,150.872,1.18224,0.459804
2025-12-18 16:28:58.925895100,150.446,151.446,1,0,150.946,1.16922,0.683924
2025-12-18 16:28:58.941969100,150.52,151.52,1,0,151.02,1.1567,0.69846
2025-12-18 16:28:58.958594400,150.594,151.594,1,0,151.094,1.14472,0.355402
2025-12-18 16:28:58.974011700,150.668,151.668,1,0,151.168,1.13335,0.81022
2025-12-18 16:28:58.991551900,150.742,151.742,1,0,151.242,1.12263,0.481806
2025-12-18 16:28:59.005917900,150.816,151.816,1,0,151.316,1.11264,0.315338
2025-12-18 16:28:59.021009800,150.89,151.89,1,0,151.39,1.10343,0.484826
2025-12-18 16:28:59.037499800,150.964,151.964,1,0,151.464,1.09505,1.06468
2025-12-18 16:28:59.049546100,151.038,152.038,1,0,151.538,1.08755,0.596137
2025-12-18 16:28:59.062545800,151.112,152.112,1,0,151.612,1.081,0.34486
2025-12-18 16:28:59.081672600,151.186,152.186,1,0,151.686,1.07544,0.473771
2025-12-18 16:28:59.098500700,151.26,152.26,1,0,151.76,1.07091,0.579933
2025-12-18 16:28:59.112964700,151.334,152.334,1,0,151.834,1.06747,0.728894
2025-12-18 16:28:59.128191000,151.408,152.408,1,0,151.908,1.06514,0.842955
2025-12-18 16:28:59.144429900,151.482,152.482,1,0,151.982,1.06398,0.971216
2025-12-18 16:28:59.160616800,151.556,152.556,1,0,152.056,1.064,0.594894
2025-12-18 16:28:59.174322200,151.63,152.63,1,0,152.13,1.06523,0.678032
2025-12-18 16:28:59.189311000,151.704,152.704,1,0,152.204,1.06769,0.366107
2025-12-18 16:28:59.205091500,151.704,152.704,1,0,152.204,1.06523,0.983656
2025-12-18 16:28:59.218487400,151.648,152.648,1,0,152.148,1.05876,0.320799
2025-12-18 16:28:59.235019000,151.592,152.592,1,0,152.092,1.04868,0.582796
2025-12-18 16:28:59.248162700,151.537,152.537,1,0,152.037,1.03534,0.622254
2025-12-18 16:28:59.263221500,151.73,152.03,0.3,698,151.981,1.01668,0.280726
2025-12-18 16:28:59.278517200,151.425,152.425,1,0,151.925,0.99785,0.32255
2025-12-18 16:28:59.292756200,151.37,152.37,1,0,151.87,0.976641,0.679584
2025-12-18 16:28:59.309499700,151.314,152.314,1,0,151.814,0.953311,0.959752
2025-12-18 16:28:59.320941800,151.258,152.258,1,0,151.758,0.928105,0.453853
2025-12-18 16:28:59.333548900,151.203,152.203,1,0,151.703,0.901261,0.407935
2025-12-18 16:28:59.350411100,151.147,152.147,1,0,151.647,0.87301,0.320219
2025-12-18 16:28:59.364603100,151.091,152.091,1,0,151.591,0.843585,0.600012
2025-12-18 16:28:59.375072800,151.036,152.036,1,0,151.536,0.813221,0.451407
2025-12-18 16:28:59.385642600,150.98,151.98,1,0,151.48,0.78216,1.0463
2025-12-18 16:28:59.396614000,150.924,151.924,1,0,151.424,0.750653,0.800957
2025-12-18 16:28:59.407091700,150.868,151.868,1,0,151.368,0.718968,0.520212
2025-12-18 16:28:59.424591300,150.813,151.813,1,0,151.313,0.687393,0.788095
2025-12-18 16:28:59.442536100,150.757,151.757,1,0,151.257,0.656237,0.877533
2025-12-18 16:28:59.458159000,150.701,151.701,1,0,151.201,0.625842,0.322723
2025-12-18 16:28:59.474161800,150.646,151.646,1,0,151.146,0.596581,0.495511
2025-12-18 16:28:59.491893700,150.59,151.59,1,0,151.09,0.568863,0.701267
2025-12-18 16:28:59.508407500,150.534,151.534,1,0,151.034,0.543133,0.372497
2025-12-18 16:28:59.524359700,150.479,151.479,1,0,150.979,0.519865,0.52228
2025-12-18 16:28:59.540928100,150.423,151.423,1,0,150.923,0.49955,0.668926
2025-12-18 16:28:59.556854100,150.367,151.367,1,0,150.867,0.482669,1.18242
2025-12-18 16:28:59.573082000,150.312,151.312,1,0,150.812,0.469661,0.829136
2025-12-18 16:28:59.589691600,150.256,151.256,1,0,150.756,0.460881,0.808557
2025-12-18 16:28:59.607509100,150.2,151.2,1,0,150.7,0.456557,0.655617
2025-12-18 16:28:59.624317100,150.144,151.144,1,0,150.644,0.456752,0.68049
2025-12-18 16:28:59.639923600,150.089,151.089,1,0,150.589,0.461356,0.397591
2025-12-18 16:28:59.652661000,150.033,151.033,1,0,150.533,0.470094,0.737136
2025-12-18 16:28:59.666727000,149.977,150.977,1,0,150.477,0.482558,0.466183
2025-12-18 16:28:59.681081600,149.922,150.922,1,0,150.422,0.49825,0.43293
2025-12-18 16:28:59.696283500,149.866,150.866,1,0,150.366,0.516626,0.74024
2025-12-18 16:28:59.708358700,149.81,150.81,1,0,150.31,0.537133,0.459982
2025-12-18 16:28:59.718984900,149.755,150.755,1,0,150.255,0.559235,0.378289
2025-12-18 16:28:59.753161100,149.699,150.699,1,0,150.199,0.582424,0.452329
2025-12-18 16:28:59.764575400,149.643,150.643,1,0,150.143,0.60623,0.467287
2025-12-18 16:28:59.777962500,149.588,150.588,1,0,150.088,0.630218,0.886465
2025-12-18 16:28:59.793213200,149.532,150.532,1,0,150.032,0.653985,0.590498
2025-12-18 16:28:59.811639000,149.476,150.476,1,0,149.976,0.677157,0.747775
2025-12-18 16:28:59.827865700,149.421,150.421,1,0,149.921,0.699377,0.523252
2025-12-18 16:28:59.843827900,149.365,150.365,1,0,149.865,0.720301,0.737277
2025-12-18 16:28:59.862512200,149.309,150.309,1,0,149.809,0.739593,0.515154
2025-12-18 16:28:59.880576000,149.253,150.253,1,0,149.753,0.756913,0.511163
2025-12-18 16:28:59.898590000,149.198,150.198,1,0,149.698,0.771915,0.433951
2025-12-18 16:28:59.910683200,149.142,150.142,1,0,149.642,0.78423,0.798788
2025-12-18 16:28:59.926672400,149.086,150.086,1,0,149.586,0.793467,0.505375
2025-12-18 16:28:59.941094900,149.031,150.031,1,0,149.531,0.799192,0.752781
2025-12-18 16:28:59.952803200,148.975,149.975,1,0,149.475,0.800915,0.502149
2025-12-18 16:28:59.965132300,148.975,149.975,1,0,149.475,0.798916,0.817113
2025-12-18 16:28:59.980830300,149.034,150.034,1,0,149.534,0.793382,0.661872
2025-12-18 16:28:59.997353500,149.092,150.092,1,0,149.592,0.784707,0.951266
2025-12-18 16:29:00.013681500,149.36,149.55,0.19,915,149.651,0.778684,0.75169
2025-12-18 16:29:00.025901600,149.21,150.21,1,0,149.71,0.76815,0.85753
2025-12-18 16:29:00.036748900,149.269,150.269,1,0,149.769,0.752087,0.984401
2025-12-18 16:29:00.053560700,149.327,150.327,1,0,149.827,0.734137,0.593836
2025-12-18 16:29:00.064260500,149.386,150.386,1,0,149.886,0.71456,0.632176
2025-12-18 16:29:00.078024800,149.445,150.445,1,0,149.945,0.693608,0.632926
2025-12-18 16:29:00.093066000,149.503,150.503,1,0,150.003,0.671536,0.41964
2025-12-18 16:29:00.111761100,149.562,150.562,1,0,150.062,0.648598,0.802838
2025-12-18 16:29:00.122072100,149.621,150.621,1,0,150.121,0.625058,0.685769
2025-12-18 16:29:00.135319000,149.679,150.679,1,0,150.179,0.601193,1.15442
2025-12-18 16:29:00.148353200,149.738,150.738,1,0,150.238,0.577298,0.556554
2025-12-18 16:29:00.165084900,149.797,150.797,1,0,150.297,0.553688,0.97204
2025-12-18 16:29:00.180703100,149.856,150.856,1,0,150.356,0.530707,0.60791
2025-12-18 16:29:00.197933200,149.914,150.914,1,0,150.414,0.508726,0.732925
2025-12-18 16:29:00.212418100,149.973,150.973,1,0,150.473,0.488148,0.838354
2025-12-18 16:29:00.224938900,150.032,151.032,1,0,150.532,0.469402,0.324934
2025-12-18 16:29:00.235435800,150.09,151.09,1,0,150.59,0.452933,0.596767
2025-12-18 16:29:00.245592100,150.149,151.149,1,0,150.649,0.439187,0.790907
2025-12-18 16:29:00.263957100,150.208,151.208,1,0,150.708,0.428584,0.681159
2025-12-18 16:29:00.282653700,150.267,151.267,1,0,150.767,0.421483,0.753905
2025-12-18 16:29:00.298227000,150.325,151.325,1,0,150.825,0.41815,0.661298
2025-12-18 16:29:00.311418600,150.384,151.384,1,0,150.884,0.418723,0.587835
2025-12-18 16:29:00.326736600,150.443,151.443,1,0,150.943,0.423196,0.549439
2025-12-18 16:29:00.341819900,150.501,151.501,1,0,151.001,0.431423,0.68632
2025-12-18 16:29:00.357454500,150.56,151.56,1,0,151.06,0.443135,1.11536
2025-12-18 16:29:00.372293000,150.619,151.619,1,0,151.119,0.457971,0.774521
2025-12-18 16:29:00.384032100,150.677,151.677,1,0,151.177,0.475517,0.714755
2025-12-18 16:29:00.400232000,150.736,151.736,1,0,151.236,0.495335,1.03685
2025-12-18 16:29:00.417411600,150.795,151.795,1,0,151.295,0.516992,0.460819
2025-12-18 16:29:00.434626400,150.854,151.854,1,0,151.354,0.54007,0.504411
2025-12-18 16:29:00.447042300,150.912,151.912,1,0,151.412,0.564183,0.799842
2025-12-18 16:29:00.463004100,150.971,151.971,1,0,151.471,0.588969,0.75664
2025-12-18 16:29:00.473376800,151.03,152.03,1,0,151.53,0.6141,0.297384
2025-12-18 16:29:00.488928700,151.088,152.088,1,0,151.588,0.639272,0.57709
2025-12-18 16:29:00.503345000,151.147,152.147,1,0,151.647,0.664204,0.640412
2025-12-18 16:29:00.519233600,151.206,152.206,1,0,151.706,0.688632,0.329036
2025-12-18 16:29:00.532866900,151.265,152.265,1,0,151.765,0.712305,0.534673
2025-12-18 16:29:00.547433500,151.323,152.323,1,0,151.823,0.734983,0.729115
2025-12-18 16:29:00.562837500,151.382,152.382,1,0,151.882,0.756429,0.684461
2025-12-18 16:29:00.576344900,151.441,152.441,1,0,151.941,0.776407,0.775421
2025-12-18 16:29:00.589249900,151.499,152.499,1,0,151.999,0.794678,0.754644
2025-12-18 16:29:00.604679100,151.558,152.558,1,0,152.058,0.810995,0.752427
2025-12-18 16:29:00.617205100,151.617,152.617,1,0,152.117,0.825099,0.939078
2025-12-18 16:29:00.629734100,151.675,152.675,1,0,152.175,0.836713,0.472512
2025-12-18 16:29:00.645179100,151.734,152.734,1,0,152.234,0.845538,0.709951
2025-12-18 16:29:00.659990100,151.793,152.793,1,0,152.293,0.85124,1.34582
2025-12-18 16:29:00.675367100,151.852,152.852,1,0,152.352,0.853446,0.963831
2025-12-18 16:29:00.692719500,151.852,152.852,1,0,152.352,0.85177,0.784084
2025-12-18 16:29:00.709132900,151.797,152.797,1,0,152.297,0.846608,0.698637
2025-12-18 16:29:00.726083500,151.742,152.742,1,0,152.242,0.838334,0.667453
2025-12-18 16:29:00.740592000,152.39,152.48,0.09,473,152.187,0.826884,0.414322
2025-12-18 16:29:00.755513600,151.632,152.632,1,0,152.132,0.812819,0.339693
2025-12-18 16:29:00.772188000,151.577,152.577,1,0,152.077,0.796555,0.307536
2025-12-18 16:29:00.785798700,151.522,152.522,1,0,152.022,0.778349,0.377882
2025-12-18 16:29:00.803961800,151.467,152.467,1,0,151.967,0.758443,0.468578
2025-12-18 16:29:00.820026600,151.413,152.413,1,0,151.913,0.737073,0.458019
2025-12-18 16:29:00.837300200,151.358,152.358,1,0,151.858,0.714472,1.27871
2025-12-18 16:29:00.852663600,151.303,152.303,1,0,151.803,0.690871,1.23001
2025-12-18 16:29:00.867436100,151.248,152.248,1,0,151.748,0.666508,1.62012
2025-12-18 16:29:00.885836400,151.193,152.193,1,0,151.693,0.641627,0.96038
2025-12-18 16:29:00.900157000,151.138,152.138,1,0,151.638,0.616487,0.444551
2025-12-18 16:29:00.914663200,151.083,152.083,1,0,151.583,0.591363,0.27778
2025-12-18 16:29:00.931251000,151.028,152.028,1,0,151.528,0.56655,1.32716
2025-12-18 16:29:00.948706000,150.973,151.973,1,0,151.473,0.542372,0.444094
2025-12-18 16:29:00.965488500,150.919,151.919,1,0,151.419,0.519177,0.3752
2025-12-18 16:29:00.979957300,150.864,151.864,1,0,151.364,0.497346,0.922795
2025-12-18 16:29:00.995071900,150.809,151.809,1,0,151.309,0.477284,0.755516
2025-12-18 16:29:01.012926400,150.754,151.754,1,0,151.254,0.459418,0.978333
2025-12-18 16:29:01.025761200,150.699,151.699,1,0,151.199,0.44418,0.734859
2025-12-18 16:29:01.039794500,150.644,151.644,1,0,151.144,0.431982,0.584716
2025-12-18 16:29:01.052766400,150.589,151.589,1,0,151.089,0.423189,0.693118
2025-12-18 16:29:01.065924900,150.534,151.534,1,0,151.034,0.418081,0.769908
2025-12-18 16:29:01.081072100,150.479,151.479,1,0,150.979,0.416822,1.30943
2025-12-18 16:29:01.095974200,150.425,151.425,1,0,150.925,0.419438,0.348863
2025-12-18 16:29:01.110429200,150.37,151.37,1,0,150.87,0.425812,0.41184
2025-12-18 16:29:01.121220200,150.315,151.315,1,0,150.815,0.4357,0.314653
2025-12-18 16:29:01.135736200,150.26,151.26,1,0,150.76,0.448758,0.73002
2025-12-18 16:29:01.146238300,150.205,151.205,1,0,150.705,0.464578,0.815042
2025-12-18 16:29:01.159698500,150.15,151.15,1,0,150.65,0.48272,0.70924
2025-12-18 16:29:01.174633400,150.095,151.095,1,0,150.595,0.502742,0.527914
2025-12-18 16:29:01.190426800,150.04,151.04,1,0,150.54,0.524214,0.466207
2025-12-18 16:29:01.203592100,149.985,150.985,1,0,150.485,0.546733,0.701719
2025-12-18 16:29:01.220877900,149.931,150.931,1,0,150.431,0.569923,0.935837
2025-12-18 16:29:01.234389900,149.876,150.876,1,0,150.376,0.593438,0.793261
2025-12-18 16:29:01.245022600,149.821,150.821,1,0,150.321,0.616961,0.674154
2025-12-18 16:29:01.261093600,149.766,150.766,1,0,150.266,0.640193,0.782845
2025-12-18 16:29:01.280548600,149.711,150.711,1,0,150.211,0.662857,0.48424
2025-12-18 16:29:01.294515500,149.656,150.656,1,0,150.156,0.684686,0.48731
2025-12-18 16:29:01.311623400,149.601,150.601,1,0,150.101,0.705425,0.812793
2025-12-18 16:29:01.325173100,149.546,150.546,1,0,150.046,0.724819,0.65063
2025-12-18 16:29:01.340799000,149.491,150.491,1,0,149.991,0.742615,0.944376
2025-12-18 16:29:01.355276500,149.437,150.437,1,0,149.937,0.758553,0.41016
2025-12-18 16:29:01.371732800,149.382,150.382,1,0,149.882,0.772363,0.504176
2025-12-18 16:29:01.390060000,149.327,150.327,1,0,149.827,0.783757,0.611445
2025-12-18 16:29:01.407229100,149.272,150.272,1,0,149.772,0.792424,0.56727
2025-12-18 16:29:01.424577300,149.217,150.217,1,0,149.717,0.798023,0.371825
2025-12-18 16:29:01.443829400,149.162,150.162,1,0,149.662,0.800167,0.968842
2025-12-18 16:29:01.456725300,149.162,150.162,1,0,149.662,0.798691,0.528435
2025-12-18 16:29:01.516830900,149.141,150.141,1,0,149.641,0.796201,0.777321
2025-12-18 16:29:01.529520100,149.12,150.12,1,0,149.62,0.792758,0.950085
2025-12-18 16:29:01.539639000,149.099,150.099,1,0,149.599,0.778843,0.993239
2025-12-18 16:29:01.553103100,149.078,150.078,1,0,149.578,0.77327,0.562648
2025-12-18 16:29:01.565454700,149.057,150.057,1,0,149.557,0.766894,0.776898
2025-12-18 16:29:01.577003500,149.036,150.036,1,0,149.536,0.759761,0.514679
2025-12-18 16:29:01.589733800,149.014,150.014,1,0,149.514,0.751915,0.890924
2025-12-18 16:29:01.602703100,148.993,149.993,1,0,149.493,0.743399,0.358762
2025-12-18 16:29:01.613707500,148.972,149.972,1,0,149.472,0.734252,0.945543
2025-12-18 16:29:01.624619700,148.951,149.951,1,0,149.451,0.724514,0.954623
2025-12-18 16:29:01.635909600,148.93,149.93,1,0,149.43,0.714221,0.441782
2025-12-18 16:29:01.646774500,148.909,149.909,1,0,149.409,0.703411,0.992184
2025-12-18 16:29:01.657484000,148.888,149.888,1,0,149.388,0.692117,0.537401
2025-12-18 16:29:01.668707400,148.867,149.867,1,0,149.367,0.680376,0.499646
2025-12-18 16:29:01.684670500,148.846,149.846,1,0,149.346,0.668221,0.81742
2025-12-18 16:29:01.694324100,148.824,149.824,1,0,149.324,0.655685,0.4469
2025-12-18 16:29:01.704620500,148.803,149.803,1,0,149.303,0.642802,1.32472
2025-12-18 16:29:01.716783300,148.782,149.782,1,0,149.282,0.629605,0.633882
2025-12-18 16:29:01.730176000,148.761,149.761,1,0,149.261,0.616127,0.92408
2025-12-18 16:29:01.740445200,148.74,149.74,1,0,149.24,0.602403,0.90776
2025-12-18 16:29:01.754200800,148.719,149.719,1,0,149.219,0.588467,0.998606
2025-12-18 16:29:01.766877000,148.698,149.698,1,0,149.198,0.574353,0.404898
2025-12-18 16:29:01.780422600,148.677,149.677,1,0,149.177,0.560097,0.771644
2025-12-18 16:29:01.793301700,148.656,149.656,1,0,149.156,0.545737,0.343799
2025-12-18 16:29:01.807123600,148.634,149.634,1,0,149.134,0.53131,0.475272
2025-12-18 16:29:01.819548600,148.613,149.613,1,0,149.113,0.516856,0.452588
2025-12-18 16:29:01.829655900,148.592,149.592,1,0,149.092,0.502416,0.348942
2025-12-18 16:29:01.842535900,148.571,149.571,1,0,149.071,0.488035,0.543954
2025-12-18 16:29:01.853998300,148.55,149.55,1,0,149.05,0.473759,0.804637
2025-12-18 16:29:01.865053300,148.529,149.529,1,0,149.029,0.459635,0.813329
2025-12-18 16:29:01.875858300,148.508,149.508,1,0,149.008,0.445718,0.593993
2025-12-18 16:29:01.887316000,148.487,149.487,1,0,148.987,0.43206,1.16544
2025-12-18 16:29:01.898229200,148.466,149.466,1,0,148.966,0.418721,0.464663
2025-12-18 16:29:01.912391100,148.444,149.444,1,0,148.944,0.405764,0.442091
2025-12-18 16:29:01.924595100,148.423,149.423,1,0,148.923,0.393254,0.587188
2025-12-18 16:29:01.936176300,148.402,149.402,1,0,148.902,0.38126,0.628585
2025-12-18 16:29:01.948639500,148.381,149.381,1,0,148.881,0.369856,0.666514
2025-12-18 16:29:01.962775800,148.36,149.36,1,0,148.86,0.359117,0.576979
2025-12-18 16:29:01.975610700,148.339,149.339,1,0,148.839,0.349121,0.828387
2025-12-18 16:29:01.989307600,148.318,149.318,1,0,148.818,0.339947,0.800092
2025-12-18 16:29:02.002343100,148.297,149.297,1,0,148.797,0.33167,0.325433
2025-12-18 16:29:02.013539800,148.276,149.276,1,0,148.776,0.324365,0.606599
2025-12-18 16:29:02.025030100,148.254,149.254,1,0,148.754,0.318099,0.343307
2025-12-18 16:29:02.035777000,148.233,149.233,1,0,148.733,0.31293,0.713512
2025-12-18 16:29:02.048049100,148.212,149.212,1,0,148.712,0.308906,0.51123
2025-12-18 16:29:02.060465100,148.191,149.191,1,0,148.691,0.306059,0.378238
2025-12-18 16:29:02.070973600,148.17,149.17,1,0,148.67,0.304403,0.821784
2025-12-18 16:29:02.082770800,148.149,149.149,1,0,148.649,0.303938,0.417877
2025-12-18 16:29:02.094053000,148.128,149.128,1,0,148.628,0.304641,1.23903
2025-12-18 16:29:02.105682100,148.128,149.128,1,0,148.628,0.303938,0.413142
2025-12-18 16:29:02.118179800,148.135,149.135,1,0,148.635,0.302351,0.359108
2025-12-18 16:29:02.129253000,148.143,149.143,1,0,148.643,0.299955,0.329106
2025-12-18 16:29:02.140721700,148.46,148.54,0.08,449,148.65,0.301723,0.346957
2025-12-18 16:29:02.151639600,148.158,149.158,1,0,148.658,0.297781,0.399891
2025-12-18 16:29:02.163304600,148.62,148.72,0.1,417,148.665,0.293103,0.233306
2025-12-18 16:29:02.175541700,148.78,148.94,0.16,562,148.672,0.28478,0.285048
2025-12-18 16:29:02.187438800,148.18,149.18,1,0,148.68,0.279306,1.11625
2025-12-18 16:29:02.199015200,148.43,148.44,0.01,509,148.687,0.280936,0.0775569
2025-12-18 16:29:02.212907600,148.195,149.195,1,0,148.695,0.274434,0.882443
2025-12-18 16:29:02.223435100,148.202,149.202,1,0,148.702,0.26755,0.631661
2025-12-18 16:29:02.234998800,148.21,149.21,1,0,148.71,0.260323,0.573073
2025-12-18 16:29:02.245682300,148.217,149.217,1,0,148.717,0.25279,1.02261
2025-12-18 16:29:02.256894600,148.225,149.225,1,0,148.725,0.244987,0.506007
2025-12-18 16:29:02.266669000,148.83,148.93,0.1,550,148.732,0.235876,0.347438
2025-12-18 16:29:02.277183300,148.24,149.24,1,0,148.74,0.227762,0.468488
2025-12-18 16:29:02.288749900,148.55,148.88,0.33,696,148.747,0.219892,0.337334
2025-12-18 16:29:02.299532100,148.5,148.9,0.4,825,148.754,0.21215,0.318526
2025-12-18 16:29:02.310612200,148.4,148.47,0.07,894,148.762,0.211345,0.202185
2025-12-18 16:29:02.322014300,148.269,149.269,1,0,148.769,0.202793,0.591385
2025-12-18 16:29:02.332695400,148.277,149.277,1,0,148.777,0.194265,0.372647
2025-12-18 16:29:02.343951300,148.284,149.284,1,0,148.784,0.185806,0.657838
2025-12-18 16:29:02.354738600,148.292,149.292,1,0,148.792,0.177468,0.990708
2025-12-18 16:29:02.364663400,148.299,149.299,1,0,148.799,0.169303,0.500603
2025-12-18 16:29:02.374740400,148.307,149.307,1,0,148.807,0.16137,0.32362
2025-12-18 16:29:02.386961100,148.314,149.314,1,0,148.814,0.153732,0.411085
2025-12-18 16:29:02.402387700,148.321,149.321,1,0,148.821,0.146456,0.707144
2025-12-18 16:29:02.416043200,148.329,149.329,1,0,148.829,0.139616,0.643965
2025-12-18 16:29:02.429380300,148.336,149.336,1,0,148.836,0.133287,1.06435
2025-12-18 16:29:02.442959900,148.69,148.7,0.01,642,148.844,0.12737,0.173104
2025-12-18 16:29:02.456279800,148.351,149.351,1,0,148.851,0.122204,0.789327
2025-12-18 16:29:02.469167100,148.77,148.79,0.02,471,148.859,0.116893,0.187624
2025-12-18 16:29:02.482065400,148.64,148.72,0.08,597,148.866,0.11239,0.224854
2025-12-18 16:29:02.496690500,148.374,149.374,1,0,148.874,0.1095,0.610843
2025-12-18 16:29:02.511234000,148.381,149.381,1,0,148.881,0.107525,0.361661
2025-12-18 16:29:02.525251300,148.389,149.389,1,0,148.889,0.106463,0.653035
2025-12-18 16:29:02.539335900,148.396,149.396,1,0,148.896,0.106279,1.50146
2025-12-18 16:29:02.552188200,148.403,149.403,1,0,148.903,0.106907,1.1239
2025-12-18 16:29:02.565551700,148.411,149.411,1,0,148.911,0.108253,0.490648
2025-12-18 16:29:02.578709600,148.418,149.418,1,0,148.918,0.110205,0.325344
2025-12-18 16:29:02.588710500,148.426,149.426,1,0,148.926,0.112637,0.597893
2025-12-18 16:29:02.600572200,148.433,149.433,1,0,148.933,0.115421,0.807171
2025-12-18 16:29:02.612454600,148.441,149.441,1,0,148.941,0.118425,0.69458
2025-12-18 16:29:02.624600300,149.12,149.18,0.06,425,148.948,0.130796,0.404388
2025-12-18 16:29:02.638659500,148.456,149.456,1,0,148.956,0.133518,0.222074
2025-12-18 16:29:02.652143900,148.71,149.11,0.4,526,148.963,0.134797,0.255881
2025-12-18 16:29:02.663594700,148.95,149.2,0.25,827,148.97,0.140896,0.352128
2025-12-18 16:29:02.677776400,148.478,149.478,1,0,148.978,0.142784,1.06634
2025-12-18 16:29:02.689109700,148.73,149.2,0.47,670,148.985,0.143677,0.347166
2025-12-18 16:29:02.700817300,148.62,149.3,0.68,366,148.993,0.143708,0.447208
2025-12-18 16:29:02.711658900,149.09,149.13,0.04,417,148.993,0.148172,0.218827
2025-12-18 16:29:02.722450900,148.55,149.55,1,0,149.05,0.14997,0.692294
2025-12-18 16:29:02.734843500,148.99,149.04,0.05,495,149.107,0.150498,0.22178
2025-12-18 16:29:02.747030400,149.02,149.13,0.11,492,149.164,0.147398,0.265305
2025-12-18 16:29:02.758880700,148.722,149.722,1,0,149.222,0.154899,0.58946
2025-12-18 16:29:02.770731400,148.779,149.779,1,0,149.279,0.164327,0.578903
2025-12-18 16:29:02.782454600,148.836,149.836,1,0,149.336,0.17749,0.353698
2025-12-18 16:29:02.795066300,148.893,149.893,1,0,149.393,0.190139,0.59814
2025-12-18 16:29:02.804668900,148.95,149.95,1,0,149.45,0.195599,1.01135
2025-12-18 16:29:02.817781000,149.007,150.007,1,0,149.507,0.210957,0.799181
2025-12-18 16:29:02.829663000,149.065,150.065,1,0,149.565,0.227301,0.725104
2025-12-18 16:29:02.840845800,149.122,150.122,1,0,149.622,0.244486,0.894445
2025-12-18 16:29:02.851800400,149.179,150.179,1,0,149.679,0.262384,0.369876
2025-12-18 16:29:02.863462900,149.236,150.236,1,0,149.736,0.280884,0.983905
2025-12-18 16:29:02.875489300,149.293,150.293,1,0,149.793,0.301911,0.842436
2025-12-18 16:29:02.886845200,149.351,150.351,1,0,149.851,0.321413,0.622525
2025-12-18 16:29:02.898423600,149.408,150.408,1,0,149.908,0.340641,0.444215
2025-12-18 16:29:02.910304400,149.465,150.465,1,0,149.965,0.359667,0.370939
2025-12-18 16:29:02.922178300,149.522,150.522,1,0,150.022,0.37104,0.616478
2025-12-18 16:29:02.938166900,149.579,150.579,1,0,150.079,0.391496,0.569234
2025-12-18 16:29:02.949572600,149.637,150.637,1,0,150.137,0.412026,0.334485
2025-12-18 16:29:02.963132100,149.694,150.694,1,0,150.194,0.432581,0.423999
2025-12-18 16:29:02.973128500,149.751,150.751,1,0,150.251,0.453113,0.855997
2025-12-18 16:29:02.984623400,149.808,150.808,1,0,150.308,0.473577,0.745375
2025-12-18 16:29:02.994587000,149.865,150.865,1,0,150.365,0.49393,0.471051
2025-12-18 16:29:03.006274100,149.922,150.922,1,0,150.422,0.514128,0.927452
2025-12-18 16:29:03.018448100,149.98,150.98,1,0,150.48,0.534131,0.419961
2025-12-18 16:29:03.030423400,150.037,151.037,1,0,150.537,0.553896,0.578149
2025-12-18 16:29:03.042287400,150.094,151.094,1,0,150.594,0.573382,0.461752
2025-12-18 16:29:03.053128300,150.151,151.151,1,0,150.651,0.589081,0.659364
2025-12-18 16:29:03.064459500,150.208,151.208,1,0,150.708,0.607812,0.880886
2025-12-18 16:29:03.077463000,150.266,151.266,1,0,150.766,0.624336,0.510251
2025-12-18 16:29:03.092001500,150.323,151.323,1,0,150.823,0.63749,0.737492
2025-12-18 16:29:03.105551900,150.38,151.38,1,0,150.88,0.654728,0.860277
2025-12-18 16:29:03.116906500,150.437,151.437,1,0,150.937,0.671426,0.369494
2025-12-18 16:29:03.130659300,150.494,151.494,1,0,150.994,0.687539,0.788885
2025-12-18 16:29:03.146494500,150.551,151.551,1,0,151.051,0.703019,0.531768
2025-12-18 16:29:03.160516200,150.609,151.609,1,0,151.109,0.717818,0.701878
2025-12-18 16:29:03.173307200,150.666,151.666,1,0,151.166,0.731885,0.580486
2025-12-18 16:29:03.187091200,150.723,151.723,1,0,151.223,0.745167,0.920014
2025-12-18 16:29:03.199655200,150.78,151.78,1,0,151.28,0.757609,0.449781
2025-12-18 16:29:03.213675600,150.837,151.837,1,0,151.337,0.769152,0.407329
2025-12-18 16:29:03.228367100,150.895,151.895,1,0,151.395,0.779736,0.52379
2025-12-18 16:29:03.241429400,150.952,151.952,1,0,151.452,0.794515,0.812047
2025-12-18 16:29:03.253236000,151.009,152.009,1,0,151.509,0.803179,0.77921
2025-12-18 16:29:03.266239500,151.066,152.066,1,0,151.566,0.80906,1.25547
2025-12-18 16:29:03.279297100,151.123,152.123,1,0,151.623,0.818348,0.906982
2025-12-18 16:29:03.291826400,151.181,152.181,1,0,151.681,0.823342,0.554865
2025-12-18 16:29:03.304305100,151.238,152.238,1,0,151.738,0.826247,0.846573
2025-12-18 16:29:03.318316500,151.295,152.295,1,0,151.795,0.827155,0.977089
2025-12-18 16:29:03.330670900,151.295,152.295,1,0,151.795,0.829296,0.822304
2025-12-18 16:29:03.346159100,151.282,152.282,1,0,151.782,0.825487,0.853368
2025-12-18 16:29:03.362676800,151.269,152.269,1,0,151.769,0.816324,0.774089
2025-12-18 16:29:03.376374900,151.256,152.256,1,0,151.756,0.805251,0.675894
2025-12-18 16:29:03.389689100,151.243,152.243,1,0,151.743,0.795629,0.382881
2025-12-18 16:29:03.403227100,151.58,151.91,0.33,556,151.729,0.784843,0.206384
2025-12-18 16:29:03.415885500,151.38,151.92,0.54,748,151.716,0.77059,0.270577
2025-12-18 16:29:03.430151300,151.203,152.203,1,0,151.703,0.756642,0.309924
2025-12-18 16:29:03.441143600,151.56,151.57,0.01,764,151.69,0.738807,0.191157
2025-12-18 16:29:03.451833600,151.177,152.177,1,0,151.677,0.722564,0.307332
2025-12-18 16:29:03.465114700,151.52,151.53,0.01,322,151.664,0.702632,1.03592
2025-12-18 16:29:03.476388000,151.151,152.151,1,0,151.651,0.684457,0.583187
2025-12-18 16:29:03.487074200,151.47,151.72,0.25,751,151.638,0.664606,0.24246
2025-12-18 16:29:03.501070200,151.125,152.125,1,0,151.625,0.644759,0.489214
2025-12-18 16:29:03.512775100,151.41,151.55,0.14,453,151.612,0.622206,0.235054
2025-12-18 16:29:03.522518500,151.099,152.099,1,0,151.599,0.601057,0.425481
2025-12-18 16:29:03.533310300,151.43,151.77,0.34,402,151.585,0.579551,0.31512
2025-12-18 16:29:03.543365700,151.46,151.48,0.02,689,151.572,0.556041,0.175824
2025-12-18 16:29:03.553472600,151.059,152.059,1,0,151.559,0.533429,0.682438
2025-12-18 16:29:03.563375500,151.2,151.42,0.22,643,151.546,0.508657,0.254583
2025-12-18 16:29:03.573091100,151.033,152.033,1,0,151.533,0.485591,0.391392
2025-12-18 16:29:03.583406900,151.54,151.65,0.11,590,151.52,0.463203,0.243292
2025-12-18 16:29:03.595542200,151.007,152.007,1,0,151.507,0.439779,0.449213
2025-12-18 16:29:03.606751500,151.17,151.46,0.29,891,151.494,0.415722,0.328128
2025-12-18 16:29:03.617541700,150.981,151.981,1,0,151.481,0.392494,1.29496
2025-12-18 16:29:03.627794700,151.51,151.78,0.27,414,151.468,0.371144,0.303769
2025-12-18 16:29:03.639314900,150.955,151.955,1,0,151.455,0.348268,0.780624
2025-12-18 16:29:03.649169800,151.24,151.75,0.51,689,151.442,0.325954,0.436913
2025-12-18 16:29:03.661351200,151.09,151.51,0.42,586,151.428,0.304541,0.317114
2025-12-18 16:29:03.675194300,150.915,151.915,1,0,151.415,0.283408,0.45793
2025-12-18 16:29:03.688660500,150.902,151.902,1,0,151.402,0.263143,1.41658
2025-12-18 16:29:03.702777900,150.889,151.889,1,0,151.389,0.243951,1.0306
2025-12-18 16:29:03.715749000,150.876,151.876,1,0,151.376,0.226061,0.404187
2025-12-18 16:29:03.729790300,150.863,151.863,1,0,151.363,0.209736,1.42766
2025-12-18 16:29:03.741596000,150.85,151.85,1,0,151.35,0.195258,0.682833
2025-12-18 16:29:03.755272300,150.837,151.837,1,0,151.337,0.182918,0.66044
2025-12-18 16:29:03.769563600,150.824,151.824,1,0,151.324,0.172983,0.59419
2025-12-18 16:29:03.783404500,150.811,151.811,1,0,151.311,0.165649,0.319042
2025-12-18 16:29:03.796510000,151.06,151.28,0.22,575,151.298,0.165473,0.216047
2025-12-18 16:29:03.810699300,150.784,151.784,1,0,151.284,0.163487,0.436082
2025-12-18 16:29:03.824171600,151.03,151.17,0.14,527,151.271,0.170575,0.224058
2025-12-18 16:29:03.836252300,150.758,151.758,1,0,151.258,0.172588,0.808518
2025-12-18 16:29:03.846614100,151.4,151.46,0.06,578,151.245,0.172163,0.210763
2025-12-18 16:29:03.858857500,150.732,151.732,1,0,151.232,0.176493,1.06666
2025-12-18 16:29:03.875377700,151.19,151.67,0.48,749,151.219,0.176862,0.656102
2025-12-18 16:29:03.888145400,150.706,151.706,1,0,151.206,0.181696,0.351363
2025-12-18 16:29:03.904469600,150.693,151.693,1,0,151.193,0.185929,0.483758
2025-12-18 16:29:03.919451100,150.68,151.68,1,0,151.18,0.18908,0.368934
2025-12-18 16:29:03.932583500,150.667,151.667,1,0,151.167,0.190657,0.377247
2025-12-18 16:29:03.944870300,150.654,151.654,1,0,151.154,0.190121,0.491912
2025-12-18 16:29:03.956366200,150.654,151.654,1,0,151.154,0.188714,0.930868
2025-12-18 16:29:03.967914900,150.696,151.696,1,0,151.196,0.185716,1.29685
2025-12-18 16:29:03.979621200,151.38,151.4,0.02,586,151.239,0.179587,0.177894
2025-12-18 16:29:03.994779100,150.782,151.782,1,0,151.282,0.174457,0.705999
2025-12-18 16:29:04.004404400,151.07,151.14,0.07,407,151.325,0.173589,0.170152
2025-12-18 16:29:04.015649300,150.868,151.868,1,0,151.368,0.166732,0.793051
2025-12-18 16:29:04.029495500,150.911,151.911,1,0,151.411,0.162819,0.576639
2025-12-18 16:29:04.045966000,150.954,151.954,1,0,151.454,0.156958,0.52392
2025-12-18 16:29:04.059773600,150.997,151.997,1,0,151.497,0.155705,0.844821
2025-12-18 16:29:04.072763700,151.04,152.04,1,0,151.54,0.151718,0.435544
2025-12-18 16:29:04.085285300,151.082,152.082,1,0,151.582,0.152992,1.00154
2025-12-18 16:29:04.099464500,151.125,152.125,1,0,151.625,0.152144,0.383775
2025-12-18 16:29:04.112949500,151.168,152.168,1,0,151.668,0.154495,0.730576
2025-12-18 16:29:04.125397300,151.211,152.211,1,0,151.711,0.157604,0.745955
2025-12-18 16:29:04.136397100,151.254,152.254,1,0,151.754,0.165286,1.06368
2025-12-18 16:29:04.149329100,151.297,152.297,1,0,151.797,0.172389,0.329734
2025-12-18 16:29:04.161963100,151.34,152.34,1,0,151.84,0.181075,0.480201
2025-12-18 16:29:04.174789700,151.383,152.383,1,0,151.883,0.192991,0.953117
2025-12-18 16:29:04.188062700,151.426,152.426,1,0,151.926,0.205075,0.847022
2025-12-18 16:29:04.200910500,151.468,152.468,1,0,151.968,0.218438,0.786347
2025-12-18 16:29:04.212659000,151.511,152.511,1,0,152.011,0.232707,0.670788
2025-12-18 16:29:04.223172300,151.554,152.554,1,0,152.054,0.247233,0.807137
2025-12-18 16:29:04.235885300,151.597,152.597,1,0,152.097,0.263254,0.930002
2025-12-18 16:29:04.246535700,151.64,152.64,1,0,152.14,0.278943,0.357221
2025-12-18 16:29:04.257804700,151.683,152.683,1,0,152.183,0.295888,0.788542
2025-12-18 16:29:04.268950400,151.726,152.726,1,0,152.226,0.312594,0.823902
2025-12-18 16:29:04.279696200,151.769,152.769,1,0,152.269,0.330314,0.590215
2025-12-18 16:29:04.290685100,151.812,152.812,1,0,152.312,0.348371,0.340876
2025-12-18 16:29:04.301603400,151.854,152.854,1,0,152.354,0.364952,0.98828
2025-12-18 16:29:04.313893000,151.897,152.897,1,0,152.397,0.38277,0.338573
2025-12-18 16:29:04.325697700,151.94,152.94,1,0,152.44,0.400468,0.691851
2025-12-18 16:29:04.337276300,151.983,152.983,1,0,152.483,0.417976,0.542881
2025-12-18 16:29:04.348274800,152.026,153.026,1,0,152.526,0.435223,1.10937
2025-12-18 16:29:04.360134600,152.069,153.069,1,0,152.569,0.452143,0.577825
2025-12-18 16:29:04.370921500,152.112,153.112,1,0,152.612,0.468669,0.357257
2025-12-18 16:29:04.381914000,152.155,153.155,1,0,152.655,0.484735,0.408939
2025-12-18 16:29:04.392361800,152.198,153.198,1,0,152.698,0.500277,0.463012
2025-12-18 16:29:04.403882700,152.24,153.24,1,0,152.74,0.515225,0.338577
2025-12-18 16:29:04.414514200,152.283,153.283,1,0,152.783,0.526753,0.356076
2025-12-18 16:29:04.424890600,152.326,153.326,1,0,152.826,0.540234,1.04041
2025-12-18 16:29:04.436767800,152.369,153.369,1,0,152.869,0.548641,0.616896
2025-12-18 16:29:04.446929300,152.412,153.412,1,0,152.912,0.560315,0.669747
2025-12-18 16:29:04.457096500,152.455,153.455,1,0,152.955,0.574889,1.03915
2025-12-18 16:29:04.472460600,152.498,153.498,1,0,152.998,0.584684,1.02799
2025-12-18 16:29:04.482676000,152.541,153.541,1,0,153.041,0.598162,0.855632
2025-12-18 16:29:04.492693600,152.584,153.584,1,0,153.084,0.605771,1.06569
2025-12-18 16:29:04.504944000,152.626,153.626,1,0,153.126,0.612043,0.711479
2025-12-18 16:29:04.517221700,152.669,153.669,1,0,153.169,0.616863,0.835048
2025-12-18 16:29:04.527387000,152.712,153.712,1,0,153.212,0.620103,0.375354
2025-12-18 16:29:04.538004700,152.755,153.755,1,0,153.255,0.62162,0.715738
2025-12-18 16:29:04.548537800,152.755,153.755,1,0,153.255,0.620291,0.535637
2025-12-18 16:29:04.559288400,152.722,153.722,1,0,153.222,0.616637,0.39102
2025-12-18 16:29:04.569768100,152.69,153.69,1,0,153.19,0.615845,0.289608
2025-12-18 16:29:04.581176100,152.91,153.15,0.24,454,153.157,0.605377,0.267233
2025-12-18 16:29:04.591110600,152.625,153.625,1,0,153.125,0.587647,0.312865
2025-12-18 16:29:04.601049400,152.9,153.08,0.18,456,153.092,0.574581,0.284158
2025-12-18 16:29:04.611086500,152.559,153.559,1,0,153.059,0.562365,0.701052
2025-12-18 16:29:04.624078400,152.527,153.527,1,0,153.027,0.548906,0.444209
2025-12-18 16:29:04.633956400,152.494,153.494,1,0,152.994,0.534348,0.372557
2025-12-18 16:29:04.643682200,152.462,153.462,1,0,152.962,0.51883,0.691132
2025-12-18 16:29:04.654554800,152.429,153.429,1,0,152.929,0.502489,0.709306
2025-12-18 16:29:04.664449800,152.396,153.396,1,0,152.896,0.48546,0.503354
2025-12-18 16:29:04.673680300,152.364,153.364,1,0,152.864,0.467882,0.478714
2025-12-18 16:29:04.684175900,152.331,153.331,1,0,152.831,0.449896,0.460423
2025-12-18 16:29:04.694031000,152.298,153.298,1,0,152.798,0.431652,0.763818
2025-12-18 16:29:04.704776900,152.266,153.266,1,0,152.766,0.413305,1.28491
2025-12-18 16:29:04.714609600,152.233,153.233,1,0,152.733,0.395025,0.435549
2025-12-18 16:29:04.725434700,152.201,153.201,1,0,152.701,0.376996,0.706293
2025-12-18 16:29:04.747389600,152.168,153.168,1,0,152.668,0.359417,0.475416
2025-12-18 16:29:04.759049500,152.135,153.135,1,0,152.635,0.34251,0.478843
2025-12-18 16:29:04.770835400,152.103,153.103,1,0,152.603,0.326517,0.655065
2025-12-18 16:29:04.782382600,152.07,153.07,1,0,152.57,0.3117,0.432221
2025-12-18 16:29:04.793505100,152.037,153.037,1,0,152.537,0.29834,0.603961
2025-12-18 16:29:04.805680800,152.005,153.005,1,0,152.505,0.286726,0.663491
2025-12-18 16:29:04.819072100,151.972,152.972,1,0,152.472,0.27714,0.450282
2025-12-18 16:29:04.831881500,151.94,152.94,1,0,152.44,0.269838,0.742359
2025-12-18 16:29:04.845563200,151.907,152.907,1,0,152.407,0.265024,0.647958
2025-12-18 16:29:04.857999700,151.874,152.874,1,0,152.374,0.262823,0.605901
2025-12-18 16:29:04.870592400,151.842,152.842,1,0,152.342,0.263264,1.10093
2025-12-18 16:29:04.883486600,151.809,152.809,1,0,152.309,0.266271,0.412385
2025-12-18 16:29:04.897859900,151.777,152.777,1,0,152.277,0.271672,0.300623
2025-12-18 16:29:04.910319300,151.744,152.744,1,0,152.244,0.27922,0.80603
2025-12-18 16:29:04.921111900,151.711,152.711,1,0,152.211,0.288618,0.4307
2025-12-18 16:29:04.939615000,151.679,152.679,1,0,152.179,0.299544,0.466007
2025-12-18 16:29:04.955129600,151.646,152.646,1,0,152.146,0.311675,0.466701
2025-12-18 16:29:04.971760200,151.613,152.613,1,0,152.113,0.324699,0.574096
2025-12-18 16:29:04.993659900,151.581,152.581,1,0,152.081,0.338321,0.44045
2025-12-18 16:29:05.014258400,151.548,152.548,1,0,152.048,0.35227,0.590006
2025-12-18 16:29:05.032143900,151.516,152.516,1,0,152.016,0.366294,1.15154
2025-12-18 16:29:05.050339100,151.483,152.483,1,0,151.983,0.380163,0.739673
2025-12-18 16:29:05.072394500,151.45,152.45,1,0,151.95,0.393658,0.762428
2025-12-18 16:29:05.090037300,151.418,152.418,1,0,151.918,0.406574,0.552627
2025-12-18 16:29:05.105629000,151.385,152.385,1,0,151.885,0.418713,0.719977
2025-12-18 16:29:05.119436700,151.352,152.352,1,0,151.852,0.429878,0.36298
2025-12-18 16:29:05.135680700,151.32,152.32,1,0,151.82,0.439874,0.727967
2025-12-18 16:29:05.151749000,151.287,152.287,1,0,151.787,0.448496,0.307625
2025-12-18 16:29:05.170663100,151.255,152.255,1,0,151.755,0.455531,0.381865
2025-12-18 16:29:05.190426200,151.222,152.222,1,0,151.722,0.460749,0.490095
2025-12-18 16:29:05.205392700,151.189,152.189,1,0,151.689,0.463894,0.740195
2025-12-18 16:29:05.219990100,151.157,152.157,1,0,151.657,0.464679,1.23603
2025-12-18 16:29:05.233717400,151.157,152.157,1,0,151.657,0.463262,1.545
2025-12-18 16:29:05.253650500,151.133,152.133,1,0,151.633,0.461581,0.966033
2025-12-18 16:29:05.271277600,151.11,152.11,1,0,151.61,0.45965,0.834408
2025-12-18 16:29:05.284135200,151.087,152.087,1,0,151.587,0.461732,0.758512
2025-12-18 16:29:05.300960600,151.063,152.063,1,0,151.563,0.459532,0.929223
2025-12-18 16:29:05.316546100,151.04,152.04,1,0,151.54,0.460567,0.76644
2025-12-18 16:29:05.335554000,151.017,152.017,1,0,151.517,0.458114,0.585879
2025-12-18 16:29:05.355412700,150.993,151.993,1,0,151.493,0.455475,0.456057
2025-12-18 16:29:05.374174600,150.97,151.97,1,0,151.47,0.452663,0.548106
2025-12-18 16:29:05.391394300,150.947,151.947,1,0,151.447,0.449689,0.515714
2025-12-18 16:29:05.407443900,150.923,151.923,1,0,151.423,0.446563,0.65665
2025-12-18 16:29:05.429624100,150.9,151.9,1,0,151.4,0.443298,0.628035
2025-12-18 16:29:05.449344400,150.876,151.876,1,0,151.376,0.439904,0.337478
2025-12-18 16:29:05.468753000,150.853,151.853,1,0,151.353,0.436392,0.641571
2025-12-18 16:29:05.489253900,150.83,151.83,1,0,151.33,0.432774,0.827048
2025-12-18 16:29:05.505874000,150.806,151.806,1,0,151.306,0.42906,0.379598
2025-12-18 16:29:05.527594200,150.783,151.783,1,0,151.283,0.425263,0.495035
2025-12-18 16:29:05.546441800,150.76,151.76,1,0,151.26,0.421392,0.771605
2025-12-18 16:29:05.566000000,150.736,151.736,1,0,151.236,0.417461,0.582154
2025-12-18 16:29:05.586642800,150.713,151.713,1,0,151.213,0.41348,0.390162
2025-12-18 16:29:05.602899000,150.69,151.69,1,0,151.19,0.409461,0.760688
2025-12-18 16:29:05.621452800,150.666,151.666,1,0,151.166,0.405417,0.773107
2025-12-18 16:29:05.639555400,150.643,151.643,1,0,151.143,0.401359,0.520158
2025-12-18 16:29:05.660469600,150.62,151.62,1,0,151.12,0.3973,0.47131
2025-12-18 16:29:05.683070800,150.596,151.596,1,0,151.096,0.393253,0.34298
2025-12-18 16:29:05.699903000,150.573,151.573,1,0,151.073,0.389231,0.622521
2025-12-18 16:29:05.714966500,150.549,151.549,1,0,151.049,0.385248,0.573395
2025-12-18 16:29:05.728867000,150.526,151.526,1,0,151.026,0.381316,0.695199
2025-12-18 16:29:05.747033000,150.503,151.503,1,0,151.003,0.377449,0.492359
2025-12-18 16:29:05.769663600,150.479,151.479,1,0,150.979,0.373663,0.755786
2025-12-18 16:29:05.783718400,150.456,151.456,1,0,150.956,0.36997,0.326532
2025-12-18 16:29:05.798402200,150.433,151.433,1,0,150.933,0.366386,0.528106
2025-12-18 16:29:05.812190200,150.409,151.409,1,0,150.909,0.362926,0.755904
2025-12-18 16:29:05.824693000,150.386,151.386,1,0,150.886,0.359604,0.938262
2025-12-18 16:29:05.837296500,150.363,151.363,1,0,150.863,0.356436,0.339026
2025-12-18 16:29:05.850453500,150.339,151.339,1,0,150.839,0.353437,1.04667
2025-12-18 16:29:05.865452500,150.316,151.316,1,0,150.816,0.350621,0.385752
2025-12-18 16:29:05.878895400,150.293,151.293,1,0,150.793,0.348004,0.640211
2025-12-18 16:29:05.892355300,150.269,151.269,1,0,150.769,0.345602,0.597708
2025-12-18 16:29:05.905607100,150.246,151.246,1,0,150.746,0.343427,0.56605
2025-12-18 16:29:05.918431800,150.222,151.222,1,0,150.722,0.341496,0.683451
2025-12-18 16:29:05.931650500,150.199,151.199,1,0,150.699,0.339821,0.297688
2025-12-18 16:29:05.944478900,150.176,151.176,1,0,150.676,0.338415,0.512891
2025-12-18 16:29:05.958339200,150.152,151.152,1,0,150.652,0.337292,0.645469
2025-12-18 16:29:05.970787500,150.129,151.129,1,0,150.629,0.336463,0.64835
2025-12-18 16:29:05.983706600,150.106,151.106,1,0,150.606,0.335938,0.744978
2025-12-18 16:29:05.999177000,150.082,151.082,1,0,150.582,0.335727,0.444834
2025-12-18 16:29:06.012234800,150.059,151.059,1,0,150.559,0.335839,0.514285
2025-12-18 16:29:06.025918000,150.036,151.036,1,0,150.536,0.336281,0.333672
2025-12-18 16:29:06.040478200,150.012,151.012,1,0,150.512,0.33706,0.975654
2025-12-18 16:29:06.053998700,150.012,151.012,1,0,150.512,0.336281,0.548798
2025-12-18 16:29:06.067624800,149.93,150.93,1,0,150.43,0.337548,0.762007
2025-12-18 16:29:06.081210300,149.848,150.848,1,0,150.348,0.34095,0.470672
2025-12-18 16:29:06.094682000,149.766,150.766,1,0,150.266,0.346526,0.477963
2025-12-18 16:29:06.106301400,149.684,150.684,1,0,150.184,0.354258,0.517852
2025-12-18 16:29:06.117214500,149.603,150.603,1,0,150.103,0.364081,0.32175
2025-12-18 16:29:06.132228300,149.521,150.521,1,0,150.021,0.375893,0.369457
2025-12-18 16:29:06.147226100,149.439,150.439,1,0,149.939,0.389557,1.26915
2025-12-18 16:29:06.160970800,149.357,150.357,1,0,149.857,0.404923,0.304794
2025-12-18 16:29:06.174118200,149.275,150.275,1,0,149.775,0.421827,0.833024
2025-12-18 16:29:06.186106900,149.193,150.193,1,0,149.693,0.440105,0.386591
2025-12-18 16:29:06.198530700,149.111,150.111,1,0,149.611,0.459598,0.458569
2025-12-18 16:29:06.209668700,149.029,150.029,1,0,149.529,0.480152,1.40735
2025-12-18 16:29:06.222358400,148.947,149.947,1,0,149.447,0.501624,0.955031
2025-12-18 16:29:06.235729500,148.865,149.865,1,0,149.365,0.523881,0.607178
2025-12-18 16:29:06.247074800,148.783,149.783,1,0,149.283,0.546801,0.794597
2025-12-18 16:29:06.260024300,148.701,149.701,1,0,149.201,0.570269,0.652051
2025-12-18 16:29:06.272253000,148.619,149.619,1,0,149.119,0.594183,0.558904
2025-12-18 16:29:06.283310900,148.537,149.537,1,0,149.037,0.618447,0.987482
2025-12-18 16:29:06.292898300,148.455,149.455,1,0,148.955,0.642973,0.551994
2025-12-18 16:29:06.306904100,148.373,149.373,1,0,148.873,0.667679,0.568721
2025-12-18 16:29:06.317952100,148.291,149.291,1,0,148.791,0.692489,0.367583
2025-12-18 16:29:06.329180300,148.209,149.209,1,0,148.709,0.717331,0.429282
2025-12-18 16:29:06.340016200,148.127,149.127,1,0,148.627,0.742138,0.340069
2025-12-18 16:29:06.351466100,148.045,149.045,1,0,148.545,0.766845,0.564192
2025-12-18 16:29:06.361802200,147.963,148.963,1,0,148.463,0.791391,0.409188
2025-12-18 16:29:06.373628100,147.882,148.882,1,0,148.382,0.815718,0.376857
2025-12-18 16:29:06.384575300,147.8,148.8,1,0,148.3,0.839767,0.589201
2025-12-18 16:29:06.395810500,147.718,148.718,1,0,148.218,0.863483,0.827703
2025-12-18 16:29:06.407721600,147.636,148.636,1,0,148.136,0.886811,1.22606
2025-12-18 16:29:06.418909000,147.554,148.554,1,0,148.054,0.909697,1.05447
2025-12-18 16:29:06.430658800,147.472,148.472,1,0,147.972,0.932086,0.404658
2025-12-18 16:29:06.439943600,147.39,148.39,1,0,147.89,0.953925,0.357154
2025-12-18 16:29:06.452220400,147.308,148.308,1,0,147.808,0.97516,0.448692
2025-12-18 16:29:06.464296500,147.226,148.226,1,0,147.726,0.995735,0.341678
2025-12-18 16:29:06.476176100,147.144,148.144,1,0,147.644,1.0156,0.442517
2025-12-18 16:29:06.487326400,147.062,148.062,1,0,147.562,1.03468,0.626107
2025-12-18 16:29:06.500831300,146.98,147.98,1,0,147.48,1.05294,0.493524
2025-12-18 16:29:06.513580200,146.898,147.898,1,0,147.398,1.07031,0.937583
2025-12-18 16:29:06.524438000,146.816,147.816,1,0,147.316,1.08673,0.683519
2025-12-18 16:29:06.537113000,146.734,147.734,1,0,147.234,1.10214,0.965643
2025-12-18 16:29:06.549800200,146.652,147.652,1,0,147.152,1.11646,0.554981
2025-12-18 16:29:06.560797200,146.57,147.57,1,0,147.07,1.12962,0.704075
2025-12-18 16:29:06.571309600,146.488,147.488,1,0,146.988,1.14156,0.945755
2025-12-18 16:29:06.583248700,146.406,147.406,1,0,146.906,1.1522,0.525307
2025-12-18 16:29:06.593393500,146.324,147.324,1,0,146.824,1.16144,0.520708
2025-12-18 16:29:06.606261400,146.242,147.242,1,0,146.742,1.16921,0.661904
2025-12-18 16:29:06.619217100,146.161,147.161,1,0,146.661,1.1754,0.600162
2025-12-18 16:29:06.631991300,146.079,147.079,1,0,146.579,1.17992,0.966391
2025-12-18 16:29:06.648287100,145.997,146.997,1,0,146.497,1.18265,0.753961
2025-12-18 16:29:06.662170100,145.997,146.997,1,0,146.497,1.17992,0.37792
2025-12-18 16:29:06.677767400,146.005,147.005,1,0,146.505,1.17439,0.675194
2025-12-18 16:29:06.691725900,146.014,147.014,1,0,146.514,1.16627,0.585917
2025-12-18 16:29:06.708474400,146.023,147.023,1,0,146.523,1.15576,0.735672
2025-12-18 16:29:06.725744600,146.031,147.031,1,0,146.531,1.14303,0.493751
2025-12-18 16:29:06.737245900,146.04,147.04,1,0,146.54,1.12823,0.845143
2025-12-18 16:29:06.750856300,146.46,146.49,0.03,499,146.549,1.11346,0.158979
2025-12-18 16:29:06.763812600,146.057,147.057,1,0,146.557,1.09491,0.323302
2025-12-18 16:29:06.777091300,146.52,146.56,0.04,433,146.566,1.07533,0.207983
2025-12-18 16:29:06.790316700,146.34,146.6,0.26,640,146.575,1.05607,0.397702
2025-12-18 16:29:06.801923500,146.43,146.45,0.02,620,146.583,1.03616,0.135386
2025-12-18 16:29:06.815227900,146.092,147.092,1,0,146.592,1.01152,0.668596
2025-12-18 16:29:06.828243000,146.101,147.101,1,0,146.601,0.985678,0.704545
2025-12-18 16:29:06.839844400,146.109,147.109,1,0,146.609,0.958729,1.14434
2025-12-18 16:29:06.851631600,146.118,147.118,1,0,146.618,0.930766,0.516735
2025-12-18 16:29:06.863532600,146.126,147.126,1,0,146.626,0.901878,0.941315
2025-12-18 16:29:06.875211400,146.135,147.135,1,0,146.635,0.872152,0.570059
2025-12-18 16:29:06.889292900,146.144,147.144,1,0,146.644,0.841674,1.50025
2025-12-18 16:29:06.901412100,146.152,147.152,1,0,146.652,0.810525,0.559769
2025-12-18 16:29:06.912014100,146.161,147.161,1,0,146.661,0.778789,0.759233
2025-12-18 16:29:06.922783700,146.17,147.17,1,0,146.67,0.746547,0.716484
2025-12-18 16:29:06.934014400,146.91,146.98,0.07,574,146.678,0.711335,0.438476
2025-12-18 16:29:06.944313500,146.187,147.187,1,0,146.687,0.678517,0.191223
2025-12-18 16:29:06.955871000,146.21,146.66,0.45,494,146.696,0.649529,0.401837
2025-12-18 16:29:06.966301800,146.68,147.21,0.53,401,146.704,0.614537,0.58833
2025-12-18 16:29:06.977436200,146.21,146.8,0.59,618,146.713,0.584109,0.466168
2025-12-18 16:29:06.990347700,146.76,147.18,0.42,1061,146.722,0.54971,0.500258
2025-12-18 16:29:07.004308400,146.29,146.76,0.47,1240,146.73,0.519219,0.414309
2025-12-18 16:29:07.018036800,146.69,147.2,0.51,577,146.739,0.485859,0.663231
2025-12-18 16:29:07.027866300,146.26,146.77,0.51,844,146.748,0.456157,0.368586
2025-12-18 16:29:07.040027700,146.74,147.15,0.41,1041,146.756,0.424275,0.364251
2025-12-18 16:29:07.050805200,146.265,147.265,1,0,146.765,0.39327,1.1796
2025-12-18 16:29:07.062945400,146.76,147.04,0.28,517,146.774,0.363251,0.271198
2025-12-18 16:29:07.075585800,146.282,147.282,1,0,146.782,0.3342,0.936822
2025-12-18 16:29:07.089372500,146.56,146.65,0.09,460,146.791,0.307235,0.204945
2025-12-18 16:29:07.102823200,146.3,147.3,1,0,146.8,0.28071,0.392085
2025-12-18 16:29:07.113396100,146.56,146.88,0.32,636,146.808,0.255733,0.381288
2025-12-18 16:29:07.125016200,147.11,147.17,0.06,538,146.817,0.239852,0.385621
2025-12-18 16:29:07.138276200,146.326,147.326,1,0,146.826,0.22047,0.500877
2025-12-18 16:29:07.148797500,146.58,146.83,0.25,1016,146.834,0.203147,0.20238
2025-12-18 16:29:07.158486500,146.343,147.343,1,0,146.843,0.189674,0.39922
2025-12-18 16:29:07.170326900,146.97,147.11,0.14,671,146.852,0.18487,0.662894
2025-12-18 16:29:07.183414500,146.65,165.654,19.0042,376,146.86,1.33693,10.5221
2025-12-18 16:29:07.196078800,146.369,147.369,1,0,146.869,1.33684,0.23835
2025-12-18 16:29:07.210643300,146.378,147.378,1,0,146.878,1.33683,0.370566
2025-12-18 16:29:07.224290500,146.386,147.386,1,0,146.886,1.33681,0.307306
2025-12-18 16:29:07.238382500,146.395,147.395,1,0,146.895,1.33668,0.474754
2025-12-18 16:29:07.253755600,146.404,147.404,1,0,146.904,1.33633,0.828984
2025-12-18 16:29:07.268041900,146.412,147.412,1,0,146.912,1.33563,0.534164
2025-12-18 16:29:07.281291900,146.421,147.421,1,0,146.921,1.33446,0.589937
2025-12-18 16:29:07.294960900,146.421,147.421,1,0,146.921,1.33323,0.615192
2025-12-18 16:29:07.308377100,146.431,147.431,1,0,146.931,1.332,1.03689
2025-12-18 16:29:07.322068500,146.441,147.441,1,0,146.941,1.33078,0.326947
2025-12-18 16:29:07.335784000,146.63,146.89,0.26,849,146.95,1.32977,0.426093
2025-12-18 16:29:07.350151100,146.46,147.46,1,0,146.96,1.32857,0.545985
2025-12-18 16:29:07.362162600,146.47,147.47,1,0,146.97,1.32736,0.398939
2025-12-18 16:29:07.375749600,146.48,147.48,1,0,146.98,1.32567,0.358343
2025-12-18 16:29:07.386807600,146.49,147.49,1,0,146.99,1.32446,0.424082
2025-12-18 16:29:07.399005400,146.5,147.5,1,0,147,1.32309,0.3369
2025-12-18 16:29:07.410306600,146.51,147.51,1,0,147.01,1.32114,0.61753
2025-12-18 16:29:07.420915200,146.52,147.52,1,0,147.02,1.31886,0.459134
2025-12-18 16:29:07.435470200,146.529,147.529,1,0,147.029,1.31761,0.611131
2025-12-18 16:29:07.454819200,146.539,147.539,1,0,147.039,1.31636,0.602801
2025-12-18 16:29:07.467253700,146.549,147.549,1,0,147.049,1.3151,1.80846
2025-12-18 16:29:07.479027400,146.89,147.29,0.4,545,147.059,1.31386,0.254439
2025-12-18 16:29:07.490724300,146.569,147.569,1,0,147.069,1.3126,0.465888
2025-12-18 16:29:07.502402800,146.94,147.3,0.36,720,147.079,1.31137,0.328143
2025-12-18 16:29:07.513361600,146.589,147.589,1,0,147.089,1.31009,1.14859
2025-12-18 16:29:07.524777100,147.21,147.24,0.03,461,147.098,1.309,0.185297
2025-12-18 16:29:07.537789800,146.608,147.608,1,0,147.108,1.3077,0.438948
2025-12-18 16:29:07.548974400,146.99,147.6,0.61,401,147.118,1.30672,0.53613
2025-12-18 16:29:07.560981000,146.628,147.628,1,0,147.128,1.30657,0.547986
2025-12-18 16:29:07.572026300,146.89,147.18,0.29,775,147.138,1.3053,0.396455
2025-12-18 16:29:07.585131400,146.648,147.648,1,0,147.148,1.30183,0.466019
2025-12-18 16:29:07.599271900,146.93,146.94,0.01,760,147.158,1.30186,0.151016
2025-12-18 16:29:07.610479500,146.668,147.668,1,0,147.168,1.29894,0.653844
2025-12-18 16:29:07.622030500,147.12,147.16,0.04,618,147.177,1.29874,0.396584
2025-12-18 16:29:07.634557600,147.4,147.51,0.11,453,147.187,1.29657,0.386124
2025-12-18 16:29:07.646716900,146.7,147.03,0.33,1293,147.197,1.29687,0.297715
2025-12-18 16:29:07.658830800,146.99,147.62,0.63,1043,147.207,1.29386,0.587703
2025-12-18 16:29:07.670414200,146.717,147.717,1,0,147.217,1.29349,0.536445
2025-12-18 16:29:07.683699200,146.727,147.727,1,0,147.227,1.29221,0.611986
2025-12-18 16:29:07.697246600,146.737,147.737,1,0,147.237,1.29161,0.466082
2025-12-18 16:29:07.709903000,146.746,147.746,1,0,147.246,1.29034,0.371443
2025-12-18 16:29:07.722248100,146.756,147.756,1,0,147.256,1.28759,0.734293
2025-12-18 16:29:07.736386500,147.32,147.49,0.17,558,147.266,1.28653,0.262181
2025-12-18 16:29:07.746696700,146.776,147.776,1,0,147.276,1.28456,0.473526
2025-12-18 16:29:07.759564000,147.35,147.4,0.05,536,147.286,1.28464,0.215271
2025-12-18 16:29:07.773106000,146.796,147.796,1,0,147.296,1.28331,0.88284
2025-12-18 16:29:07.787221300,147.24,147.26,0.02,396,147.306,1.28098,0.203215
2025-12-18 16:29:07.800847500,147.33,147.58,0.25,453,147.316,1.27989,0.373375
2025-12-18 16:29:07.811466300,146.825,147.825,1,0,147.325,1.27949,0.311965
2025-12-18 16:29:07.823699800,147.46,147.48,0.02,412,147.335,0.178033,0.236112
2025-12-18 16:29:07.835634000,146.845,147.845,1,0,147.345,0.178076,0.421909
2025-12-18 16:29:07.848146200,147.49,147.58,0.09,610,147.355,0.184511,0.253702
2025-12-18 16:29:07.858980500,146.865,147.865,1,0,147.365,0.184336,0.317909
2025-12-18 16:29:07.872108700,147.31,147.5,0.19,468,147.375,0.184951,0.236487
2025-12-18 16:29:07.884385900,147.46,147.66,0.2,463,147.385,0.190634,0.263758
2025-12-18 16:29:07.943376300,146.894,147.894,1,0,147.394,0.190202,0.622076
2025-12-18 16:29:07.954156000,147.09,147.54,0.45,744,147.404,0.188006,0.264727
2025-12-18 16:29:07.968832000,146.904,147.904,1,0,147.404,0.18714,0.409166
2025-12-18 16:29:07.979930200,147.33,147.59,0.26,574,147.35,0.187469,0.826572
2025-12-18 16:29:07.993117700,146.97,147.09,0.12,582,147.296,0.185452,0.437213
2025-12-18 16:29:08.005909600,146.742,147.742,1,0,147.242,0.174722,0.589299
2025-12-18 16:29:08.020640400,146.688,147.688,1,0,147.188,0.171185,0.959426
2025-12-18 16:29:08.035843200,146.634,147.634,1,0,147.134,0.168094,0.857722
2025-12-18 16:29:08.048860500,146.579,147.579,1,0,147.079,0.16589,0.513551
2025-12-18 16:29:08.062846600,146.525,147.525,1,0,147.025,0.165,1.61618
2025-12-18 16:29:08.076836400,146.471,147.471,1,0,146.971,0.165804,0.4886
2025-12-18 16:29:08.089173100,146.417,147.417,1,0,146.917,0.168601,0.609845
2025-12-18 16:29:08.103390800,146.363,147.363,1,0,146.863,0.173582,0.619293
2025-12-18 16:29:08.115444800,146.309,147.309,1,0,146.809,0.180812,0.374392
2025-12-18 16:29:08.129186200,146.254,147.254,1,0,146.754,0.190244,0.818563
2025-12-18 16:29:08.142814300,146.2,147.2,1,0,146.7,0.201742,0.41773
2025-12-18 16:29:08.155867400,146.146,147.146,1,0,146.646,0.215434,0.667809
2025-12-18 16:29:08.169816700,146.092,147.092,1,0,146.592,0.230415,0.685996
2025-12-18 16:29:08.182730400,146.038,147.038,1,0,146.538,0.24705,0.701821
2025-12-18 16:29:08.195409800,145.984,146.984,1,0,146.484,0.264641,1.07273
2025-12-18 16:29:08.209348000,145.929,146.929,1,0,146.429,0.283048,0.490639
2025-12-18 16:29:08.223507100,145.875,146.875,1,0,146.375,0.302428,0.874419
2025-12-18 16:29:08.235922500,145.821,146.821,1,0,146.321,0.321387,0.543026
2025-12-18 16:29:08.248037800,145.767,146.767,1,0,146.267,0.341941,0.814518
2025-12-18 16:29:08.262610100,145.713,146.713,1,0,146.213,0.363056,1.22392
2025-12-18 16:29:08.274417900,145.659,146.659,1,0,146.159,0.3845,0.535832
2025-12-18 16:29:08.287486200,145.604,146.604,1,0,146.104,0.406364,0.871965
2025-12-18 16:29:08.300090500,145.55,146.55,1,0,146.05,0.428408,1.03735
2025-12-18 16:29:08.312327900,145.496,146.496,1,0,145.996,0.450787,0.331078
2025-12-18 16:29:08.326781800,145.442,146.442,1,0,145.942,0.468757,0.550075
2025-12-18 16:29:08.339280200,145.388,146.388,1,0,145.888,0.491957,0.80098
2025-12-18 16:29:08.352789600,145.334,146.334,1,0,145.834,0.512626,0.347077
2025-12-18 16:29:08.366046800,145.279,146.279,1,0,145.779,0.534311,0.5743
2025-12-18 16:29:08.380810100,145.225,146.225,1,0,145.725,0.555668,0.647261
2025-12-18 16:29:08.396078000,145.171,146.171,1,0,145.671,0.576633,1.16974
2025-12-18 16:29:08.409860400,145.117,146.117,1,0,145.617,0.597139,0.782611
2025-12-18 16:29:08.422984200,145.063,146.063,1,0,145.563,0.617123,0.436508
2025-12-18 16:29:08.436583000,145.009,146.009,1,0,145.509,0.633802,0.637832
2025-12-18 16:29:08.449956000,144.954,145.954,1,0,145.454,0.652462,0.657912
2025-12-18 16:29:08.463672800,144.9,145.9,1,0,145.4,0.668551,0.831995
2025-12-18 16:29:08.477245000,144.846,145.846,1,0,145.346,0.685626,0.584855
2025-12-18 16:29:08.490962700,144.792,145.792,1,0,145.292,0.702965,0.351541
2025-12-18 16:29:08.504886200,144.738,145.738,1,0,145.238,0.714865,0.66746
2025-12-18 16:29:08.519512600,144.684,145.684,1,0,145.184,0.729017,1.0764
2025-12-18 16:29:08.532105600,144.629,145.629,1,0,145.129,0.73849,0.62988
2025-12-18 16:29:08.545242600,144.575,145.575,1,0,145.075,0.750193,0.61877
2025-12-18 16:29:08.557452700,144.521,145.521,1,0,145.021,0.755283,0.63495
2025-12-18 16:29:08.570668800,144.467,145.467,1,0,144.967,0.764073,0.873722
2025-12-18 16:29:08.600360700,144.413,145.413,1,0,144.913,0.770397,0.691494
2025-12-18 16:29:08.620562200,144.359,145.359,1,0,144.859,0.770046,0.615244
2025-12-18 16:29:08.632858300,144.304,145.304,1,0,144.804,0.773531,0.835542
2025-12-18 16:29:08.646590200,144.25,145.25,1,0,144.75,0.777974,1.04057
2025-12-18 16:29:08.660537000,144.25,145.25,1,0,144.75,0.775947,0.671155
2025-12-18 16:29:08.674312500,144.275,145.275,1,0,144.775,0.767382,0.810917
2025-12-18 16:29:08.689094200,144.299,145.299,1,0,144.799,0.769158,0.946602
2025-12-18 16:29:08.703879300,144.323,145.323,1,0,144.823,0.760683,0.961651
2025-12-18 16:29:08.717084600,144.64,145.04,0.4,323,144.848,0.75056,0.415608
2025-12-18 16:29:08.730787100,144.78,144.86,0.08,567,144.872,0.739852,0.231562
2025-12-18 16:29:08.744535600,144.61,144.68,0.07,538,144.896,0.732887,0.136033
2025-12-18 16:29:08.758736800,144.421,145.421,1,0,144.921,0.717709,0.612223
2025-12-18 16:29:08.772204900,144.445,145.445,1,0,144.945,0.701265,0.636913
2025-12-18 16:29:08.785883200,144.47,145.47,1,0,144.97,0.683673,0.57298
2025-12-18 16:29:08.799032100,144.494,145.494,1,0,144.994,0.665048,0.511619
2025-12-18 16:29:08.811670900,144.518,145.518,1,0,145.018,0.6455,0.669072
2025-12-18 16:29:08.825029700,144.543,145.543,1,0,145.043,0.625139,0.336835
2025-12-18 16:29:08.838169200,144.567,145.567,1,0,145.067,0.604071,0.489863
2025-12-18 16:29:08.851286100,144.591,145.591,1,0,145.091,0.582405,0.611606
2025-12-18 16:29:08.864789200,144.616,145.616,1,0,145.116,0.560247,0.566985
2025-12-18 16:29:08.878080400,144.64,145.64,1,0,145.14,0.537709,0.346277
2025-12-18 16:29:08.891758100,144.664,145.664,1,0,145.164,0.514907,0.527464
2025-12-18 16:29:08.905638800,144.689,145.689,1,0,145.189,0.491961,0.979019
2025-12-18 16:29:08.920381500,144.713,145.713,1,0,145.213,0.468999,0.743477
2025-12-18 16:29:08.936621900,144.738,145.738,1,0,145.238,0.446159,0.492352
2025-12-18 16:29:08.953909500,144.762,145.762,1,0,145.262,0.423593,0.355795
2025-12-18 16:29:08.966659100,144.786,145.786,1,0,145.286,0.401464,0.354658
2025-12-18 16:29:08.979494400,144.811,145.811,1,0,145.311,0.379957,0.426839
2025-12-18 16:29:08.992705000,144.835,145.835,1,0,145.335,0.359274,0.482629
2025-12-18 16:29:09.005007000,144.859,145.859,1,0,145.359,0.339644,0.62598
2025-12-18 16:29:09.019126600,144.884,145.884,1,0,145.384,0.321315,0.521129
2025-12-18 16:29:09.033246100,144.908,145.908,1,0,145.408,0.304558,0.577011
2025-12-18 16:29:09.046100300,144.932,145.932,1,0,145.432,0.289658,0.584636
2025-12-18 16:29:09.060262700,144.957,145.957,1,0,145.457,0.276901,0.652558
2025-12-18 16:29:09.073529300,144.981,145.981,1,0,145.481,0.266553,0.820779
2025-12-18 16:29:09.087008000,145.006,146.006,1,0,145.506,0.258831,0.75461
2025-12-18 16:29:09.098741500,145.03,146.03,1,0,145.53,0.25387,0.480381
2025-12-18 16:29:09.112639200,145.054,146.054,1,0,145.554,0.251702,0.769557
2025-12-18 16:29:09.125643200,145.079,146.079,1,0,145.579,0.252236,0.480404
2025-12-18 16:29:09.139923900,145.103,146.103,1,0,145.603,0.255266,0.740844
2025-12-18 16:29:09.153340100,145.127,146.127,1,0,145.627,0.260491,0.421357
2025-12-18 16:29:09.165534700,145.152,146.152,1,0,145.652,0.267548,0.506459
2025-12-18 16:29:09.177749300,145.176,146.176,1,0,145.676,0.27604,0.499836
2025-12-18 16:29:09.190016900,145.2,146.2,1,0,145.7,0.285567,0.45871
2025-12-18 16:29:09.201935900,145.225,146.225,1,0,145.725,0.29574,1.07751
2025-12-18 16:29:09.214069200,145.249,146.249,1,0,145.749,0.306194,0.324364
2025-12-18 16:29:09.224150800,145.274,146.274,1,0,145.774,0.316583,0.339981
2025-12-18 16:29:09.238175100,145.298,146.298,1,0,145.798,0.326586,0.526535
2025-12-18 16:29:09.249129100,145.322,146.322,1,0,145.822,0.335894,1.5367
2025-12-18 16:29:09.261118700,145.347,146.347,1,0,145.847,0.344209,0.673085
2025-12-18 16:29:09.272804600,145.371,146.371,1,0,145.871,0.351232,0.48527
2025-12-18 16:29:09.285097300,145.395,146.395,1,0,145.895,0.356656,0.562491
2025-12-18 16:29:09.295001400,145.42,146.42,1,0,145.92,0.360151,0.564187
2025-12-18 16:29:09.306402000,145.444,146.444,1,0,145.944,0.361353,0.858321
2025-12-18 16:29:09.319319000,145.444,146.444,1,0,145.944,0.360975,0.93753
2025-12-18 16:29:09.331281500,145.434,146.434,1,0,145.934,0.359547,0.653852
2025-12-18 16:29:09.344172200,145.424,146.424,1,0,145.924,0.357162,0.92144
2025-12-18 16:29:09.356913000,145.93,145.94,0.01,357,145.913,0.35451,0.219217
2025-12-18 16:29:09.371399300,145.81,145.84,0.03,534,145.903,0.348339,0.153993
2025-12-18 16:29:09.384352200,145.393,146.393,1,0,145.893,0.341699,0.31647
2025-12-18 16:29:09.394196900,145.73,145.96,0.23,406,145.882,0.324338,0.240271
2025-12-18 16:29:09.407869100,145.372,146.372,1,0,145.872,0.317765,0.365649
2025-12-18 16:29:09.419445200,146.06,146.16,0.1,462,145.862,0.317693,0.424376
2025-12-18 16:29:09.430881000,145.352,146.352,1,0,145.852,0.30991,0.44414
2025-12-18 16:29:09.441084900,145.341,146.341,1,0,145.841,0.301669,0.271651
2025-12-18 16:29:09.452871800,145.331,146.331,1,0,145.831,0.293017,0.274525
2025-12-18 16:29:09.463801100,145.321,146.321,1,0,145.821,0.284002,0.317926
2025-12-18 16:29:09.474619200,145.311,146.311,1,0,145.811,0.27467,0.304544
2025-12-18 16:29:09.484586000,145.3,146.3,1,0,145.8,0.265068,0.41114
2025-12-18 16:29:09.497052600,145.29,146.29,1,0,145.79,0.255242,0.380758
2025-12-18 16:29:09.509795800,145.28,146.28,1,0,145.78,0.24524,0.623662
2025-12-18 16:29:09.522796200,145.27,146.27,1,0,145.77,0.235111,0.57781
2025-12-18 16:29:09.535867000,145.259,146.259,1,0,145.759,0.224906,1.21263
2025-12-18 16:29:09.547243800,145.32,146.1,0.78,587,145.749,0.214557,1.15378
2025-12-18 16:29:09.560378000,145.239,146.239,1,0,145.739,0.204399,0.553094
2025-12-18 16:29:09.574081900,145.55,145.61,0.06,400,145.728,0.19524,0.186317
2025-12-18 16:29:09.585193200,145.218,146.218,1,0,145.718,0.185535,0.937585
2025-12-18 16:29:09.597544300,145.64,145.99,0.35,656,145.708,0.17647,0.426613
2025-12-18 16:29:09.609104400,145.198,146.198,1,0,145.698,0.167278,0.579026
2025-12-18 16:29:09.621869700,145.35,145.61,0.26,273,145.687,0.162607,0.277797
2025-12-18 16:29:09.632991800,145.177,146.177,1,0,145.677,0.154741,0.346615
2025-12-18 16:29:09.645168400,145.61,145.72,0.11,991,145.667,0.147531,0.223786
2025-12-18 16:29:09.659834200,146.04,146.09,0.05,353,145.657,0.146775,0.380119
2025-12-18 16:29:09.677082900,145.23,145.79,0.56,1778,145.646,0.144724,0.288493
2025-12-18 16:29:09.688838400,145.136,146.136,1,0,145.636,0.140206,0.297818
2025-12-18 16:29:09.702243300,145.33,145.98,0.65,666,145.626,0.136112,0.294995
2025-12-18 16:29:09.714022100,145.76,145.84,0.08,560,145.615,0.131726,0.576798
2025-12-18 16:29:09.725685100,145.105,146.105,1,0,145.605,0.130191,0.659344
2025-12-18 16:29:09.738812000,145.095,146.095,1,0,145.595,0.129712,0.633127
2025-12-18 16:29:09.750421500,145.085,146.085,1,0,145.585,0.13023,0.34656
2025-12-18 16:29:09.762416300,145.074,146.074,1,0,145.574,0.131653,0.625238
2025-12-18 16:29:09.772334500,145.064,146.064,1,0,145.564,0.133863,0.72894
2025-12-18 16:29:09.784713900,145.054,146.054,1,0,145.554,0.136724,0.504354
2025-12-18 16:29:09.795308400,145.044,146.044,1,0,145.544,0.14009,0.558003
2025-12-18 16:29:09.806508100,145.033,146.033,1,0,145.533,0.143813,1.18586
2025-12-18 16:29:09.819521200,145.023,146.023,1,0,145.523,0.147745,0.833786
2025-12-18 16:29:09.828599000,145.013,146.013,1,0,145.513,0.151745,0.476373
2025-12-18 16:29:09.841884700,145.09,145.18,0.09,577,145.503,0.17468,0.203695
2025-12-18 16:29:09.853369300,144.992,145.992,1,0,145.492,0.177736,0.529592
2025-12-18 16:29:09.867653600,145.35,145.37,0.02,588,145.482,0.184579,0.124986
2025-12-18 16:29:09.878021400,144.972,145.972,1,0,145.472,0.18675,1.12718
2025-12-18 16:29:09.888774800,145.36,145.44,0.08,655,145.461,0.190178,0.200206
2025-12-18 16:29:09.903102700,144.951,145.951,1,0,145.451,0.191052,1.03378
2025-12-18 16:29:09.916338200,145.16,145.52,0.36,542,145.441,0.194218,0.408634
2025-12-18 16:29:09.925725500,144.941,145.941,1,0,145.441,0.193644,0.83226
2025-12-18 16:29:09.937221700,145.38,145.44,0.06,468,145.399,0.193604,0.204085
2025-12-18 16:29:09.950535500,145.15,145.71,0.56,479,145.356,0.192798,0.310041
2025-12-18 16:29:09.962105200,144.94,144.99,0.05,680,145.314,0.211637,0.189197
2025-12-18 16:29:09.974715900,144.772,145.772,1,0,145.272,0.21592,0.651264
2025-12-18 16:29:09.986855000,144.89,145.41,0.52,1038,145.229,0.22248,0.276722
2025-12-18 16:29:09.996853800,144.687,145.687,1,0,145.187,0.227628,0.397077
2025-12-18 16:29:10.009538300,144.645,145.645,1,0,145.145,0.232794,0.339467
2025-12-18 16:29:10.022837800,144.603,145.603,1,0,145.103,0.22989,0.474478
2025-12-18 16:29:10.035523900,144.56,145.56,1,0,145.06,0.236605,0.777916
2025-12-18 16:29:10.049419700,144.518,145.518,1,0,145.018,0.24408,0.614813
2025-12-18 16:29:10.060806200,144.476,145.476,1,0,144.976,0.252255,0.649033
2025-12-18 16:29:10.073553600,144.434,145.434,1,0,144.934,0.261067,0.858629
2025-12-18 16:29:10.086539500,144.391,145.391,1,0,144.891,0.270453,0.393031
2025-12-18 16:29:10.100558500,144.349,145.349,1,0,144.849,0.280348,0.608535
2025-12-18 16:29:10.113236000,144.307,145.307,1,0,144.807,0.290691,0.723729
2025-12-18 16:29:10.125899300,144.264,145.264,1,0,144.764,0.301423,0.741692
2025-12-18 16:29:10.136788000,144.222,145.222,1,0,144.722,0.312485,0.485583
2025-12-18 16:29:10.147856800,144.18,145.18,1,0,144.68,0.323823,0.342275
2025-12-18 16:29:10.159935800,144.138,145.138,1,0,144.638,0.336259,1.22384
2025-12-18 16:29:10.172602100,144.095,145.095,1,0,144.595,0.348021,0.412785
2025-12-18 16:29:10.184194800,144.053,145.053,1,0,144.553,0.362746,0.612717
2025-12-18 16:29:10.197066700,144.011,145.011,1,0,144.511,0.374827,0.643554
2025-12-18 16:29:10.210127600,143.968,144.968,1,0,144.468,0.38417,0.58038
2025-12-18 16:29:10.223025600,143.926,144.926,1,0,144.426,0.396247,0.647731
2025-12-18 16:29:10.234339800,143.884,144.884,1,0,144.384,0.412064,0.604722
2025-12-18 16:29:10.245158500,143.842,144.842,1,0,144.342,0.424193,0.603447
2025-12-18 16:29:10.256940800,143.799,144.799,1,0,144.299,0.436259,0.47937
2025-12-18 16:29:10.268980000,143.757,144.757,1,0,144.257,0.434552,0.848766
2025-12-18 16:29:10.282820600,143.715,144.715,1,0,144.215,0.449039,0.733872
2025-12-18 16:29:10.294528400,143.672,144.672,1,0,144.172,0.46047,0.685675
2025-12-18 16:29:10.306494400,143.63,144.63,1,0,144.13,0.470907,0.45264
2025-12-18 16:29:10.317696000,143.588,144.588,1,0,144.088,0.476375,0.343383
2025-12-18 16:29:10.329003400,143.546,144.546,1,0,144.046,0.486832,0.317168
2025-12-18 16:29:10.340691800,143.503,144.503,1,0,144.003,0.496941,0.735359
2025-12-18 16:29:10.352932800,143.461,144.461,1,0,143.961,0.50667,1.05505
2025-12-18 16:29:10.366085700,143.419,144.419,1,0,143.919,0.515984,0.986562
2025-12-18 16:29:10.378263400,143.376,144.376,1,0,143.876,0.524847,1.10277
2025-12-18 16:29:10.389930800,143.334,144.334,1,0,143.834,0.533225,0.701092
2025-12-18 16:29:10.402284100,143.292,144.292,1,0,143.792,0.541079,0.392818
2025-12-18 16:29:10.415825900,143.25,144.25,1,0,143.75,0.548371,1.02845
2025-12-18 16:29:10.429003100,143.207,144.207,1,0,143.707,0.55506,0.620678
2025-12-18 16:29:10.442532400,143.165,144.165,1,0,143.665,0.561103,0.322371
2025-12-18 16:29:10.457836600,143.123,144.123,1,0,143.623,0.575353,0.35374
2025-12-18 16:29:10.472245000,143.08,144.08,1,0,143.58,0.580379,0.469743
2025-12-18 16:29:10.485974000,143.038,144.038,1,0,143.538,0.588231,0.32648
2025-12-18 16:29:10.499830300,142.996,143.996,1,0,143.496,0.591795,0.901329
2025-12-18 16:29:10.512520500,142.954,143.954,1,0,143.454,0.596446,0.706996
2025-12-18 16:29:10.524943900,142.911,143.911,1,0,143.411,0.598268,0.457801
2025-12-18 16:29:10.539854700,142.869,143.869,1,0,143.369,0.602424,0.614821
2025-12-18 16:29:10.552849800,142.869,143.869,1,0,143.369,0.600523,0.608944
2025-12-18 16:29:10.565802900,142.881,143.881,1,0,143.381,0.596511,0.513137
2025-12-18 16:29:10.578502400,142.893,143.893,1,0,143.393,0.588544,0.510582
2025-12-18 16:29:10.594546100,142.905,143.905,1,0,143.405,0.592485,0.872478
2025-12-18 16:29:10.608242700,143.56,143.59,0.03,592,143.417,0.581137,0.184138
2025-12-18 16:29:10.621989200,142.929,143.929,1,0,143.429,0.575382,0.337469
2025-12-18 16:29:10.636133500,143.3,143.35,0.05,382,143.441,0.568941,0.180856
2025-12-18 16:29:10.648764700,142.954,143.954,1,0,143.454,0.55828,0.714564
2025-12-18 16:29:10.661875400,143.58,143.62,0.04,716,143.466,0.544014,0.476128
2025-12-18 16:29:10.675406200,142.978,143.978,1,0,143.478,0.531642,0.823654
2025-12-18 16:29:10.688658100,143.38,143.55,0.17,559,143.49,0.518985,0.331819
2025-12-18 16:29:10.699521100,143.44,143.64,0.2,432,143.502,0.504376,0.237621
2025-12-18 16:29:10.713435400,143.014,144.014,1,0,143.514,0.489829,1.08186
2025-12-18 16:29:10.724474400,143.67,143.79,0.12,551,143.526,0.472088,0.469079
2025-12-18 16:29:10.738398600,143.038,144.038,1,0,143.538,0.45656,0.320964
2025-12-18 16:29:10.750820100,143.6,143.61,0.01,616,143.55,0.439805,0.228419
2025-12-18 16:29:10.762986800,143.062,144.062,1,0,143.562,0.42343,0.829685
2025-12-18 16:29:10.776132500,143.73,143.77,0.04,483,143.574,0.405202,0.20443
2025-12-18 16:29:10.789497100,143.086,144.086,1,0,143.586,0.388328,0.62201
2025-12-18 16:29:10.802667100,143.61,143.77,0.16,439,143.599,0.370485,0.239329
2025-12-18 16:29:10.814250200,143.111,144.111,1,0,143.611,0.353306,0.85264
2025-12-18 16:29:10.825841000,143.43,143.72,0.29,559,143.623,0.336499,0.413801
2025-12-18 16:29:10.838308800,143.78,143.83,0.05,552,143.635,0.318969,0.196683
2025-12-18 16:29:10.851883700,143.147,144.147,1,0,143.647,0.30192,0.507656
2025-12-18 16:29:10.865512100,143.28,143.34,0.06,518,143.659,0.290469,0.159241
2025-12-18 16:29:10.876735200,143.171,144.171,1,0,143.671,0.273815,0.359339
2025-12-18 16:29:10.891187100,143.183,144.183,1,0,143.683,0.257547,0.391184
2025-12-18 16:29:10.905569100,143.195,144.195,1,0,143.695,0.241785,0.421699
2025-12-18 16:29:10.915806600,143.207,144.207,1,0,143.707,0.226664,0.656903
2025-12-18 16:29:10.927854300,143.219,144.219,1,0,143.719,0.212333,0.706621
2025-12-18 16:29:10.939167200,143.231,144.231,1,0,143.731,0.198963,0.62984
2025-12-18 16:29:10.953066200,143.243,144.243,1,0,143.743,0.186736,0.716757
2025-12-18 16:29:10.970405800,143.256,144.256,1,0,143.756,0.175849,0.841864
2025-12-18 16:29:10.983906700,143.268,144.268,1,0,143.768,0.166498,0.538158
2025-12-18 16:29:10.999658100,143.28,144.28,1,0,143.78,0.15886,0.57052
2025-12-18 16:29:11.015655400,143.292,144.292,1,0,143.792,0.153074,0.396572
2025-12-18 16:29:11.035357400,143.304,144.304,1,0,143.804,0.149209,0.470639
2025-12-18 16:29:11.048547900,143.316,144.316,1,0,143.816,0.147243,0.636055
2025-12-18 16:29:11.062316900,143.328,144.328,1,0,143.828,0.147057,0.531218
2025-12-18 16:29:11.076578900,143.34,144.34,1,0,143.84,0.148438,0.466041
2025-12-18 16:29:11.090080600,143.352,144.352,1,0,143.852,0.151106,0.4696
2025-12-18 16:29:11.104036000,143.364,144.364,1,0,143.864,0.15474,0.67027
2025-12-18 16:29:11.115550500,143.376,144.376,1,0,143.876,0.159001,0.720485
2025-12-18 16:29:11.127754300,143.388,144.388,1,0,143.888,0.163557,0.604802
2025-12-18 16:29:11.143961800,143.401,144.401,1,0,143.901,0.168085,0.500203
2025-12-18 16:29:11.158208600,143.413,144.413,1,0,143.913,0.172276,0.619975
2025-12-18 16:29:11.171019800,143.425,144.425,1,0,143.925,0.175828,0.885313
2025-12-18 16:29:11.184924400,143.437,144.437,1,0,143.937,0.178439,0.343967
2025-12-18 16:29:11.197784000,143.449,144.449,1,0,143.949,0.179793,0.63026
2025-12-18 16:29:11.208668300,143.461,144.461,1,0,143.961,0.179539,0.639354
2025-12-18 16:29:11.225673000,143.461,144.461,1,0,143.961,0.178501,0.848097
2025-12-18 16:29:11.244048200,143.57,143.93,0.36,1003,144.064,0.173268,0.455325
2025-12-18 16:29:11.257008500,143.667,144.667,1,0,144.167,0.180141,0.425454
2025-12-18 16:29:11.271214900,143.77,144.77,1,0,144.27,0.191286,0.655254
2025-12-18 16:29:11.285966600,143.873,144.873,1,0,144.373,0.210326,0.338221
2025-12-18 16:29:11.296616500,143.976,144.976,1,0,144.476,0.229351,0.361538
2025-12-18 16:29:11.308626700,144.08,145.08,1,0,144.58,0.247866,0.331597
2025-12-18 16:29:11.327840900,144.183,145.183,1,0,144.683,0.273069,0.670247
2025-12-18 16:29:11.343219900,144.286,145.286,1,0,144.786,0.303324,0.655572
2025-12-18 16:29:11.360542100,144.389,145.389,1,0,144.889,0.332793,1.51765
2025-12-18 16:29:11.380035400,144.492,145.492,1,0,144.992,0.36332,0.630384
2025-12-18 16:29:11.391676700,144.595,145.595,1,0,145.095,0.396566,0.605878
2025-12-18 16:29:11.405895400,144.698,145.698,1,0,145.198,0.430161,1.16622
2025-12-18 16:29:11.419209900,144.801,145.801,1,0,145.301,0.467902,0.387467
2025-12-18 16:29:11.432269800,144.904,145.904,1,0,145.404,0.503299,0.703506
2025-12-18 16:29:11.445674400,145.007,146.007,1,0,145.507,0.540328,0.721488
2025-12-18 16:29:11.461036900,145.11,146.11,1,0,145.61,0.576886,0.70024
2025-12-18 16:29:11.469738400,145.214,146.214,1,0,145.714,0.616622,1.07449
2025-12-18 16:29:11.480494900,145.317,146.317,1,0,145.817,0.653949,0.796614
2025-12-18 16:29:11.492651600,145.42,146.42,1,0,145.92,0.69304,0.790925
2025-12-18 16:29:11.503610400,145.523,146.523,1,0,146.023,0.730708,0.39643
2025-12-18 16:29:11.516636100,145.626,146.626,1,0,146.126,0.76748,0.538412
2025-12-18 16:29:11.531624700,145.729,146.729,1,0,146.229,0.807899,0.442123
2025-12-18 16:29:11.547019000,145.832,146.832,1,0,146.332,0.845455,0.783707
2025-12-18 16:29:11.569192000,145.935,146.935,1,0,146.435,0.874749,0.595541
2025-12-18 16:29:11.591448200,146.038,147.038,1,0,146.538,0.91168,0.712486
2025-12-18 16:29:11.610558600,146.141,147.141,1,0,146.641,0.948236,0.735931
2025-12-18 16:29:11.627936600,146.244,147.244,1,0,146.744,0.984342,0.618655
2025-12-18 16:29:11.649139500,146.348,147.348,1,0,146.848,1.01993,0.754608
2025-12-18 16:29:11.662500200,146.451,147.451,1,0,146.951,1.05491,0.311153
2025-12-18 16:29:11.683863700,146.554,147.554,1,0,147.054,1.08923,0.580128
2025-12-18 16:29:11.704794200,146.657,147.657,1,0,147.157,1.1228,0.634665
2025-12-18 16:29:11.722052800,146.76,147.76,1,0,147.26,1.15556,0.730625
2025-12-18 16:29:11.740453400,146.863,147.863,1,0,147.363,1.18741,1.10877
2025-12-18 16:29:11.754793800,146.966,147.966,1,0,147.466,1.21828,0.716318
2025-12-18 16:29:11.775514500,147.069,148.069,1,0,147.569,1.24809,0.644109
2025-12-18 16:29:11.794908900,147.172,148.172,1,0,147.672,1.27676,0.574726
2025-12-18 16:29:11.806862000,147.275,148.275,1,0,147.775,1.3042,0.63862
2025-12-18 16:29:11.828819900,147.379,148.379,1,0,147.879,1.33031,0.432424
2025-12-18 16:29:11.851349800,147.482,148.482,1,0,147.982,1.355,0.895187
2025-12-18 16:29:11.869627100,147.585,148.585,1,0,148.085,1.37817,0.341113
2025-12-18 16:29:11.891314900,147.688,148.688,1,0,148.188,1.39972,0.465337
2025-12-18 16:29:11.908461500,147.791,148.791,1,0,148.291,1.41953,0.510448
2025-12-18 16:29:11.926395800,147.894,148.894,1,0,148.394,1.43749,0.861129
2025-12-18 16:29:11.944336100,147.997,148.997,1,0,148.497,1.45347,0.365953
2025-12-18 16:29:11.961057400,148.1,149.1,1,0,148.6,1.46733,0.635836
2025-12-18 16:29:11.979638600,148.203,149.203,1,0,148.703,1.47894,0.905453
2025-12-18 16:29:11.997655300,148.306,149.306,1,0,148.806,1.48814,0.707416
2025-12-18 16:29:12.016087700,148.409,149.409,1,0,148.909,1.49474,0.833824
2025-12-18 16:29:12.034948300,148.513,149.513,1,0,149.013,1.49858,0.467785
2025-12-18 16:29:12.057554200,148.513,149.513,1,0,149.013,1.49559,0.433715
2025-12-18 16:29:12.078187400,148.569,149.569,1,0,149.069,1.47949,0.842948
2025-12-18 16:29:12.095897400,148.625,149.625,1,0,149.125,1.47336,0.639336
2025-12-18 16:29:12.113585100,148.682,149.682,1,0,149.182,1.46599,0.380988
2025-12-18 16:29:12.127565200,148.738,149.738,1,0,149.238,1.45746,0.351038
2025-12-18 16:29:12.145808500,148.794,149.794,1,0,149.294,1.44782,0.688923
2025-12-18 16:29:12.159066700,148.851,149.851,1,0,149.351,1.43714,0.406833
2025-12-18 16:29:12.170715300,148.907,149.907,1,0,149.407,1.42547,0.401061
2025-12-18 16:29:12.191074300,148.964,149.964,1,0,149.464,1.41288,0.576379
2025-12-18 16:29:12.209127500,149.02,150.02,1,0,149.52,1.39942,0.555726
2025-12-18 16:29:12.223367900,149.076,150.076,1,0,149.576,1.38515,0.642843
2025-12-18 16:29:12.242879900,149.133,150.133,1,0,149.633,1.37011,0.677606
2025-12-18 16:29:12.255731700,149.189,150.189,1,0,149.689,1.35437,0.511592
2025-12-18 16:29:12.271306600,149.246,150.246,1,0,149.746,1.33796,0.454715
2025-12-18 16:29:12.288519200,149.302,150.302,1,0,149.802,1.32096,0.582329
2025-12-18 16:29:12.306468000,149.358,150.358,1,0,149.858,1.30339,1.05972
2025-12-18 16:29:12.320276700,149.415,150.415,1,0,149.915,1.28533,0.763734
2025-12-18 16:29:12.335521600,149.471,150.471,1,0,149.971,1.26681,0.49001
2025-12-18 16:29:12.350638300,149.527,150.527,1,0,150.027,1.24789,1.0063
2025-12-18 16:29:12.365270300,149.584,150.584,1,0,150.084,1.22862,0.443779
2025-12-18 16:29:12.381903800,149.64,150.64,1,0,150.14,1.20906,0.832238
2025-12-18 16:29:12.397488900,149.697,150.697,1,0,150.197,1.18925,1.05867
2025-12-18 16:29:12.413012400,149.753,150.753,1,0,150.253,1.16926,0.36856
2025-12-18 16:29:12.435502100,149.809,150.809,1,0,150.309,1.14914,1.11263
2025-12-18 16:29:12.457703400,149.866,150.866,1,0,150.366,1.12895,0.678054
2025-12-18 16:29:12.479668100,149.922,150.922,1,0,150.422,1.10876,0.625072
2025-12-18 16:29:12.499300900,149.978,150.978,1,0,150.478,1.08861,0.645493
2025-12-18 16:29:12.520054800,150.035,151.035,1,0,150.535,1.06859,0.797031
2025-12-18 16:29:12.540380000,150.091,151.091,1,0,150.591,1.04875,0.442684
2025-12-18 16:29:12.558321900,150.148,151.148,1,0,150.648,1.02916,0.409581
2025-12-18 16:29:12.577573900,150.204,151.204,1,0,150.704,1.0099,0.610124
2025-12-18 16:29:12.592471700,150.26,151.26,1,0,150.76,0.991047,0.826113
2025-12-18 16:29:12.609235900,150.317,151.317,1,0,150.817,0.972673,0.971754
2025-12-18 16:29:12.626412900,150.373,151.373,1,0,150.873,0.95486,0.292285
2025-12-18 16:29:12.643721200,150.429,151.429,1,0,150.929,0.937692,0.293111
2025-12-18 16:29:12.658282300,150.486,151.486,1,0,150.986,0.921254,0.589886
2025-12-18 16:29:12.675988900,150.542,151.542,1,0,151.042,0.905632,0.58339
2025-12-18 16:29:12.693981900,150.599,151.599,1,0,151.099,0.890913,0.799067
2025-12-18 16:29:12.716146700,150.655,151.655,1,0,151.155,0.877187,1.00586
2025-12-18 16:29:12.731910200,150.711,151.711,1,0,151.211,0.86454,0.594205
2025-12-18 16:29:12.754496700,150.768,151.768,1,0,151.268,0.853057,0.925629
2025-12-18 16:29:12.776299900,150.824,151.824,1,0,151.324,0.842822,0.468627
2025-12-18 16:29:12.795023700,150.881,151.881,1,0,151.381,0.833913,0.658172
2025-12-18 16:29:12.812391600,150.937,151.937,1,0,151.437,0.826401,0.770644
2025-12-18 16:29:12.834558800,150.993,151.993,1,0,151.493,0.820352,0.676229
2025-12-18 16:29:12.855085000,151.05,152.05,1,0,151.55,0.815821,0.658192
2025-12-18 16:29:12.875601000,151.106,152.106,1,0,151.606,0.812854,0.602719
2025-12-18 16:29:12.895996200,151.162,152.162,1,0,151.662,0.811484,0.752896
2025-12-18 16:29:12.916781800,151.219,152.219,1,0,151.719,0.811734,0.475397
2025-12-18 16:29:12.938504100,151.275,152.275,1,0,151.775,0.813612,0.660845
2025-12-18 16:29:12.959351000,151.275,152.275,1,0,151.775,0.811734,0.694538
2025-12-18 16:29:12.977579700,151.23,152.23,1,0,151.73,0.806727,0.390982
2025-12-18 16:29:12.996211500,151.185,152.185,1,0,151.685,0.798907,0.606234
2025-12-18 16:29:13.016432700,151.53,151.68,0.15,621,151.64,0.787639,0.219532
2025-12-18 16:29:13.035330100,151.096,152.096,1,0,151.596,0.775041,0.36563
2025-12-18 16:29:13.055520900,151.051,152.051,1,0,151.551,0.760396,0.410504
2025-12-18 16:29:13.071814600,151.006,152.006,1,0,151.506,0.74392,0.815635
2025-12-18 16:29:13.091532600,150.961,151.961,1,0,151.461,0.725818,0.408888
2025-12-18 16:29:13.110092100,150.916,151.916,1,0,151.416,0.706284,0.377254
2025-12-18 16:29:13.132470700,150.871,151.871,1,0,151.371,0.68551,0.599724
2025-12-18 16:29:13.148542900,150.826,151.826,1,0,151.326,0.663681,0.748919
2025-12-18 16:29:13.169773300,150.781,151.781,1,0,151.281,0.640987,0.528321
2025-12-18 16:29:13.190237600,150.736,151.736,1,0,151.236,0.617618,0.684496
2025-12-18 16:29:13.203130800,150.691,151.691,1,0,151.191,0.593773,0.618577
2025-12-18 16:29:13.220498800,150.647,151.647,1,0,151.147,0.56966,0.542745
2025-12-18 16:29:13.234499400,150.602,151.602,1,0,151.102,0.545499,0.34438
2025-12-18 16:29:13.247008000,150.557,151.557,1,0,151.057,0.521529,0.528074
2025-12-18 16:29:13.268661500,150.512,151.512,1,0,151.012,0.498011,0.49506
2025-12-18 16:29:13.289587600,150.467,151.467,1,0,150.967,0.475228,0.443279
2025-12-18 16:29:13.310166300,150.422,151.422,1,0,150.922,0.453492,0.361024
2025-12-18 16:29:13.327662800,150.377,151.377,1,0,150.877,0.433143,0.655644
2025-12-18 16:29:13.344598700,150.332,151.332,1,0,150.832,0.414544,0.339857
2025-12-18 16:29:13.361190200,150.287,151.287,1,0,150.787,0.398077,0.728694
2025-12-18 16:29:13.378182700,150.242,151.242,1,0,150.742,0.384125,1.04522
2025-12-18 16:29:13.394397400,150.198,151.198,1,0,150.698,0.373048,0.427591
2025-12-18 16:29:13.412079100,150.153,151.153,1,0,150.653,0.365157,0.951525
2025-12-18 16:29:13.430815300,150.108,151.108,1,0,150.608,0.360672,0.469904
2025-12-18 16:29:13.449580400,150.063,151.063,1,0,150.563,0.3597,0.581328
2025-12-18 16:29:13.464584500,150.018,151.018,1,0,150.518,0.362216,0.514882
2025-12-18 16:29:13.485080500,149.973,150.973,1,0,150.473,0.368059,0.441586
2025-12-18 16:29:13.505929400,149.928,150.928,1,0,150.428,0.376958,0.595167
2025-12-18 16:29:13.521914000,149.883,150.883,1,0,150.383,0.388556,0.450763
2025-12-18 16:29:13.544002000,149.838,150.838,1,0,150.338,0.402449,0.317897
2025-12-18 16:29:13.559650800,149.793,150.793,1,0,150.293,0.418213,0.419791
2025-12-18 16:29:13.579003700,149.748,150.748,1,0,150.248,0.435431,0.737366
2025-12-18 16:29:13.598719400,149.704,150.704,1,0,150.204,0.453703,0.319027
2025-12-18 16:29:13.614066000,149.659,150.659,1,0,150.159,0.472657,0.816319
2025-12-18 16:29:13.630952900,149.614,150.614,1,0,150.114,0.491948,0.831844
2025-12-18 16:29:13.644550600,149.569,150.569,1,0,150.069,0.51126,0.614969
2025-12-18 16:29:13.659211200,149.524,150.524,1,0,150.024,0.530296,0.612674
2025-12-18 16:29:13.670484300,149.479,150.479,1,0,149.979,0.548781,0.521251
2025-12-18 16:29:13.683355200,149.434,150.434,1,0,149.934,0.56645,0.347121
2025-12-18 16:29:13.696295100,149.389,150.389,1,0,149.889,0.583049,0.641001
2025-12-18 16:29:13.710771000,149.344,150.344,1,0,149.844,0.598325,0.976261
2025-12-18 16:29:13.723447200,149.299,150.299,1,0,149.799,0.612022,0.906833
2025-12-18 16:29:13.736658500,149.255,150.255,1,0,149.755,0.623878,0.392131
2025-12-18 16:29:13.749390900,149.21,150.21,1,0,149.71,0.633615,0.897326
2025-12-18 16:29:13.760670500,149.165,150.165,1,0,149.665,0.640933,0.471322
2025-12-18 16:29:13.773646200,149.12,150.12,1,0,149.62,0.645503,0.517583
2025-12-18 16:29:13.785812700,149.075,150.075,1,0,149.575,0.646953,0.809815
2025-12-18 16:29:13.797553200,149.075,150.075,1,0,149.575,0.645406,0.606604
2025-12-18 16:29:13.806792600,149.101,150.101,1,0,149.601,0.641677,0.409712
2025-12-18 16:29:13.818669200,149.126,150.126,1,0,149.626,0.635966,1.00756
2025-12-18 16:29:13.830765300,149.152,150.152,1,0,149.652,0.629713,0.941272
2025-12-18 16:29:13.844733800,149.34,149.46,0.12,518,149.677,0.628859,0.20493
2025-12-18 16:29:13.858800400,149.203,150.203,1,0,149.703,0.618092,0.573032
2025-12-18 16:29:13.873560100,149.228,150.228,1,0,149.728,0.605999,0.696832
2025-12-18 16:29:13.885166600,149.254,150.254,1,0,149.754,0.592705,0.665869
2025-12-18 16:29:13.896426300,149.28,150.28,1,0,149.78,0.578331,0.860546
2025-12-18 16:29:13.908166900,149.305,150.305,1,0,149.805,0.56299,0.644524
2025-12-18 16:29:13.918044800,149.331,150.331,1,0,149.831,0.546794,0.547379
2025-12-18 16:29:13.931013400,149.356,150.356,1,0,149.856,0.529852,0.449032
2025-12-18 16:29:13.945356800,149.382,150.382,1,0,149.882,0.512271,0.492491
2025-12-18 16:29:13.959742400,149.407,150.407,1,0,149.907,0.494161,1.0855
2025-12-18 16:29:13.972224900,149.433,150.433,1,0,149.933,0.475632,0.375254
2025-12-18 16:29:13.986101800,149.459,150.459,1,0,149.959,0.456797,0.297367
2025-12-18 16:29:13.999071500,149.484,150.484,1,0,149.984,0.437777,0.606735
2025-12-18 16:29:14.013041800,149.51,150.51,1,0,150.01,0.418697,0.551291
2025-12-18 16:29:14.027835400,149.535,150.535,1,0,150.035,0.399693,0.81828
2025-12-18 16:29:14.039558900,149.561,150.561,1,0,150.061,0.380912,0.628992
2025-12-18 16:29:14.053250700,149.586,150.586,1,0,150.086,0.362513,0.61509
2025-12-18 16:29:14.066516300,149.612,150.612,1,0,150.112,0.344674,0.448851
2025-12-18 16:29:14.079663500,149.638,150.638,1,0,150.138,0.327588,0.431209
2025-12-18 16:29:14.092341800,149.663,150.663,1,0,150.163,0.311469,0.45319
2025-12-18 16:29:14.105605800,149.689,150.689,1,0,150.189,0.296547,0.499982
2025-12-18 16:29:14.117794900,149.714,150.714,1,0,150.214,0.283067,0.989065
2025-12-18 16:29:14.129563200,149.74,150.74,1,0,150.24,0.271282,0.556146
2025-12-18 16:29:14.142060800,149.765,150.765,1,0,150.265,0.261435,0.726956
2025-12-18 16:29:14.153276600,149.791,150.791,1,0,150.291,0.253743,0.376739
2025-12-18 16:29:14.164769300,149.817,150.817,1,0,150.317,0.248374,0.60106
2025-12-18 16:29:14.178227600,149.842,150.842,1,0,150.342,0.245425,1.49779
2025-12-18 16:29:14.190842200,149.868,150.868,1,0,150.368,0.2449,0.60846
2025-12-18 16:29:14.203452900,149.893,150.893,1,0,150.393,0.24671,0.837611
2025-12-18 16:29:14.216013300,149.919,150.919,1,0,150.419,0.250678,0.383468
2025-12-18 16:29:14.227762300,149.944,150.944,1,0,150.444,0.256555,0.388819
2025-12-18 16:29:14.239963800,149.97,150.97,1,0,150.47,0.264048,0.488696
2025-12-18 16:29:14.252725200,149.996,150.996,1,0,150.496,0.272843,0.577331
2025-12-18 16:29:14.265222800,150.021,151.021,1,0,150.521,0.28262,0.586905
2025-12-18 16:29:14.278983500,150.047,151.047,1,0,150.547,0.293071,0.358678
2025-12-18 16:29:14.290644200,150.072,151.072,1,0,150.572,0.303904,0.368573
2025-12-18 16:29:14.302942700,150.098,151.098,1,0,150.598,0.314845,0.977211
2025-12-18 16:29:14.315049900,150.123,151.123,1,0,150.623,0.32564,0.636578
2025-12-18 16:29:14.329182900,150.149,151.149,1,0,150.649,0.336048,0.583495
2025-12-18 16:29:14.344038400,150.175,151.175,1,0,150.675,0.34584,0.351266
2025-12-18 16:29:14.357710900,150.2,151.2,1,0,150.7,0.354792,0.388934
2025-12-18 16:29:14.370557400,150.226,151.226,1,0,150.726,0.362681,0.720286
2025-12-18 16:29:14.383845100,150.251,151.251,1,0,150.751,0.369279,0.895596
2025-12-18 16:29:14.396957900,150.277,151.277,1,0,150.777,0.374346,0.363159
2025-12-18 16:29:14.411472400,150.302,151.302,1,0,150.802,0.377623,0.679671
2025-12-18 16:29:14.426393200,150.328,151.328,1,0,150.828,0.378821,0.465893
2025-12-18 16:29:14.441106400,150.328,151.328,1,0,150.828,0.378358,0.822426
2025-12-18 16:29:14.454795600,150.282,151.282,1,0,150.782,0.375757,0.726887
2025-12-18 16:29:14.466142200,150.93,151.02,0.09,377,150.736,0.378792,0.420802
2025-12-18 16:29:14.479605300,150.19,151.19,1,0,150.69,0.372654,0.258618
2025-12-18 16:29:14.493853600,150.144,151.144,1,0,150.644,0.353276,0.465634
2025-12-18 16:29:14.506220600,150.098,151.098,1,0,150.598,0.344258,0.499273
2025-12-18 16:29:14.517942300,150.053,151.053,1,0,150.553,0.334399,0.558446
2025-12-18 16:29:14.531200100,150.007,151.007,1,0,150.507,0.323932,0.48883
2025-12-18 16:29:14.542547800,149.961,150.961,1,0,150.461,0.313093,0.518258
2025-12-18 16:29:14.554263100,149.915,150.915,1,0,150.415,0.302133,0.391853
2025-12-18 16:29:14.563891000,149.869,150.869,1,0,150.369,0.291318,0.63673
2025-12-18 16:29:14.576153100,149.823,150.823,1,0,150.323,0.280932,0.548664
2025-12-18 16:29:14.588430000,149.777,150.777,1,0,150.277,0.271279,0.937759
2025-12-18 16:29:14.601084200,149.731,150.731,1,0,150.231,0.262681,1.26052
2025-12-18 16:29:14.614113900,149.685,150.685,1,0,150.185,0.255466,0.872072
2025-12-18 16:29:14.627828000,149.639,150.639,1,0,150.139,0.249958,0.702112
2025-12-18 16:29:14.643938200,149.593,150.593,1,0,150.093,0.246452,0.730925
2025-12-18 16:29:14.658614500,149.548,150.548,1,0,150.048,0.24519,0.821182
2025-12-18 16:29:14.672698400,149.502,150.502,1,0,150.002,0.246339,0.347611
2025-12-18 16:29:14.689506800,149.456,150.456,1,0,149.956,0.24997,0.697736
2025-12-18 16:29:14.704663100,149.41,150.41,1,0,149.91,0.256056,0.591361
2025-12-18 16:29:14.721551700,149.364,150.364,1,0,149.864,0.26448,1.51023
2025-12-18 16:29:14.736953600,149.318,150.318,1,0,149.818,0.275055,0.989753
2025-12-18 16:29:14.751792500,149.272,150.272,1,0,149.772,0.28755,0.459264
2025-12-18 16:29:14.770894900,149.226,150.226,1,0,149.726,0.301713,0.520747
2025-12-18 16:29:14.784478400,149.18,150.18,1,0,149.68,0.317285,0.3688
2025-12-18 16:29:14.800069000,149.134,150.134,1,0,149.634,0.334021,1.04652
2025-12-18 16:29:14.814438900,149.088,150.088,1,0,149.588,0.351689,0.448635
2025-12-18 16:29:14.829059000,149.043,150.043,1,0,149.543,0.370077,0.746227
2025-12-18 16:29:14.846696600,148.997,149.997,1,0,149.497,0.388993,0.414704
2025-12-18 16:29:14.864901200,148.951,149.951,1,0,149.451,0.408263,0.401336
2025-12-18 16:29:14.882042800,148.905,149.905,1,0,149.405,0.427728,0.409831
2025-12-18 16:29:14.892803800,148.859,149.859,1,0,149.359,0.447242,0.951617
2025-12-18 16:29:14.905267800,148.813,149.813,1,0,149.313,0.466672,1.04638
2025-12-18 16:29:14.919081500,148.767,149.767,1,0,149.267,0.485893,0.429692
2025-12-18 16:29:14.938072000,148.721,149.721,1,0,149.221,0.504786,0.416447
2025-12-18 16:29:14.959971400,148.675,149.675,1,0,149.175,0.523237,0.617361
2025-12-18 16:29:14.972823800,148.629,149.629,1,0,149.129,0.541136,1.37379
2025-12-18 16:29:14.988659300,148.583,149.583,1,0,149.083,0.558375,0.755002
2025-12-18 16:29:15.002181500,148.538,149.538,1,0,149.038,0.574845,0.676442
2025-12-18 16:29:15.017228600,148.492,149.492,1,0,148.992,0.590436,0.317971
2025-12-18 16:29:15.032862500,148.446,149.446,1,0,148.946,0.605037,0.457601
2025-12-18 16:29:15.046983900,148.4,149.4,1,0,148.9,0.618533,0.84468
2025-12-18 16:29:15.061373100,148.354,149.354,1,0,148.854,0.630802,0.540392
2025-12-18 16:29:15.076834600,148.308,149.308,1,0,148.808,0.641717,0.616726
2025-12-18 16:29:15.092145800,148.262,149.262,1,0,148.762,0.651142,0.544867
2025-12-18 16:29:15.107650200,148.216,149.216,1,0,148.716,0.658928,0.697743
2025-12-18 16:29:15.125537700,148.17,149.17,1,0,148.67,0.664915,0.839255
2025-12-18 16:29:15.144041200,148.124,149.124,1,0,148.624,0.668924,0.645569
2025-12-18 16:29:15.163126300,148.078,149.078,1,0,148.578,0.670756,1.04371
2025-12-18 16:29:15.179918600,148.078,149.078,1,0,148.578,0.669567,0.501683
2025-12-18 16:29:15.193836900,148.036,149.036,1,0,148.536,0.668313,0.425611
2025-12-18 16:29:15.206425600,147.994,148.994,1,0,148.494,0.657734,0.447638
2025-12-18 16:29:15.230953400,147.952,148.952,1,0,148.452,0.656021,1.34786
2025-12-18 16:29:15.241378100,147.91,148.91,1,0,148.41,0.654257,0.475705
2025-12-18 16:29:15.254384900,147.868,148.868,1,0,148.368,0.652447,0.612838
2025-12-18 16:29:15.266945000,147.826,148.826,1,0,148.326,0.650595,0.357892
2025-12-18 16:29:15.278508500,147.784,148.784,1,0,148.284,0.648708,1.0226
2025-12-18 16:29:15.291275900,147.742,148.742,1,0,148.242,0.646789,0.671366
2025-12-18 16:29:15.305261100,147.7,148.7,1,0,148.2,0.644844,0.4908
2025-12-18 16:29:15.328470500,147.658,148.658,1,0,148.158,0.642878,0.659043
2025-12-18 16:29:15.342909600,147.616,148.616,1,0,148.116,0.640896,0.403779
2025-12-18 16:29:15.357928000,147.573,148.573,1,0,148.073,0.638904,0.57295
2025-12-18 16:29:15.372132200,147.531,148.531,1,0,148.031,0.636906,0.478857
2025-12-18 16:29:15.385420800,147.489,148.489,1,0,147.989,0.634908,0.531507
2025-12-18 16:29:15.397409100,147.447,148.447,1,0,147.947,0.632915,0.569076
2025-12-18 16:29:15.409776500,147.405,148.405,1,0,147.905,0.630932,0.830261
2025-12-18 16:29:15.423769800,147.363,148.363,1,0,147.863,0.628966,0.713172
2025-12-18 16:29:15.437175400,147.321,148.321,1,0,147.821,0.627021,0.421532
2025-12-18 16:29:15.451417600,147.279,148.279,1,0,147.779,0.625102,0.91269
2025-12-18 16:29:15.465255300,147.237,148.237,1,0,147.737,0.623215,1.2834
2025-12-18 16:29:15.477779000,147.195,148.195,1,0,147.695,0.621367,0.51609
2025-12-18 16:29:15.490972800,147.153,148.153,1,0,147.653,0.619561,0.459358
2025-12-18 16:29:15.504196900,147.111,148.111,1,0,147.611,0.617804,0.535408
2025-12-18 16:29:15.518506200,147.068,148.068,1,0,147.568,0.616102,0.474117
2025-12-18 16:29:15.533931300,147.026,148.026,1,0,147.526,0.614459,0.40318
2025-12-18 16:29:15.548193800,146.984,147.984,1,0,147.484,0.612882,0.661215
2025-12-18 16:29:15.561471300,146.942,147.942,1,0,147.442,0.611377,0.55447
2025-12-18 16:29:15.573287900,146.9,147.9,1,0,147.4,0.609948,0.577818
2025-12-18 16:29:15.586378300,146.858,147.858,1,0,147.358,0.608602,0.513302
2025-12-18 16:29:15.602012300,146.816,147.816,1,0,147.316,0.607345,0.479739
2025-12-18 16:29:15.615516300,146.774,147.774,1,0,147.274,0.606181,0.647439
2025-12-18 16:29:15.629441700,146.732,147.732,1,0,147.232,0.605116,0.579372
2025-12-18 16:29:15.640459600,146.69,147.69,1,0,147.19,0.604156,0.868082
2025-12-18 16:29:15.653777400,146.648,147.648,1,0,147.148,0.603307,0.47437
2025-12-18 16:29:15.666726600,146.606,147.606,1,0,147.106,0.602574,0.620007
2025-12-18 16:29:15.681230800,146.563,147.563,1,0,147.063,0.601962,0.603771
2025-12-18 16:29:15.693684000,146.521,147.521,1,0,147.021,0.601476,0.904153
2025-12-18 16:29:15.705039100,146.479,147.479,1,0,146.979,0.601122,1.30192
2025-12-18 16:29:15.716812000,146.437,147.437,1,0,146.937,0.600905,0.344983
2025-12-18 16:29:15.729142800,146.395,147.395,1,0,146.895,0.60083,0.796538
2025-12-18 16:29:15.742490300,146.353,147.353,1,0,146.853,0.600902,0.347083
2025-12-18 16:29:15.756958800,146.311,147.311,1,0,146.811,0.601125,0.431494
2025-12-18 16:29:15.768185800,146.269,147.269,1,0,146.769,0.601504,1.05076
2025-12-18 16:29:15.780962000,146.227,147.227,1,0,146.727,0.602044,0.414256
2025-12-18 16:29:15.794325800,146.185,147.185,1,0,146.685,0.602748,0.368786
2025-12-18 16:29:15.805864000,146.143,147.143,1,0,146.643,0.603622,0.838309
2025-12-18 16:29:15.816225100,146.101,147.101,1,0,146.601,0.604667,0.639812
2025-12-18 16:29:15.828823600,146.058,147.058,1,0,146.558,0.60589,0.492461
2025-12-18 16:29:15.839172800,146.016,147.016,1,0,146.516,0.607291,0.889498
2025-12-18 16:29:15.849416100,146.016,147.016,1,0,146.516,0.60589,0.437953
2025-12-18 16:29:15.862481200,146.056,147.056,1,0,146.556,0.601965,1.02507
2025-12-18 16:29:15.875906700,146.096,147.096,1,0,146.596,0.595789,0.432857
2025-12-18 16:29:15.888325200,146.46,146.57,0.11,529,146.635,0.590932,0.156593
2025-12-18 16:29:15.901045000,146.175,147.175,1,0,146.675,0.580858,0.612422
2025-12-18 16:29:15.915075600,146.215,147.215,1,0,146.715,0.569199,0.664686
2025-12-18 16:29:15.928865800,146.254,147.254,1,0,146.754,0.556139,0.447748
2025-12-18 16:29:15.938432000,146.294,147.294,1,0,146.794,0.541854,0.535896
2025-12-18 16:29:15.950371300,146.334,147.334,1,0,146.834,0.526514,0.501061
2025-12-18 16:29:15.962822300,146.373,147.373,1,0,146.873,0.510288,0.541595
2025-12-18 16:29:15.976214000,146.413,147.413,1,0,146.913,0.493343,0.95407
2025-12-18 16:29:15.989070000,146.453,147.453,1,0,146.953,0.475852,0.656512
2025-12-18 16:29:15.999318800,146.492,147.492,1,0,146.992,0.457991,0.691962
2025-12-18 16:29:16.012968100,146.532,147.532,1,0,147.032,0.439949,0.605919
2025-12-18 16:29:16.025119900,146.572,147.572,1,0,147.072,0.421924,0.616457
2025-12-18 16:29:16.037534500,146.611,147.611,1,0,147.111,0.404133,0.393005
2025-12-18 16:29:16.048572500,146.651,147.651,1,0,147.151,0.386809,0.771407
2025-12-18 16:29:16.062953600,146.691,147.691,1,0,147.191,0.370208,0.576912
2025-12-18 16:29:16.076159100,146.73,147.73,1,0,147.23,0.354605,0.851246
2025-12-18 16:29:16.089195300,146.77,147.77,1,0,147.27,0.340296,0.329405
2025-12-18 16:29:16.103366100,146.81,147.81,1,0,147.31,0.327592,0.906593
2025-12-18 16:29:16.117284800,146.849,147.849,1,0,147.349,0.316806,0.613705
2025-12-18 16:29:16.129241900,146.889,147.889,1,0,147.389,0.308237,1.07478
2025-12-18 16:29:16.141157000,146.929,147.929,1,0,147.429,0.302144,1.14999
2025-12-18 16:29:16.153340300,146.968,147.968,1,0,147.468,0.298728,1.01396
2025-12-18 16:29:16.165631700,147.008,148.008,1,0,147.508,0.298098,1.05271
2025-12-18 16:29:16.179085700,147.048,148.048,1,0,147.548,0.300267,1.11048
2025-12-18 16:29:16.193309200,147.087,148.087,1,0,147.587,0.30514,0.776947
2025-12-18 16:29:16.205179600,147.127,148.127,1,0,147.627,0.312533,0.392466
2025-12-18 16:29:16.217297300,147.167,148.167,1,0,147.667,0.322191,0.600306
2025-12-18 16:29:16.231455800,147.206,148.206,1,0,147.706,0.333816,0.559131
2025-12-18 16:29:16.243162700,147.246,148.246,1,0,147.746,0.347088,1.10661
2025-12-18 16:29:16.256120600,147.286,148.286,1,0,147.786,0.361686,0.34713
2025-12-18 16:29:16.265559000,147.325,148.325,1,0,147.825,0.377303,1.10375
2025-12-18 16:29:16.277691000,147.365,148.365,1,0,147.865,0.39365,0.491712
2025-12-18 16:29:16.289348700,147.405,148.405,1,0,147.905,0.410457,0.955946
2025-12-18 16:29:16.301515800,147.444,148.444,1,0,147.944,0.427477,0.482409
2025-12-18 16:29:16.315573900,147.484,148.484,1,0,147.984,0.444485,0.305612
2025-12-18 16:29:16.327634600,147.524,148.524,1,0,148.024,0.461266,0.880005
2025-12-18 16:29:16.342212000,147.563,148.563,1,0,148.063,0.477623,0.423036
2025-12-18 16:29:16.355538500,147.603,148.603,1,0,148.103,0.493365,0.376837
2025-12-18 16:29:16.368331600,147.643,148.643,1,0,148.143,0.50831,0.470308
2025-12-18 16:29:16.381724700,147.682,148.682,1,0,148.182,0.522275,0.393578
2025-12-18 16:29:16.394839700,147.722,148.722,1,0,148.222,0.535079,0.777714
2025-12-18 16:29:16.405680500,147.762,148.762,1,0,148.262,0.546535,0.816429
2025-12-18 16:29:16.418114200,147.801,148.801,1,0,148.301,0.556449,0.625451
2025-12-18 16:29:16.432059200,147.841,148.841,1,0,148.341,0.564614,0.593995
2025-12-18 16:29:16.443026100,147.881,148.881,1,0,148.381,0.570806,0.749735
2025-12-18 16:29:16.453892800,147.92,148.92,1,0,148.42,0.574779,0.398603
2025-12-18 16:29:16.466446200,147.96,148.96,1,0,148.46,0.576254,0.86822
2025-12-18 16:29:16.477543300,147.96,148.96,1,0,148.46,0.575105,0.337815
2025-12-18 16:29:16.488981000,148.003,149.003,1,0,148.503,0.574105,0.693929
2025-12-18 16:29:16.499721600,148.045,149.045,1,0,148.545,0.573252,0.40598
2025-12-18 16:29:16.513479400,148.088,149.088,1,0,148.588,0.568037,1.18005
2025-12-18 16:29:16.525485500,148.131,149.131,1,0,148.631,0.567299,0.405528
2025-12-18 16:29:16.538522000,148.173,149.173,1,0,148.673,0.5667,0.745203
2025-12-18 16:29:16.551989600,148.216,149.216,1,0,148.716,0.566235,0.72245
2025-12-18 16:29:16.564837400,148.259,149.259,1,0,148.759,0.565902,1.20522
2025-12-18 16:29:16.575483100,148.302,149.302,1,0,148.802,0.565698,0.740642
2025-12-18 16:29:16.588282200,148.344,149.344,1,0,148.844,0.565617,0.303689
2025-12-18 16:29:16.601503700,148.387,149.387,1,0,148.887,0.565657,0.473718
2025-12-18 16:29:16.614735500,148.43,149.43,1,0,148.93,0.565814,0.309255
2025-12-18 16:29:16.627238400,148.472,149.472,1,0,148.972,0.566084,1.08748
2025-12-18 16:29:16.640381600,148.515,149.515,1,0,149.015,0.566462,1.01514
2025-12-18 16:29:16.653662900,148.558,149.558,1,0,149.058,0.566945,0.554678
2025-12-18 16:29:16.666734600,148.6,149.6,1,0,149.1,0.567528,0.639419
2025-12-18 16:29:16.680352700,148.643,149.643,1,0,149.143,0.568207,0.839984
2025-12-18 16:29:16.692163900,148.686,149.686,1,0,149.186,0.568979,0.603523
2025-12-18 16:29:16.704719300,148.728,149.728,1,0,149.228,0.569837,0.730576
2025-12-18 16:29:16.718769900,148.771,149.771,1,0,149.271,0.570779,0.477993
2025-12-18 16:29:16.731630000,148.814,149.814,1,0,149.314,0.5718,0.557831
2025-12-18 16:29:16.743502500,148.856,149.856,1,0,149.356,0.572895,0.872812
2025-12-18 16:29:16.754836400,148.899,149.899,1,0,149.399,0.57406,0.29346
2025-12-18 16:29:16.766774600,148.942,149.942,1,0,149.442,0.575291,0.666389
2025-12-18 16:29:16.782151200,148.985,149.985,1,0,149.485,0.576582,0.594865
2025-12-18 16:29:16.795989500,149.027,150.027,1,0,149.527,0.57793,0.856383
2025-12-18 16:29:16.809074100,149.07,150.07,1,0,149.57,0.57933,0.528336
2025-12-18 16:29:16.819953200,149.113,150.113,1,0,149.613,0.580778,0.571886
2025-12-18 16:29:16.833321100,149.155,150.155,1,0,149.655,0.58227,0.959215
2025-12-18 16:29:16.845798200,149.198,150.198,1,0,149.698,0.5838,0.565244
2025-12-18 16:29:16.856922100,149.241,150.241,1,0,149.741,0.585364,0.530387
2025-12-18 16:29:16.870115700,149.283,150.283,1,0,149.783,0.586959,1.30757
2025-12-18 16:29:16.883559300,149.326,150.326,1,0,149.826,0.58858,0.613263
2025-12-18 16:29:16.895497100,149.369,150.369,1,0,149.869,0.590222,0.759772
2025-12-18 16:29:16.906738600,149.411,150.411,1,0,149.911,0.591881,0.682429
2025-12-18 16:29:16.919693500,149.454,150.454,1,0,149.954,0.593554,0.707309
2025-12-18 16:29:16.931520700,149.497,150.497,1,0,149.997,0.595235,1.15734
2025-12-18 16:29:16.941877600,149.539,150.539,1,0,150.039,0.59692,0.296269
2025-12-18 16:29:16.954064000,149.582,150.582,1,0,150.082,0.598606,0.958462
2025-12-18 16:29:16.967170800,149.625,150.625,1,0,150.125,0.600288,1.02854
2025-12-18 16:29:16.979924300,149.668,150.668,1,0,150.168,0.601963,0.775675
2025-12-18 16:29:16.994643700,149.71,150.71,1,0,150.21,0.603625,0.739643
2025-12-18 16:29:17.008132000,149.753,150.753,1,0,150.253,0.605271,0.399457
2025-12-18 16:29:17.022738000,149.796,150.796,1,0,150.296,0.606898,0.592579
2025-12-18 16:29:17.036281400,149.838,150.838,1,0,150.338,0.6085,0.660685
2025-12-18 16:29:17.049788000,149.881,150.881,1,0,150.381,0.610074,0.586525
2025-12-18 16:29:17.063701100,149.924,150.924,1,0,150.424,0.611616,0.67719
2025-12-18 16:29:17.072418000,149.966,150.966,1,0,150.466,0.613121,0.845122
2025-12-18 16:29:17.085372300,150.009,151.009,1,0,150.509,0.614587,0.491369
2025-12-18 16:29:17.097708600,150.052,151.052,1,0,150.552,0.61601,0.71163
2025-12-18 16:29:17.109907900,150.052,151.052,1,0,150.552,0.614587,0.345912
2025-12-18 16:29:17.119634300,150.06,151.06,1,0,150.56,0.612103,0.659386
2025-12-18 16:29:17.132717600,150.068,151.068,1,0,150.568,0.608627,0.611064
2025-12-18 16:29:17.144432800,150.076,151.076,1,0,150.576,0.604223,0.380459
2025-12-18 16:29:17.157391100,150.084,151.084,1,0,150.584,0.598948,0.866619
2025-12-18 16:29:17.169534500,150.092,151.092,1,0,150.592,0.592859,0.547405
2025-12-18 16:29:17.183393000,150.1,151.1,1,0,150.6,0.586005,0.634652
2025-12-18 16:29:17.198390400,150.77,150.87,0.1,458,150.608,0.584924,0.40273
2025-12-18 16:29:17.212456800,150.116,151.116,1,0,150.616,0.576507,0.255153
2025-12-18 16:29:17.226147500,150.35,150.58,0.23,715,150.624,0.563813,0.185528
2025-12-18 16:29:17.238003900,150.132,151.132,1,0,150.632,0.554325,0.228161
2025-12-18 16:29:17.251678600,150.29,150.35,0.06,573,150.64,0.53813,0.292514
2025-12-18 16:29:17.265817000,150.51,151.02,0.51,1176,150.648,0.531015,0.832539
2025-12-18 16:29:17.278758400,150.156,151.156,1,0,150.656,0.520185,0.627118
2025-12-18 16:29:17.291610600,150.164,151.164,1,0,150.664,0.508913,0.687531
2025-12-18 16:29:17.306930600,150.173,151.173,1,0,150.673,0.49723,0.635271
2025-12-18 16:29:17.319150500,150.181,151.181,1,0,150.681,0.48517,0.361488
2025-12-18 16:29:17.331810700,150.189,151.189,1,0,150.689,0.472765,0.531255
2025-12-18 16:29:17.345593300,150.197,151.197,1,0,150.697,0.460046,0.639639
2025-12-18 16:29:17.357587300,150.205,151.205,1,0,150.705,0.447044,0.85817
2025-12-18 16:29:17.371229800,150.213,151.213,1,0,150.713,0.43379,0.422499
2025-12-18 16:29:17.383745600,150.221,151.221,1,0,150.721,0.420315,0.592895
2025-12-18 16:29:17.393841500,150.9,150.97,0.07,545,150.729,0.412089,0.355312
2025-12-18 16:29:17.406726600,150.237,151.237,1,0,150.737,0.398186,0.340981
2025-12-18 16:29:17.419892200,150.5,150.92,0.42,594,150.745,0.383462,0.487077
2025-12-18 16:29:17.432762000,150.79,150.91,0.12,627,150.753,0.371624,0.258262
2025-12-18 16:29:17.444646900,150.7,151.34,0.64,396,150.761,0.364508,1.2926
2025-12-18 16:29:17.457488500,150.269,151.269,1,0,150.769,0.350239,0.236806
2025-12-18 16:29:17.469819700,150.51,150.74,0.23,472,150.777,0.333651,0.233358
2025-12-18 16:29:17.483207400,150.285,151.285,1,0,150.785,0.319566,0.290039
2025-12-18 16:29:17.495767900,151,151.1,0.1,806,150.793,0.31279,0.363382
2025-12-18 16:29:17.507683500,150.301,151.301,1,0,150.801,0.298941,0.199406
2025-12-18 16:29:17.527314500,150.71,150.81,0.1,884,150.809,0.284409,0.181927
2025-12-18 16:29:17.539699100,150.317,151.317,1,0,150.817,0.271041,0.284887
2025-12-18 16:29:17.554325500,150.83,151.09,0.26,904,150.826,0.261348,0.304933
2025-12-18 16:29:17.568523600,150.61,151.311,0.701345,781,150.834,0.251783,1.55548
2025-12-18 16:29:17.582446600,150.342,151.342,1,0,150.842,0.239498,0.361924
2025-12-18 16:29:17.596227400,151.15,151.16,0.01,649,150.85,0.237612,0.367367
2025-12-18 16:29:17.609308300,150.358,151.358,1,0,150.858,0.226491,0.653568
2025-12-18 16:29:17.622775400,151.04,151.06,0.02,1062,150.866,0.221042,0.201583
2025-12-18 16:29:17.635291200,150.59,151.35,0.760491,509,150.874,0.213526,1.10441
2025-12-18 16:29:17.646511800,150.382,151.382,1,0,150.882,0.204576,1.03257
2025-12-18 16:29:17.661091200,151.28,151.3,0.02,573,150.89,0.211458,0.51253
2025-12-18 16:29:17.676303000,150.398,151.398,1,0,150.898,0.204387,0.258003
2025-12-18 16:29:17.688852600,150.406,151.406,1,0,150.906,0.198275,0.456458
2025-12-18 16:29:17.700963600,150.414,151.414,1,0,150.914,0.193154,0.536418
2025-12-18 16:29:17.714095700,150.422,151.422,1,0,150.922,0.189036,0.256027
2025-12-18 16:29:17.726562200,150.43,151.43,1,0,150.93,0.185908,0.84659
2025-12-18 16:29:17.741044700,151.02,151.09,0.07,555,150.938,0.18652,0.596359
2025-12-18 16:29:17.752322600,150.446,151.446,1,0,150.946,0.185163,0.4858
2025-12-18 16:29:17.764732700,150.97,150.99,0.02,535,150.946,0.184079,0.154741
2025-12-18 16:29:17.775615700,151.1,151.14,0.04,660,151.004,0.186544,0.206725
2025-12-18 16:29:17.787265500,150.562,151.562,1,0,151.062,0.186811,0.774896
2025-12-18 16:29:17.801182000,150.619,151.619,1,0,151.119,0.188402,0.838054
2025-12-18 16:29:17.814479700,150.677,151.677,1,0,151.177,0.191458,0.807696
2025-12-18 16:29:17.827353700,150.734,151.734,1,0,151.234,0.19606,0.47384
2025-12-18 16:29:17.841043100,150.792,151.792,1,0,151.292,0.202237,0.780495
2025-12-18 16:29:17.853785400,150.849,151.849,1,0,151.349,0.21322,0.900921
2025-12-18 16:29:17.867789100,150.907,151.907,1,0,151.407,0.222594,0.422999
2025-12-18 16:29:17.880574500,150.965,151.965,1,0,151.465,0.228308,0.909464
2025-12-18 16:29:17.893446100,151.022,152.022,1,0,151.522,0.240308,0.663037
2025-12-18 16:29:17.907489700,151.08,152.08,1,0,151.58,0.241263,0.820132
2025-12-18 16:29:17.920631200,151.137,152.137,1,0,151.637,0.257976,0.3282
2025-12-18 16:29:17.934066500,151.195,152.195,1,0,151.695,0.273188,0.516481
2025-12-18 16:29:17.947776600,151.253,152.253,1,0,151.753,0.289136,0.465479
2025-12-18 16:29:17.961465100,151.31,152.31,1,0,151.81,0.305707,0.831869
2025-12-18 16:29:17.974903200,151.368,152.368,1,0,151.868,0.322797,0.709783
2025-12-18 16:29:17.988679600,151.425,152.425,1,0,151.925,0.340311,0.745151
2025-12-18 16:29:18.001570500,151.483,152.483,1,0,151.983,0.358163,0.749556
2025-12-18 16:29:18.013865300,151.541,152.541,1,0,152.041,0.376275,0.433928
2025-12-18 16:29:18.026144000,151.598,152.598,1,0,152.098,0.394575,0.780005
2025-12-18 16:29:18.037559800,151.656,152.656,1,0,152.156,0.412995,0.564214
2025-12-18 16:29:18.050708100,151.713,152.713,1,0,152.213,0.435175,0.743711
2025-12-18 16:29:18.063137000,151.771,152.771,1,0,152.271,0.453782,0.35354
2025-12-18 16:29:18.074969800,151.828,152.828,1,0,152.328,0.471509,0.557126
2025-12-18 16:29:18.085922400,151.886,152.886,1,0,152.386,0.491955,0.583355
2025-12-18 16:29:18.099516200,151.944,152.944,1,0,152.444,0.514851,0.531734
2025-12-18 16:29:18.110347100,152.001,153.001,1,0,152.501,0.533139,1.04069
2025-12-18 16:29:18.122550800,152.059,153.059,1,0,152.559,0.547222,1.17333
2025-12-18 16:29:18.135745700,152.116,153.116,1,0,152.616,0.564871,0.626793
2025-12-18 16:29:18.148495700,152.174,153.174,1,0,152.674,0.58712,0.421179
2025-12-18 16:29:18.159726700,152.232,153.232,1,0,152.732,0.604198,0.546265
2025-12-18 16:29:18.171101400,152.289,153.289,1,0,152.789,0.619587,0.558477
2025-12-18 16:29:18.182385400,152.347,153.347,1,0,152.847,0.635687,0.501321
2025-12-18 16:29:18.195611700,152.404,153.404,1,0,152.904,0.654334,0.60444
2025-12-18 16:29:18.207576900,152.462,153.462,1,0,152.962,0.672372,0.553947
2025-12-18 16:29:18.220064300,152.52,153.52,1,0,153.02,0.686886,0.768275
2025-12-18 16:29:18.233247100,152.577,153.577,1,0,153.077,0.70734,0.474732
2025-12-18 16:29:18.245493800,152.635,153.635,1,0,153.135,0.720677,0.682774
2025-12-18 16:29:18.258140900,152.692,153.692,1,0,153.192,0.737707,0.336741
2025-12-18 16:29:18.269787900,152.75,153.75,1,0,153.25,0.752062,0.367301
2025-12-18 16:29:18.283029300,152.807,153.807,1,0,153.307,0.763083,0.794026
2025-12-18 16:29:18.294441400,152.865,153.865,1,0,153.365,0.782413,0.822724
2025-12-18 16:29:18.306474800,152.923,153.923,1,0,153.423,0.791827,0.81974
2025-12-18 16:29:18.318131800,152.98,153.98,1,0,153.48,0.800143,0.400752
2025-12-18 16:29:18.330358700,153.038,154.038,1,0,153.538,0.807287,0.436819
2025-12-18 16:29:18.341268500,153.095,154.095,1,0,153.595,0.813179,0.522
2025-12-18 16:29:18.355165600,153.153,154.153,1,0,153.653,0.817729,0.876187
2025-12-18 16:29:18.369489900,153.211,154.211,1,0,153.711,0.824554,0.514832
2025-12-18 16:29:18.381880800,153.268,154.268,1,0,153.768,0.826279,0.495321
2025-12-18 16:29:18.395987200,153.268,154.268,1,0,153.768,0.825329,0.796832
2025-12-18 16:29:18.409315100,153.251,154.251,1,0,153.751,0.824895,0.74501
2025-12-18 16:29:18.420884200,153.234,154.234,1,0,153.734,0.818545,0.332086
2025-12-18 16:29:18.433509800,153.217,154.217,1,0,153.717,0.810246,0.548547
2025-12-18 16:29:18.446337200,153.39,153.46,0.07,507,153.7,0.793667,0.124826
2025-12-18 16:29:18.458436300,153.183,154.183,1,0,153.683,0.782167,0.419913
2025-12-18 16:29:18.469344900,153.62,153.89,0.27,707,153.665,0.771439,0.256848
2025-12-18 16:29:18.481914900,153.148,154.148,1,0,153.648,0.756921,1.04025
2025-12-18 16:29:18.495703400,153.48,153.69,0.21,488,153.631,0.740105,0.263612
2025-12-18 16:29:18.508919500,153.114,154.114,1,0,153.614,0.72313,0.576458
2025-12-18 16:29:18.520857900,153.097,154.097,1,0,153.597,0.705065,0.361649
2025-12-18 16:29:18.534528100,153.08,154.08,1,0,153.58,0.686006,0.463606
2025-12-18 16:29:18.545019200,153.063,154.063,1,0,153.563,0.666046,0.798056
2025-12-18 16:29:18.557728600,153.046,154.046,1,0,153.546,0.645275,0.534451
2025-12-18 16:29:18.568295000,153.029,154.029,1,0,153.529,0.623781,0.372071
2025-12-18 16:29:18.579387100,153.011,154.011,1,0,153.511,0.601651,0.650929
2025-12-18 16:29:18.592355000,152.994,153.994,1,0,153.494,0.578972,0.715155
2025-12-18 16:29:18.604487300,152.977,153.977,1,0,153.477,0.555828,0.381783
2025-12-18 16:29:18.618406500,152.96,153.96,1,0,153.46,0.532308,0.769957
2025-12-18 16:29:18.629929800,152.943,153.943,1,0,153.443,0.508501,0.591325
2025-12-18 16:29:18.642124800,152.926,153.926,1,0,153.426,0.484499,0.771947
2025-12-18 16:29:18.654177800,152.909,153.909,1,0,153.409,0.460398,0.90753
2025-12-18 16:29:18.669047600,152.892,153.892,1,0,153.392,0.436302,0.312506
2025-12-18 16:29:18.681780000,152.875,153.875,1,0,153.375,0.41232,0.433116
2025-12-18 16:29:18.694073400,152.857,153.857,1,0,153.357,0.388574,0.801749
2025-12-18 16:29:18.707221500,152.84,153.84,1,0,153.34,0.365195,0.816859
2025-12-18 16:29:18.720399000,152.823,153.823,1,0,153.323,0.342333,0.935024
2025-12-18 16:29:18.734001900,152.806,153.806,1,0,153.306,0.320155,0.799956
2025-12-18 16:29:18.745722700,152.789,153.789,1,0,153.289,0.298852,0.545364
2025-12-18 16:29:18.759311900,152.772,153.772,1,0,153.272,0.278645,0.718654
2025-12-18 16:29:18.771319400,152.755,153.755,1,0,153.255,0.259782,0.768218
2025-12-18 16:29:18.784306800,152.738,153.738,1,0,153.238,0.242541,0.330706
2025-12-18 16:29:18.797435600,152.72,153.72,1,0,153.22,0.227226,0.545996
2025-12-18 16:29:18.808844700,152.703,153.703,1,0,153.203,0.214149,0.842069
2025-12-18 16:29:18.820679100,152.686,153.686,1,0,153.186,0.2036,0.883587
2025-12-18 16:29:18.836211700,152.669,153.669,1,0,153.169,0.19581,0.598508
2025-12-18 16:29:18.849887900,152.652,153.652,1,0,153.152,0.190895,0.377996
2025-12-18 16:29:18.864033300,152.635,153.635,1,0,153.135,0.188824,0.806991
2025-12-18 16:29:18.875635500,152.618,153.618,1,0,153.118,0.189398,0.6183
2025-12-18 16:29:18.887524000,152.601,153.601,1,0,153.101,0.192271,0.571073
2025-12-18 16:29:18.900416000,152.584,153.584,1,0,153.084,0.196994,0.837889
2025-12-18 16:29:18.911325500,152.566,153.566,1,0,153.066,0.203068,0.333623
2025-12-18 16:29:18.923208000,152.549,153.549,1,0,153.049,0.209985,0.735898
2025-12-18 16:29:18.933453800,152.532,153.532,1,0,153.032,0.217256,0.896446
2025-12-18 16:29:18.943982700,152.515,153.515,1,0,153.015,0.224423,0.973037
2025-12-18 16:29:18.958536200,152.498,153.498,1,0,152.998,0.231053,0.92753
2025-12-18 16:29:18.970117900,152.481,153.481,1,0,152.981,0.236732,0.339671
2025-12-18 16:29:18.984400600,152.464,153.464,1,0,152.964,0.241048,0.315399
2025-12-18 16:29:18.997301100,152.447,153.447,1,0,152.947,0.243571,0.656817
2025-12-18 16:29:19.008612500,152.43,153.43,1,0,152.93,0.24383,0.475298
2025-12-18 16:29:19.019843600,152.43,153.43,1,0,152.93,0.242933,1.1503
2025-12-18 16:29:19.032796700,152.478,153.478,1,0,152.978,0.240068,1.13443
2025-12-18 16:29:19.046295900,152.97,153.31,0.34,377,153.026,0.233499,0.296672
2025-12-18 16:29:19.061772800,152.574,153.574,1,0,153.074,0.227819,0.712938
2025-12-18 16:29:19.075442300,152.623,153.623,1,0,153.123,0.228093,0.455847
2025-12-18 16:29:19.088722200,152.671,153.671,1,0,153.171,0.221227,0.813276
2025-12-18 16:29:19.102556500,152.719,153.719,1,0,153.219,0.210224,0.311906
2025-12-18 16:29:19.115430500,152.768,153.768,1,0,153.268,0.202793,0.813098
2025-12-18 16:29:19.126174500,152.816,153.816,1,0,153.316,0.197402,0.452249
2025-12-18 16:29:19.139970700,152.864,153.864,1,0,153.364,0.191116,0.616983
2025-12-18 16:29:19.151984100,152.913,153.913,1,0,153.413,0.185947,0.836429
2025-12-18 16:29:19.163958100,152.961,153.961,1,0,153.461,0.182294,0.897823
2025-12-18 16:29:19.177318700,153.009,154.009,1,0,153.509,0.180526,0.443181
2025-12-18 16:29:19.190370600,153.058,154.058,1,0,153.558,0.180949,0.509182
2025-12-18 16:29:19.204131100,153.106,154.106,1,0,153.606,0.183765,0.858868
2025-12-18 16:29:19.219006600,153.154,154.154,1,0,153.654,0.189049,0.319085
2025-12-18 16:29:19.230736800,153.203,154.203,1,0,153.703,0.196755,0.362682
2025-12-18 16:29:19.241920600,153.251,154.251,1,0,153.751,0.20673,0.539266
2025-12-18 16:29:19.255164600,153.299,154.299,1,0,153.799,0.218751,0.90296
2025-12-18 16:29:19.268628100,153.348,154.348,1,0,153.848,0.232564,0.592266
2025-12-18 16:29:19.281229900,153.396,154.396,1,0,153.896,0.247904,0.440986
2025-12-18 16:29:19.293591900,153.444,154.444,1,0,153.944,0.264522,0.368789
2025-12-18 16:29:19.306691500,153.493,154.493,1,0,153.993,0.282187,0.556901
2025-12-18 16:29:19.320597000,153.541,154.541,1,0,154.041,0.300694,0.424935
2025-12-18 16:29:19.332245300,153.589,154.589,1,0,154.089,0.319861,0.709878
2025-12-18 16:29:19.345330000,153.638,154.638,1,0,154.138,0.339527,0.358667
2025-12-18 16:29:19.358315700,153.686,154.686,1,0,154.186,0.359549,0.418057
2025-12-18 16:29:19.372924200,153.734,154.734,1,0,154.234,0.379801,0.57314
2025-12-18 16:29:19.387129700,153.783,154.783,1,0,154.283,0.400167,0.628126
2025-12-18 16:29:19.400458300,153.831,154.831,1,0,154.331,0.420543,1.09274
2025-12-18 16:29:19.412671300,153.879,154.879,1,0,154.379,0.440831,0.344625
2025-12-18 16:29:19.424545400,153.928,154.928,1,0,154.428,0.46094,0.637298
2025-12-18 16:29:19.437932100,153.976,154.976,1,0,154.476,0.480783,0.819574
2025-12-18 16:29:19.451721500,154.024,155.024,1,0,154.524,0.500276,0.378337
2025-12-18 16:29:19.464648800,154.073,155.073,1,0,154.573,0.519338,0.567897
2025-12-18 16:29:19.476583700,154.121,155.121,1,0,154.621,0.537887,0.400627
2025-12-18 16:29:19.491392200,154.169,155.169,1,0,154.669,0.555844,0.476417
2025-12-18 16:29:19.504255800,154.218,155.218,1,0,154.718,0.573127,0.408646
2025-12-18 16:29:19.517292900,154.266,155.266,1,0,154.766,0.589655,0.60389
2025-12-18 16:29:19.527830700,154.314,155.314,1,0,154.814,0.605343,0.529806
2025-12-18 16:29:19.539320600,154.363,155.363,1,0,154.863,0.620103,0.403427
2025-12-18 16:29:19.551202900,154.411,155.411,1,0,154.911,0.633844,0.771669
2025-12-18 16:29:19.562698400,154.459,155.459,1,0,154.959,0.646471,0.842983
2025-12-18 16:29:19.573459600,154.508,155.508,1,0,155.008,0.657882,0.478367
2025-12-18 16:29:19.584364400,154.556,155.556,1,0,155.056,0.667968,0.77131
2025-12-18 16:29:19.597403900,154.604,155.604,1,0,155.104,0.676612,0.503209
2025-12-18 16:29:19.609566200,154.653,155.653,1,0,155.153,0.683686,0.623223
2025-12-18 16:29:19.621122600,154.701,155.701,1,0,155.201,0.68905,0.909514
2025-12-18 16:29:19.633185900,154.749,155.749,1,0,155.249,0.69255,0.655562
2025-12-18 16:29:19.644752600,154.797,155.797,1,0,155.297,0.694012,0.428969
2025-12-18 16:29:19.655114300,154.797,155.797,1,0,155.297,0.692239,0.425115
2025-12-18 16:29:19.667616300,154.835,155.835,1,0,155.335,0.690184,0.348904
2025-12-18 16:29:19.680507400,154.873,155.873,1,0,155.373,0.691734,0.56236
2025-12-18 16:29:19.693618200,154.911,155.911,1,0,155.411,0.689329,0.747924
2025-12-18 16:29:19.705040700,154.949,155.949,1,0,155.449,0.686686,1.08826
2025-12-18 16:29:19.717556500,154.987,155.987,1,0,155.487,0.68382,0.747901
2025-12-18 16:29:19.729742600,155.025,156.025,1,0,155.525,0.680744,0.687509
2025-12-18 16:29:19.740168100,155.062,156.062,1,0,155.562,0.677471,0.658133
2025-12-18 16:29:19.752960600,155.1,156.1,1,0,155.6,0.674014,0.84288
2025-12-18 16:29:19.766570800,155.138,156.138,1,0,155.638,0.670386,1.08219
2025-12-18 16:29:19.777840200,155.176,156.176,1,0,155.676,0.666601,0.663425
2025-12-18 16:29:19.792680000,155.214,156.214,1,0,155.714,0.662671,0.875174
2025-12-18 16:29:19.810348900,155.252,156.252,1,0,155.752,0.65861,0.360556
2025-12-18 16:29:19.822202400,155.29,156.29,1,0,155.79,0.654429,0.576085
2025-12-18 16:29:19.836942400,155.327,156.327,1,0,155.827,0.650144,0.525165
2025-12-18 16:29:19.850152800,155.365,156.365,1,0,155.865,0.645765,1.11637
2025-12-18 16:29:19.863293900,155.403,156.403,1,0,155.903,0.641308,0.433604
2025-12-18 16:29:19.875936400,155.441,156.441,1,0,155.941,0.636785,0.582973
2025-12-18 16:29:19.889085800,155.479,156.479,1,0,155.979,0.632209,0.31604
2025-12-18 16:29:19.902915200,155.517,156.517,1,0,156.017,0.627596,0.496326
2025-12-18 16:29:19.915862500,155.555,156.555,1,0,156.055,0.622957,0.649998
2025-12-18 16:29:19.929541800,155.592,156.592,1,0,156.092,0.618309,0.841981
2025-12-18 16:29:19.942225000,155.63,156.63,1,0,156.13,0.613664,0.560438
2025-12-18 16:29:19.955839500,155.668,156.668,1,0,156.168,0.609038,0.6516
2025-12-18 16:29:19.966454500,155.706,156.706,1,0,156.206,0.604445,0.637706
2025-12-18 16:29:19.980062000,155.744,156.744,1,0,156.244,0.599901,0.340089
2025-12-18 16:29:19.994969900,155.782,156.782,1,0,156.282,0.59542,0.42467
2025-12-18 16:29:20.010580300,155.82,156.82,1,0,156.32,0.591018,0.333228
2025-12-18 16:29:20.028194300,155.857,156.857,1,0,156.357,0.586711,0.357602
2025-12-18 16:29:20.047266600,155.895,156.895,1,0,156.395,0.582515,1.24189
2025-12-18 16:29:20.070486300,155.933,156.933,1,0,156.433,0.578445,0.733297
2025-12-18 16:29:20.085828500,155.971,156.971,1,0,156.471,0.574518,0.810781
2025-12-18 16:29:20.101934100,156.009,157.009,1,0,156.509,0.57075,0.534978
2025-12-18 16:29:20.117657100,156.047,157.047,1,0,156.547,0.567158,0.751984
2025-12-18 16:29:20.130504000,156.085,157.085,1,0,156.585,0.563757,0.552478
2025-12-18 16:29:20.142817000,156.122,157.122,1,0,156.622,0.560565,0.306924
2025-12-18 16:29:20.162404700,156.16,157.16,1,0,156.66,0.557598,0.782002
2025-12-18 16:29:20.179951800,156.198,157.198,1,0,156.698,0.554871,0.384123
2025-12-18 16:29:20.199740500,156.236,157.236,1,0,156.736,0.552402,0.350419
2025-12-18 16:29:20.215334200,156.274,157.274,1,0,156.774,0.550204,0.684005
2025-12-18 16:29:20.230653100,156.312,157.312,1,0,156.812,0.548295,0.412762
2025-12-18 16:29:20.248591100,156.35,157.35,1,0,156.85,0.546688,0.405589
2025-12-18 16:29:20.264651100,156.387,157.387,1,0,156.887,0.545397,0.315549
2025-12-18 16:29:20.279496400,156.425,157.425,1,0,156.925,0.544438,0.577755
2025-12-18 16:29:20.293483000,156.463,157.463,1,0,156.963,0.543821,0.807753
2025-12-18 16:29:20.308743500,156.501,157.501,1,0,157.001,0.543559,0.797052
2025-12-18 16:29:20.324234400,156.539,157.539,1,0,157.039,0.543664,0.615096
2025-12-18 16:29:20.340796600,156.577,157.577,1,0,157.077,0.544146,0.576453
2025-12-18 16:29:20.360932600,156.615,157.615,1,0,157.115,0.545013,0.668351
2025-12-18 16:29:20.378410100,156.652,157.652,1,0,157.152,0.546274,1.11017
2025-12-18 16:29:20.398688900,156.652,157.652,1,0,157.152,0.545013,0.602626
2025-12-18 16:29:20.417444800,156.623,157.623,1,0,157.123,0.54168,0.721147
2025-12-18 16:29:20.437078700,156.594,157.594,1,0,157.094,0.536483,0.684316
2025-12-18 16:29:20.455702000,157.17,157.27,0.1,756,157.065,0.534134,0.241698
2025-12-18 16:29:20.478511100,156.536,157.536,1,0,157.036,0.52563,1.08985
2025-12-18 16:29:20.504695300,156.506,157.506,1,0,157.006,0.515782,0.636535
2025-12-18 16:29:20.522442900,156.477,157.477,1,0,156.977,0.504729,0.451194
2025-12-18 16:29:20.538302900,156.448,157.448,1,0,156.948,0.492605,0.736422
2025-12-18 16:29:20.559773200,156.419,157.419,1,0,156.919,0.479537,0.546327
2025-12-18 16:29:20.579152400,156.39,157.39,1,0,156.89,0.465648,0.617182
2025-12-18 16:29:20.596169100,156.36,157.36,1,0,156.86,0.45106,0.574571
2025-12-18 16:29:20.613182100,156.331,157.331,1,0,156.831,0.435894,0.402925
2025-12-18 16:29:20.632014200,156.302,157.302,1,0,156.802,0.420274,0.382387
2025-12-18 16:29:20.664350300,156.273,157.273,1,0,156.773,0.404329,1.00643
2025-12-18 16:29:20.681074900,156.244,157.244,1,0,156.744,0.388192,0.651355
2025-12-18 16:29:20.700823000,156.214,157.214,1,0,156.714,0.372004,0.884482
2025-12-18 16:29:20.720943900,156.185,157.185,1,0,156.685,0.355919,1.33231
2025-12-18 16:29:20.737187600,156.156,157.156,1,0,156.656,0.340101,0.764896
2025-12-18 16:29:20.757366900,156.127,157.127,1,0,156.627,0.324732,0.738422
2025-12-18 16:29:20.772293700,156.098,157.098,1,0,156.598,0.310009,0.454902
2025-12-18 16:29:20.788460400,156.068,157.068,1,0,156.568,0.296146,0.376571
2025-12-18 16:29:20.812770600,156.039,157.039,1,0,156.539,0.283376,0.426374
2025-12-18 16:29:20.829753100,156.01,157.01,1,0,156.51,0.271942,0.564385
2025-12-18 16:29:20.848791600,155.981,156.981,1,0,156.481,0.26209,0.597038
2025-12-18 16:29:20.867793200,155.952,156.952,1,0,156.452,0.254059,0.370165
2025-12-18 16:29:20.882837700,155.922,156.922,1,0,156.422,0.248058,0.678778
2025-12-18 16:29:20.893695000,155.893,156.893,1,0,156.393,0.244249,0.829571
2025-12-18 16:29:20.908480100,155.864,156.864,1,0,156.364,0.242723,0.836983
2025-12-18 16:29:20.922823700,155.835,156.835,1,0,156.335,0.243491,1.00606
2025-12-18 16:29:20.936829900,155.806,156.806,1,0,156.306,0.246476,0.882466
2025-12-18 16:29:20.950659500,155.776,156.776,1,0,156.276,0.251525,0.362405
2025-12-18 16:29:20.963454600,155.747,156.747,1,0,156.247,0.258424,0.461418
2025-12-18 16:29:20.976298500,155.718,156.718,1,0,156.218,0.266918,0.424662
2025-12-18 16:29:20.989745900,155.689,156.689,1,0,156.189,0.276733,0.35339
2025-12-18 16:29:21.001990000,155.66,156.66,1,0,156.16,0.287595,0.863748
2025-12-18 16:29:21.014154600,155.63,156.63,1,0,156.13,0.299236,0.552151
2025-12-18 16:29:21.027186500,155.601,156.601,1,0,156.101,0.311405,0.308972
2025-12-18 16:29:21.041359200,155.572,156.572,1,0,156.072,0.323868,0.482281
2025-12-18 16:29:21.056033600,155.543,156.543,1,0,156.043,0.336407,0.707275
2025-12-18 16:29:21.070687200,155.514,156.514,1,0,156.014,0.348821,0.754592
2025-12-18 16:29:21.084627600,155.484,156.484,1,0,155.984,0.360922,0.544065
2025-12-18 16:29:21.099204700,155.455,156.455,1,0,155.955,0.372531,0.491852
2025-12-18 16:29:21.113437700,155.426,156.426,1,0,155.926,0.383474,0.749471
2025-12-18 16:29:21.125683600,155.397,156.397,1,0,155.897,0.39358,1.06614
2025-12-18 16:29:21.140113100,155.368,156.368,1,0,155.868,0.402679,0.738596
2025-12-18 16:29:21.154436200,155.338,156.338,1,0,155.838,0.410595,0.960243
2025-12-18 16:29:21.172083100,155.309,156.309,1,0,155.809,0.417142,0.719067
2025-12-18 16:29:21.185292800,155.28,156.28,1,0,155.78,0.422124,0.672553
2025-12-18 16:29:21.204737400,155.251,156.251,1,0,155.751,0.425322,0.336533
2025-12-18 16:29:21.219345500,155.222,156.222,1,0,155.722,0.426491,0.996232
2025-12-18 16:29:21.236588500,155.222,156.222,1,0,155.722,0.425739,0.844786
2025-12-18 16:29:21.254405200,155.244,156.244,1,0,155.744,0.423415,0.786004
2025-12-18 16:29:21.268200000,155.266,156.266,1,0,155.766,0.419677,0.689359
2025-12-18 16:29:21.282214100,155.49,155.81,0.32,353,155.788,0.412636,0.304666
2025-12-18 16:29:21.296573000,155.31,156.31,1,0,155.81,0.406098,0.684035
2025-12-18 16:29:21.310819700,155.332,156.332,1,0,155.832,0.39853,0.29329
2025-12-18 16:29:21.324663800,155.355,156.355,1,0,155.855,0.390039,0.53205
2025-12-18 16:29:21.340229400,155.377,156.377,1,0,155.877,0.380725,0.38364
2025-12-18 16:29:21.353798700,155.399,156.399,1,0,155.899,0.370686,0.270206
2025-12-18 16:29:21.367541400,155.421,156.421,1,0,155.921,0.360014,0.725551
2025-12-18 16:29:21.380990300,155.443,156.443,1,0,155.943,0.348802,0.605954
2025-12-18 16:29:21.394450600,155.465,156.465,1,0,155.965,0.337143,0.49311
2025-12-18 16:29:21.406675000,155.488,156.488,1,0,155.988,0.32513,0.663644
2025-12-18 16:29:21.418215000,155.51,156.51,1,0,156.01,0.312859,0.336991
2025-12-18 16:29:21.432049600,155.532,156.532,1,0,156.032,0.300432,0.542274
2025-12-18 16:29:21.443762100,155.554,156.554,1,0,156.054,0.287955,0.917771
2025-12-18 16:29:21.457875900,155.576,156.576,1,0,156.076,0.275544,0.42975
2025-12-18 16:29:21.472393000,155.598,156.598,1,0,156.098,0.263322,0.582486
2025-12-18 16:29:21.485093800,155.62,156.62,1,0,156.12,0.251425,0.384442
2025-12-18 16:29:21.497347800,155.643,156.643,1,0,156.143,0.240002,0.350173
2025-12-18 16:29:21.507755400,155.665,156.665,1,0,156.165,0.229213,0.509898
2025-12-18 16:29:21.521644100,155.687,156.687,1,0,156.187,0.219234,0.386422
2025-12-18 16:29:21.532777000,155.709,156.709,1,0,156.209,0.210247,0.714958
2025-12-18 16:29:21.545025500,155.731,156.731,1,0,156.231,0.202443,0.456286
2025-12-18 16:29:21.559673500,155.753,156.753,1,0,156.253,0.196002,0.376135
2025-12-18 16:29:21.574449400,155.775,156.775,1,0,156.275,0.19109,0.342603
2025-12-18 16:29:21.588691000,155.798,156.798,1,0,156.298,0.187836,0.453353
2025-12-18 16:29:21.600260400,155.82,156.82,1,0,156.32,0.186319,1.2032
2025-12-18 16:29:21.612323400,155.842,156.842,1,0,156.342,0.186559,0.915568
2025-12-18 16:29:21.623605800,155.864,156.864,1,0,156.364,0.188507,0.932779
2025-12-18 16:29:21.635492100,155.886,156.886,1,0,156.386,0.192055,0.53006
2025-12-18 16:29:21.647587100,155.908,156.908,1,0,156.408,0.197046,0.590284
2025-12-18 16:29:21.658614500,155.93,156.93,1,0,156.43,0.203289,0.472688
2025-12-18 16:29:21.669832500,155.953,156.953,1,0,156.453,0.210577,0.809055
2025-12-18 16:29:21.683089700,155.975,156.975,1,0,156.475,0.218697,0.917746
2025-12-18 16:29:21.696325400,155.997,156.997,1,0,156.497,0.227443,0.314854
2025-12-18 16:29:21.708256600,156.019,157.019,1,0,156.519,0.23662,0.329226
2025-12-18 16:29:21.721840500,156.041,157.041,1,0,156.541,0.246046,1.12448
2025-12-18 16:29:21.735198500,156.063,157.063,1,0,156.563,0.255553,0.740891
2025-12-18 16:29:21.747239800,156.086,157.086,1,0,156.586,0.264981,0.519039
2025-12-18 16:29:21.760149300,156.108,157.108,1,0,156.608,0.274187,0.470678
2025-12-18 16:29:21.774671100,156.13,157.13,1,0,156.63,0.283028,1.32484
2025-12-18 16:29:21.787787100,156.152,157.152,1,0,156.652,0.291372,1.06268
2025-12-18 16:29:21.800568200,156.174,157.174,1,0,156.674,0.299087,0.269996
2025-12-18 16:29:21.813594300,156.196,157.196,1,0,156.696,0.306039,0.747394
2025-12-18 16:29:21.825598300,156.218,157.218,1,0,156.718,0.312093,0.861831
2025-12-18 16:29:21.840537000,156.241,157.241,1,0,156.741,0.317106,0.547185
2025-12-18 16:29:21.859023000,156.263,157.263,1,0,156.763,0.320927,0.531511
2025-12-18 16:29:21.874366500,156.285,157.285,1,0,156.785,0.323388,0.404252
2025-12-18 16:29:21.887735900,156.307,157.307,1,0,156.807,0.3243,0.553311
2025-12-18 16:29:21.900628500,156.307,157.307,1,0,156.807,0.323758,0.472474
2025-12-18 16:29:21.912780800,156.334,157.334,1,0,156.834,0.32339,0.601279
2025-12-18 16:29:21.927017700,156.36,157.36,1,0,156.86,0.32319,0.650461
2025-12-18 16:29:21.940438700,156.387,157.387,1,0,156.887,0.317711,0.551637
2025-12-18 16:29:21.951286200,156.413,157.413,1,0,156.913,0.317647,0.41245
2025-12-18 16:29:21.963093000,156.44,157.44,1,0,156.94,0.317739,0.555181
2025-12-18 16:29:21.975533700,156.466,157.466,1,0,156.966,0.317984,0.382893
2025-12-18 16:29:21.989069200,156.493,157.493,1,0,156.993,0.318376,0.539714
2025-12-18 16:29:22.001801800,156.52,157.52,1,0,157.02,0.318909,0.979908
2025-12-18 16:29:22.018178300,156.546,157.546,1,0,157.046,0.319577,0.647242
2025-12-18 16:29:22.032155900,156.573,157.573,1,0,157.073,0.320375,0.531297
2025-12-18 16:29:22.046665200,156.599,157.599,1,0,157.099,0.321296,0.512559
2025-12-18 16:29:22.058133100,156.626,157.626,1,0,157.126,0.322333,0.356999
2025-12-18 16:29:22.070787800,156.653,157.653,1,0,157.153,0.323481,0.459546
2025-12-18 16:29:22.084806600,156.679,157.679,1,0,157.179,0.324732,0.65031
2025-12-18 16:29:22.096744900,156.706,157.706,1,0,157.206,0.326081,0.425977
2025-12-18 16:29:22.110730200,156.732,157.732,1,0,157.232,0.32752,0.412454
2025-12-18 16:29:22.124419700,156.759,157.759,1,0,157.259,0.329042,1.1272
2025-12-18 16:29:22.135759000,156.785,157.785,1,0,157.285,0.330641,0.613654
2025-12-18 16:29:22.148499700,156.812,157.812,1,0,157.312,0.33231,0.571756
2025-12-18 16:29:22.160634700,156.839,157.839,1,0,157.339,0.334043,0.636929
2025-12-18 16:29:22.172844300,156.865,157.865,1,0,157.365,0.335832,0.689347
2025-12-18 16:29:22.187024000,156.892,157.892,1,0,157.392,0.337671,0.51865
2025-12-18 16:29:22.201077400,156.918,157.918,1,0,157.418,0.339554,0.59405
2025-12-18 16:29:22.213349100,156.945,157.945,1,0,157.445,0.341473,0.664198
2025-12-18 16:29:22.226534600,156.972,157.972,1,0,157.472,0.343423,1.04613
2025-12-18 16:29:22.241169000,156.998,157.998,1,0,157.498,0.345396,0.909489
2025-12-18 16:29:22.254235200,157.025,158.025,1,0,157.525,0.347387,0.76233
2025-12-18 16:29:22.267527100,157.051,158.051,1,0,157.551,0.349389,0.637503
2025-12-18 16:29:22.279840500,157.078,158.078,1,0,157.578,0.351396,0.379676
2025-12-18 16:29:22.292927800,157.104,158.104,1,0,157.604,0.353403,0.315639
2025-12-18 16:29:22.307234000,157.131,158.131,1,0,157.631,0.355402,0.67266
2025-12-18 16:29:22.320430200,157.158,158.158,1,0,157.658,0.357388,0.708039
2025-12-18 16:29:22.330906300,157.184,158.184,1,0,157.684,0.359354,1.2043
2025-12-18 16:29:22.344641600,157.211,158.211,1,0,157.711,0.361296,0.459988
2025-12-18 16:29:22.357123600,157.237,158.237,1,0,157.737,0.363208,0.46302
2025-12-18 16:29:22.368692700,157.264,158.264,1,0,157.764,0.365082,0.735844
2025-12-18 16:29:22.382015200,157.29,158.29,1,0,157.79,0.366915,0.583083
2025-12-18 16:29:22.394300600,157.317,158.317,1,0,157.817,0.3687,0.654387
2025-12-18 16:29:22.408458600,157.344,158.344,1,0,157.844,0.370431,0.832571
2025-12-18 16:29:22.422220600,157.37,158.37,1,0,157.87,0.372103,0.323026
2025-12-18 16:29:22.435210000,157.397,158.397,1,0,157.897,0.37371,0.618437
2025-12-18 16:29:22.447890200,157.423,158.423,1,0,157.923,0.375248,0.547585
2025-12-18 16:29:22.460562100,157.45,158.45,1,0,157.95,0.376709,0.794541
2025-12-18 16:29:22.474889600,157.477,158.477,1,0,157.977,0.378088,0.60944
2025-12-18 16:29:22.487672300,157.503,158.503,1,0,158.003,0.37938,0.853251
2025-12-18 16:29:22.500814500,157.53,158.53,1,0,158.03,0.38058,0.650656
2025-12-18 16:29:22.514228400,157.556,158.556,1,0,158.056,0.38168,0.84361
2025-12-18 16:29:22.527402200,157.583,158.583,1,0,158.083,0.382676,0.376456
2025-12-18 16:29:22.541157800,157.609,158.609,1,0,158.109,0.383562,0.666402
2025-12-18 16:29:22.553634300,157.609,158.609,1,0,158.109,0.382676,0.464139
2025-12-18 16:29:22.566756100,157.57,158.57,1,0,158.07,0.379761,0.586954
2025-12-18 16:29:22.579607800,157.83,157.84,0.01,408,158.03,0.370871,0.20016
2025-12-18 16:29:22.591994800,157.49,158.49,1,0,157.99,0.364814,0.65294
2025-12-18 16:29:22.604916400,158.1,158.18,0.08,404,157.951,0.362375,0.242092
2025-12-18 16:29:22.617339700,157.411,158.411,1,0,157.911,0.353733,0.977787
2025-12-18 16:29:22.630456200,157.371,158.371,1,0,157.871,0.344158,0.319716
2025-12-18 16:29:22.642943700,157.332,158.332,1,0,157.832,0.333838,0.600104
2025-12-18 16:29:22.655341900,157.292,158.292,1,0,157.792,0.32296,0.485899
2025-12-18 16:29:22.670382000,157.252,158.252,1,0,157.752,0.311719,0.601987
2025-12-18 16:29:22.682956800,157.213,158.213,1,0,157.713,0.300319,1.04769
2025-12-18 16:29:22.698089200,157.173,158.173,1,0,157.673,0.288978,0.457401
2025-12-18 16:29:22.710777600,157.133,158.133,1,0,157.633,0.277928,0.416292
2025-12-18 16:29:22.725038000,157.094,158.094,1,0,157.594,0.267423,0.449255
2025-12-18 16:29:22.739136600,157.054,158.054,1,0,157.554,0.257732,0.651659
2025-12-18 16:29:22.750129900,157.014,158.014,1,0,157.514,0.24914,0.916143
2025-12-18 16:29:22.762498400,156.975,157.975,1,0,157.475,0.241936,0.468907
2025-12-18 16:29:22.773623500,156.935,157.935,1,0,157.435,0.236403,0.696204
2025-12-18 16:29:22.784635600,156.895,157.895,1,0,157.395,0.232796,0.51245
2025-12-18 16:29:22.794814500,156.856,157.856,1,0,157.356,0.231315,0.474346
2025-12-18 16:29:22.806485800,156.816,157.816,1,0,157.316,0.232093,0.828987
2025-12-18 16:29:22.818093000,156.776,157.776,1,0,157.276,0.235173,0.710451
2025-12-18 16:29:22.833948000,156.737,157.737,1,0,157.237,0.240509,0.332884
2025-12-18 16:29:22.847330700,156.697,157.697,1,0,157.197,0.247976,0.774436
2025-12-18 16:29:22.860790400,156.657,157.657,1,0,157.157,0.257387,0.805482
2025-12-18 16:29:22.875225700,156.618,157.618,1,0,157.118,0.268518,0.891768
2025-12-18 16:29:22.893039200,156.578,157.578,1,0,157.078,0.281126,0.348423
2025-12-18 16:29:22.912931100,156.538,157.538,1,0,157.038,0.294967,1.28941
2025-12-18 16:29:22.928892500,156.499,157.499,1,0,156.999,0.309808,0.554491
2025-12-18 16:29:22.942784900,156.459,157.459,1,0,156.959,0.325429,0.929132
2025-12-18 16:29:22.961205000,156.419,157.419,1,0,156.919,0.341631,0.781899
2025-12-18 16:29:22.975581800,156.38,157.38,1,0,156.88,0.358232,0.336168
2025-12-18 16:29:22.989400300,156.34,157.34,1,0,156.84,0.375065,0.965188
2025-12-18 16:29:23.001782800,156.3,157.3,1,0,156.8,0.391979,0.416648
2025-12-18 16:29:23.013589500,156.261,157.261,1,0,156.761,0.408834,0.957032
2025-12-18 16:29:23.026832100,156.221,157.221,1,0,156.721,0.425502,0.467775
2025-12-18 16:29:23.040196400,156.181,157.181,1,0,156.681,0.441858,0.713149
2025-12-18 16:29:23.054443100,156.142,157.142,1,0,156.642,0.457788,1.61534
2025-12-18 16:29:23.068438100,156.102,157.102,1,0,156.602,0.473177,0.469644
2025-12-18 16:29:23.082348800,156.062,157.062,1,0,156.562,0.487914,0.62938
2025-12-18 16:29:23.094464300,156.023,157.023,1,0,156.523,0.501889,0.682716
2025-12-18 16:29:23.107758100,155.983,156.983,1,0,156.483,0.514989,0.44759
2025-12-18 16:29:23.121712500,155.943,156.943,1,0,156.443,0.527098,0.701832
2025-12-18 16:29:23.134424000,155.904,156.904,1,0,156.404,0.538098,0.63557
2025-12-18 16:29:23.148525200,155.864,156.864,1,0,156.364,0.547863,0.691174
2025-12-18 16:29:23.161007400,155.824,156.824,1,0,156.324,0.556258,0.794831
2025-12-18 16:29:23.174815400,155.785,156.785,1,0,156.285,0.563139,0.570185
2025-12-18 16:29:23.186723800,155.745,156.745,1,0,156.245,0.568346,0.51284
2025-12-18 16:29:23.198907400,155.705,156.705,1,0,156.205,0.571705,0.98768
2025-12-18 16:29:23.214283200,155.666,156.666,1,0,156.166,0.573017,0.457612
2025-12-18 16:29:23.227057400,155.666,156.666,1,0,156.166,0.571689,0.945222
2025-12-18 16:29:23.242057000,155.653,156.653,1,0,156.153,0.569541,0.315621
2025-12-18 16:29:23.254858600,155.64,156.64,1,0,156.14,0.572841,0.709894
2025-12-18 16:29:23.268466000,155.628,156.628,1,0,156.128,0.569494,0.522739
2025-12-18 16:29:23.280497500,155.615,156.615,1,0,156.115,0.558097,0.591346
2025-12-18 16:29:23.293816900,155.602,156.602,1,0,156.102,0.553137,0.687371
2025-12-18 16:29:23.308867900,155.59,156.59,1,0,156.09,0.547574,0.782898
2025-12-18 16:29:23.322298100,155.577,156.577,1,0,156.077,0.541445,0.318346
2025-12-18 16:29:23.335051300,155.564,156.564,1,0,156.064,0.534782,0.663676
2025-12-18 16:29:23.347248600,155.552,156.552,1,0,156.052,0.527619,0.672231
2025-12-18 16:29:23.360622000,155.539,156.539,1,0,156.039,0.519985,0.310438
2025-12-18 16:29:23.374012000,155.526,156.526,1,0,156.026,0.511912,0.808712
2025-12-18 16:29:23.447299900,155.513,156.513,1,0,156.013,0.503427,0.474602
2025-12-18 16:29:23.459580300,155.501,156.501,1,0,156.001,0.494558,0.800462
2025-12-18 16:29:23.473580300,155.488,156.488,1,0,155.988,0.485333,0.447393
2025-12-18 16:29:23.487211400,155.475,156.475,1,0,155.975,0.475777,0.641894
2025-12-18 16:29:23.500470300,155.463,156.463,1,0,155.963,0.465917,1.48519
2025-12-18 16:29:23.513511000,155.45,156.45,1,0,155.95,0.455779,0.627014
2025-12-18 16:29:23.527373200,155.437,156.437,1,0,155.937,0.445387,0.506745
2025-12-18 16:29:23.542630100,155.425,156.425,1,0,155.925,0.434767,0.573992
2025-12-18 16:29:23.555436600,155.412,156.412,1,0,155.912,0.423945,0.571534
2025-12-18 16:29:23.568089900,155.399,156.399,1,0,155.899,0.412947,0.853085
2025-12-18 16:29:23.581805500,155.387,156.387,1,0,155.887,0.401799,0.627754
2025-12-18 16:29:23.595624900,155.374,156.374,1,0,155.874,0.390527,0.704422
2025-12-18 16:29:23.610361000,155.361,156.361,1,0,155.861,0.379159,0.62348
2025-12-18 16:29:23.623493000,155.349,156.349,1,0,155.849,0.367724,0.724948
2025-12-18 16:29:23.637210500,155.336,156.336,1,0,155.836,0.35625,0.63591
2025-12-18 16:29:23.650981000,155.323,156.323,1,0,155.823,0.34477,0.730668
2025-12-18 16:29:23.663970000,155.311,156.311,1,0,155.811,0.333315,0.758318
2025-12-18 16:29:23.675863700,155.298,156.298,1,0,155.798,0.321919,0.398328
2025-12-18 16:29:23.689703800,155.285,156.285,1,0,155.785,0.31062,1.18688
2025-12-18 16:29:23.702703000,155.272,156.272,1,0,155.772,0.299457,0.602561
2025-12-18 16:29:23.714999400,155.26,156.26,1,0,155.76,0.288472,0.705352
2025-12-18 16:29:23.727594900,155.247,156.247,1,0,155.747,0.27771,0.473811
2025-12-18 16:29:23.739678000,155.234,156.234,1,0,155.734,0.26722,0.648069
2025-12-18 16:29:23.750408000,155.222,156.222,1,0,155.722,0.257054,0.430077
2025-12-18 16:29:23.763581500,155.209,156.209,1,0,155.709,0.24727,0.325329
2025-12-18 16:29:23.776207900,155.196,156.196,1,0,155.696,0.237928,0.6862
2025-12-18 16:29:23.788065300,155.184,156.184,1,0,155.684,0.229093,0.831826
2025-12-18 16:29:23.799610800,155.171,156.171,1,0,155.671,0.220831,0.337511
2025-12-18 16:29:23.813021100,155.158,156.158,1,0,155.658,0.213213,0.524858
2025-12-18 16:29:23.826909800,155.146,156.146,1,0,155.646,0.206309,0.337506
2025-12-18 16:29:23.838533400,155.133,156.133,1,0,155.633,0.200186,0.537884
2025-12-18 16:29:23.851052200,155.12,156.12,1,0,155.62,0.194908,0.305363
2025-12-18 16:29:23.864889700,155.108,156.108,1,0,155.608,0.19053,0.762513
2025-12-18 16:29:23.878277500,155.095,156.095,1,0,155.595,0.187096,0.667175
2025-12-18 16:29:23.893242200,155.082,156.082,1,0,155.582,0.184632,0.954882
2025-12-18 16:29:23.907459500,155.07,156.07,1,0,155.57,0.183148,0.575064
2025-12-18 16:29:23.920419100,155.057,156.057,1,0,155.557,0.182634,0.908314
2025-12-18 16:29:23.934721700,155.044,156.044,1,0,155.544,0.183056,0.449364
2025-12-18 16:29:23.948030200,155.044,156.044,1,0,155.544,0.182634,0.323025
2025-12-18 16:29:23.961502400,155.35,155.43,0.08,558,155.607,0.187853,0.200246
2025-12-18 16:29:23.976025800,155.17,156.17,1,0,155.67,0.183671,0.886735
2025-12-18 16:29:23.995604700,155.233,156.233,1,0,155.733,0.1786,0.774841
2025-12-18 16:29:24.011391500,155.295,156.295,1,0,155.795,0.173206,0.592129
2025-12-18 16:29:24.023361100,155.358,156.358,1,0,155.858,0.168081,0.369365
2025-12-18 16:29:24.036847200,155.421,156.421,1,0,155.921,0.16385,0.32134
2025-12-18 16:29:24.101329400,155.484,156.484,1,0,155.984,0.161147,1.14696
2025-12-18 16:29:24.118634300,155.547,156.547,1,0,156.047,0.160577,0.615506
2025-12-18 16:29:24.133354800,155.61,156.61,1,0,156.11,0.162636,0.497446
2025-12-18 16:29:24.146527700,155.672,156.672,1,0,156.172,0.167649,0.613526
2025-12-18 16:29:24.161189400,155.735,156.735,1,0,156.235,0.175725,0.318983
2025-12-18 16:29:24.174538600,155.798,156.798,1,0,156.298,0.186771,0.351981
2025-12-18 16:29:24.189268700,155.861,156.861,1,0,156.361,0.200545,0.751586
2025-12-18 16:29:24.201588600,155.924,156.924,1,0,156.424,0.216727,0.681344
2025-12-18 16:29:24.213066900,155.986,156.986,1,0,156.486,0.234972,0.554981
2025-12-18 16:29:24.227328300,156.049,157.049,1,0,156.549,0.254954,0.307942
2025-12-18 16:29:24.239292100,156.112,157.112,1,0,156.612,0.276378,0.538318
2025-12-18 16:29:24.252491800,156.175,157.175,1,0,156.675,0.298987,0.711481
2025-12-18 16:29:24.264909100,156.238,157.238,1,0,156.738,0.322558,0.791518
2025-12-18 16:29:24.277334600,156.301,157.301,1,0,156.801,0.346903,0.402245
2025-12-18 16:29:24.289040600,156.363,157.363,1,0,156.863,0.371855,0.493881
2025-12-18 16:29:24.303346600,156.426,157.426,1,0,156.926,0.397272,1.10067
2025-12-18 16:29:24.319707500,156.489,157.489,1,0,156.989,0.423026,0.672997
2025-12-18 16:29:24.332403500,156.552,157.552,1,0,157.052,0.449002,0.98614
2025-12-18 16:29:24.346813400,156.615,157.615,1,0,157.115,0.475096,0.441592
2025-12-18 16:29:24.361301000,156.678,157.678,1,0,157.178,0.501213,0.396507
2025-12-18 16:29:24.375196500,156.74,157.74,1,0,157.24,0.527261,0.375874
2025-12-18 16:29:24.388647700,156.803,157.803,1,0,157.303,0.553156,0.461182
2025-12-18 16:29:24.400606500,156.866,157.866,1,0,157.366,0.578814,0.461241
2025-12-18 16:29:24.414240500,156.929,157.929,1,0,157.429,0.604157,0.570329
2025-12-18 16:29:24.427185600,156.992,157.992,1,0,157.492,0.629106,0.597954
2025-12-18 16:29:24.438955800,157.054,158.054,1,0,157.554,0.653583,0.41855
2025-12-18 16:29:24.452868600,157.117,158.117,1,0,157.617,0.677512,0.44953
2025-12-18 16:29:24.466718300,157.18,158.18,1,0,157.68,0.700815,0.555159
2025-12-18 16:29:24.479857200,157.243,158.243,1,0,157.743,0.723413,0.485362
2025-12-18 16:29:24.494925000,157.306,158.306,1,0,157.806,0.745226,0.318595
2025-12-18 16:29:24.508970900,157.369,158.369,1,0,157.869,0.766173,0.472668
2025-12-18 16:29:24.520041500,157.431,158.431,1,0,157.931,0.786168,0.454654
2025-12-18 16:29:24.531905700,157.494,158.494,1,0,157.994,0.805123,0.297338
2025-12-18 16:29:24.545815900,157.557,158.557,1,0,158.057,0.822947,0.446811
2025-12-18 16:29:24.560743100,157.62,158.62,1,0,158.12,0.839543,0.321569
2025-12-18 16:29:24.574184600,157.683,158.683,1,0,158.183,0.854809,0.527195
2025-12-18 16:29:24.587637800,157.746,158.746,1,0,158.246,0.868636,0.677992
2025-12-18 16:29:24.601083500,157.808,158.808,1,0,158.308,0.880907,0.742296
2025-12-18 16:29:24.613058100,157.871,158.871,1,0,158.371,0.891498,0.68933
2025-12-18 16:29:24.626354200,157.934,158.934,1,0,158.434,0.900272,0.476717
2025-12-18 16:29:24.637744800,157.997,158.997,1,0,158.497,0.907081,0.442123
2025-12-18 16:29:24.651167300,158.06,159.06,1,0,158.56,0.91176,0.619693
2025-12-18 16:29:24.662490500,158.122,159.122,1,0,158.622,0.914129,0.44037
2025-12-18 16:29:24.675974400,158.122,159.122,1,0,158.622,0.912346,0.545178
2025-12-18 16:29:24.688205300,158.154,159.154,1,0,158.654,0.90148,0.650268
2025-12-18 16:29:24.702150400,158.186,159.186,1,0,158.686,0.8976,0.293467
2025-12-18 16:29:24.715023500,158.218,159.218,1,0,158.718,0.892901,0.47034
2025-12-18 16:29:24.729492300,158.251,159.251,1,0,158.751,0.887427,0.521144
2025-12-18 16:29:24.742275600,158.283,159.283,1,0,158.783,0.881223,0.509037
2025-12-18 16:29:24.755845600,158.315,159.315,1,0,158.815,0.874328,0.418237
2025-12-18 16:29:24.770604600,158.347,159.347,1,0,158.847,0.866784,0.765314
2025-12-18 16:29:24.783682400,158.379,159.379,1,0,158.879,0.858627,0.50737
2025-12-18 16:29:24.796587500,158.411,159.411,1,0,158.911,0.849895,0.710396
2025-12-18 16:29:24.809778800,158.443,159.443,1,0,158.943,0.840623,0.512547
2025-12-18 16:29:24.820668400,158.475,159.475,1,0,158.975,0.830847,0.640008
2025-12-18 16:29:24.833510700,158.507,159.507,1,0,159.007,0.8206,0.917382
2025-12-18 16:29:24.846070500,158.539,159.539,1,0,159.039,0.809917,0.825656
2025-12-18 16:29:24.859905800,158.571,159.571,1,0,159.071,0.798829,0.309413
2025-12-18 16:29:24.875108200,158.603,159.603,1,0,159.103,0.787372,0.737779
2025-12-18 16:29:24.887629500,158.635,159.635,1,0,159.135,0.775576,0.509153
2025-12-18 16:29:24.900356800,158.667,159.667,1,0,159.167,0.763475,0.435477
2025-12-18 16:29:24.913702500,158.699,159.699,1,0,159.199,0.751104,1.18369
2025-12-18 16:29:24.927569300,158.731,159.731,1,0,159.231,0.738494,1.03205
2025-12-18 16:29:24.940778400,158.763,159.763,1,0,159.263,0.72568,0.743867
2025-12-18 16:29:24.954389800,158.795,159.795,1,0,159.295,0.712697,0.479131
2025-12-18 16:29:24.966097700,158.827,159.827,1,0,159.327,0.699581,0.760133
2025-12-18 16:29:24.980079000,158.859,159.859,1,0,159.359,0.686368,0.700538
2025-12-18 16:29:24.992750300,158.891,159.891,1,0,159.391,0.673095,0.76248
2025-12-18 16:29:25.007001400,158.923,159.923,1,0,159.423,0.659801,0.692636
2025-12-18 16:29:25.021872100,158.955,159.955,1,0,159.455,0.646528,0.776303
2025-12-18 16:29:25.033562500,158.987,159.987,1,0,159.487,0.633316,0.52555
2025-12-18 16:29:25.045498500,159.019,160.019,1,0,159.519,0.620209,0.61988
2025-12-18 16:29:25.058524600,159.051,160.051,1,0,159.551,0.607253,0.83094
2025-12-18 16:29:25.071699200,159.083,160.083,1,0,159.583,0.594496,0.329089
2025-12-18 16:29:25.083479000,159.115,160.115,1,0,159.615,0.581986,0.752751
2025-12-18 16:29:25.095419600,159.147,160.147,1,0,159.647,0.569776,0.333779
2025-12-18 16:29:25.109115400,159.179,160.179,1,0,159.679,0.557918,1.1071
2025-12-18 16:29:25.119980800,159.211,160.211,1,0,159.711,0.546469,0.423076
2025-12-18 16:29:25.131290400,159.243,160.243,1,0,159.743,0.535485,0.718843
2025-12-18 16:29:25.142723500,159.275,160.275,1,0,159.775,0.525025,0.949087
2025-12-18 16:29:25.153243900,159.307,160.307,1,0,159.807,0.51515,0.490284
2025-12-18 16:29:25.166058400,159.339,160.339,1,0,159.839,0.505919,0.318997
2025-12-18 16:29:25.178543000,159.371,160.371,1,0,159.871,0.497394,1.13483
2025-12-18 16:29:25.190411200,159.403,160.403,1,0,159.903,0.489632,0.721829
2025-12-18 16:29:25.203064300,159.435,160.435,1,0,159.935,0.482691,0.584794
2025-12-18 16:29:25.215395900,159.467,160.467,1,0,159.967,0.476625,0.465337
2025-12-18 16:29:25.228494200,159.499,160.499,1,0,159.999,0.471484,0.574947
2025-12-18 16:29:25.239716400,159.531,160.531,1,0,160.031,0.467313,0.419114
2025-12-18 16:29:25.252844400,159.563,160.563,1,0,160.063,0.464148,0.681785
2025-12-18 16:29:25.265803600,159.595,160.595,1,0,160.095,0.462019,0.821923
2025-12-18 16:29:25.279417400,159.627,160.627,1,0,160.127,0.460947,0.688461
2025-12-18 16:29:25.290946700,159.659,160.659,1,0,160.159,0.460944,0.936134
2025-12-18 16:29:25.302906900,159.691,160.691,1,0,160.191,0.462011,0.450882
2025-12-18 16:29:25.316230900,159.691,160.691,1,0,160.191,0.460944,0.428648
2025-12-18 16:29:25.329564200,159.742,160.742,1,0,160.242,0.460553,0.654671
2025-12-18 16:29:25.343080900,159.793,160.793,1,0,160.293,0.460829,1.35332
2025-12-18 16:29:25.357285200,159.845,160.845,1,0,160.345,0.46176,0.67605
2025-12-18 16:29:25.370313400,159.896,160.896,1,0,160.396,0.46333,0.558254
2025-12-18 16:29:25.383018200,159.947,160.947,1,0,160.447,0.46552,0.492808
2025-12-18 16:29:25.396804500,159.998,160.998,1,0,160.498,0.468307,0.316886
2025-12-18 16:29:25.410336900,160.049,161.049,1,0,160.549,0.471667,0.537433
2025-12-18 16:29:25.426134500,160.1,161.1,1,0,160.6,0.475572,0.943333
2025-12-18 16:29:25.439487300,160.152,161.152,1,0,160.652,0.479993,0.75924
2025-12-18 16:29:25.452082000,160.203,161.203,1,0,160.703,0.484898,0.580938
2025-12-18 16:29:25.469483000,160.254,161.254,1,0,160.754,0.490256,0.702825
2025-12-18 16:29:25.487895500,160.305,161.305,1,0,160.805,0.496034,0.521245
2025-12-18 16:29:25.502378100,160.356,161.356,1,0,160.856,0.502198,0.972722
2025-12-18 16:29:25.516530600,160.407,161.407,1,0,160.907,0.508716,0.582179
2025-12-18 16:29:25.529740700,160.458,161.458,1,0,160.958,0.515552,0.764355
2025-12-18 16:29:25.543910500,160.51,161.51,1,0,161.01,0.522676,0.431067
2025-12-18 16:29:25.558203000,160.561,161.561,1,0,161.061,0.530053,0.546259
2025-12-18 16:29:25.572820100,160.612,161.612,1,0,161.112,0.537651,0.558721
2025-12-18 16:29:25.586827200,160.663,161.663,1,0,161.163,0.545439,0.596138
2025-12-18 16:29:25.600579100,160.714,161.714,1,0,161.214,0.553387,0.942881
2025-12-18 16:29:25.614212400,160.765,161.765,1,0,161.265,0.561465,0.477219
2025-12-18 16:29:25.629101700,160.816,161.816,1,0,161.316,0.569643,0.682251
2025-12-18 16:29:25.640178000,160.868,161.868,1,0,161.368,0.577893,1.45737
2025-12-18 16:29:25.652649100,160.919,161.919,1,0,161.419,0.586188,0.967494
2025-12-18 16:29:25.665432700,160.97,161.97,1,0,161.47,0.594501,0.559509
2025-12-18 16:29:25.679661200,161.021,162.021,1,0,161.521,0.602806,0.632055
2025-12-18 16:29:25.693375800,161.072,162.072,1,0,161.572,0.611078,0.412788
2025-12-18 16:29:25.707393600,161.123,162.123,1,0,161.623,0.619293,0.598412
2025-12-18 16:29:25.720587500,161.174,162.174,1,0,161.674,0.627426,0.499493
2025-12-18 16:29:25.733407900,161.226,162.226,1,0,161.726,0.635454,0.515855
2025-12-18 16:29:25.747960600,161.277,162.277,1,0,161.777,0.643354,0.852457
2025-12-18 16:29:25.761136500,161.328,162.328,1,0,161.828,0.651103,0.942998
2025-12-18 16:29:25.775677400,161.379,162.379,1,0,161.879,0.658678,0.4208
2025-12-18 16:29:25.788404600,161.43,162.43,1,0,161.93,0.666058,0.795791
2025-12-18 16:29:25.801523800,161.481,162.481,1,0,161.981,0.673221,0.551096
2025-12-18 16:29:25.815592700,161.532,162.532,1,0,162.032,0.680145,0.867813
2025-12-18 16:29:25.828288700,161.584,162.584,1,0,162.084,0.686807,0.792821
2025-12-18 16:29:25.840192400,161.635,162.635,1,0,162.135,0.693186,0.456032
2025-12-18 16:29:25.853396300,161.686,162.686,1,0,162.186,0.69926,0.700013
2025-12-18 16:29:25.871541100,161.737,162.737,1,0,162.237,0.705007,0.521538
2025-12-18 16:29:25.888085000,161.788,162.788,1,0,162.288,0.710403,0.319459
2025-12-18 16:29:25.925246700,161.839,162.839,1,0,162.339,0.715426,0.374736
2025-12-18 16:29:25.938496800,161.89,162.89,1,0,162.39,0.720052,0.578826
2025-12-18 16:29:25.949648200,161.942,162.942,1,0,162.442,0.724257,0.72467
2025-12-18 16:29:25.963962200,161.993,162.993,1,0,162.493,0.728015,0.834301
2025-12-18 16:29:25.980343700,162.044,163.044,1,0,162.544,0.731301,0.659495
2025-12-18 16:29:25.990851100,162.095,163.095,1,0,162.595,0.734089,0.597916
2025-12-18 16:29:26.004312600,162.146,163.146,1,0,162.646,0.736349,0.48023
2025-12-18 16:29:26.016845500,162.197,163.197,1,0,162.697,0.738053,0.435655
2025-12-18 16:29:26.030543000,162.197,163.197,1,0,162.697,0.736349,0.542286
2025-12-18 16:29:26.045268800,162.223,163.223,1,0,162.723,0.733881,0.969648
2025-12-18 16:29:26.055858600,162.248,163.248,1,0,162.748,0.730692,0.315891
2025-12-18 16:29:26.068961300,162.274,163.274,1,0,162.774,0.726822,0.78819
2025-12-18 16:29:26.081028900,162.3,163.3,1,0,162.8,0.722309,0.565712
2025-12-18 16:29:26.095087500,162.325,163.325,1,0,162.825,0.717189,0.714036
2025-12-18 16:29:26.108835200,162.351,163.351,1,0,162.851,0.711495,0.532181
2025-12-18 16:29:26.122185100,162.376,163.376,1,0,162.876,0.705262,0.852535
2025-12-18 16:29:26.134922000,162.402,163.402,1,0,162.902,0.698521,0.361884
2025-12-18 16:29:26.149215500,162.427,163.427,1,0,162.927,0.691302,1.19773
2025-12-18 16:29:26.163181800,162.453,163.453,1,0,162.953,0.683634,0.617133
2025-12-18 16:29:26.177337400,162.479,163.479,1,0,162.979,0.675547,1.25176
2025-12-18 16:29:26.190088700,162.504,163.504,1,0,163.004,0.66707,0.819943
2025-12-18 16:29:26.202586800,162.53,163.53,1,0,163.03,0.658229,0.906755
2025-12-18 16:29:26.216140200,162.555,163.555,1,0,163.055,0.649052,0.511828
2025-12-18 16:29:26.229475100,162.581,163.581,1,0,163.081,0.639567,0.549808
2025-12-18 16:29:26.243198800,162.606,163.606,1,0,163.106,0.6298,0.294022
2025-12-18 16:29:26.254536200,162.632,163.632,1,0,163.132,0.61978,0.547137
2025-12-18 16:29:26.268410600,162.658,163.658,1,0,163.158,0.609533,0.523012
2025-12-18 16:29:26.281081800,162.683,163.683,1,0,163.183,0.599086,0.774129
2025-12-18 16:29:26.293286400,162.709,163.709,1,0,163.209,0.588469,0.651042
2025-12-18 16:29:26.305920200,162.734,163.734,1,0,163.234,0.577709,0.914611
2025-12-18 16:29:26.316614200,162.76,163.76,1,0,163.26,0.566837,0.701347
2025-12-18 16:29:26.330652400,162.785,163.785,1,0,163.285,0.555881,1.04529
2025-12-18 16:29:26.341843200,162.811,163.811,1,0,163.311,0.544873,0.446885
2025-12-18 16:29:26.352890300,162.837,163.837,1,0,163.337,0.533845,0.484956
2025-12-18 16:29:26.366364900,162.862,163.862,1,0,163.362,0.522831,0.86881
2025-12-18 16:29:26.379886400,162.888,163.888,1,0,163.388,0.511864,0.522332
2025-12-18 16:29:26.391767800,162.913,163.913,1,0,163.413,0.500981,0.544105
2025-12-18 16:29:26.405158800,162.939,163.939,1,0,163.439,0.49022,0.766816
2025-12-18 16:29:26.416791400,162.964,163.964,1,0,163.464,0.47962,0.750737
2025-12-18 16:29:26.430860700,162.99,163.99,1,0,163.49,0.469221,0.644704
2025-12-18 16:29:26.443445900,163.016,164.016,1,0,163.516,0.459067,0.83103
2025-12-18 16:29:26.454288000,163.041,164.041,1,0,163.541,0.449202,0.925035
2025-12-18 16:29:26.466794100,163.067,164.067,1,0,163.567,0.439673,0.471827
2025-12-18 16:29:26.478622200,163.092,164.092,1,0,163.592,0.430526,0.511433
2025-12-18 16:29:26.489914900,163.118,164.118,1,0,163.618,0.421812,0.959014
2025-12-18 16:29:26.500039500,163.143,164.143,1,0,163.643,0.41358,0.511737
2025-12-18 16:29:26.512803500,163.169,164.169,1,0,163.669,0.405881,0.458074
2025-12-18 16:29:26.524108000,163.195,164.195,1,0,163.695,0.398765,0.487903
2025-12-18 16:29:26.535671200,163.22,164.22,1,0,163.72,0.392283,0.339751
2025-12-18 16:29:26.548401400,163.246,164.246,1,0,163.746,0.386482,0.367794
2025-12-18 16:29:26.559363600,163.271,164.271,1,0,163.771,0.381408,0.988885
2025-12-18 16:29:26.570598200,163.297,164.297,1,0,163.797,0.377103,0.53145
2025-12-18 16:29:26.581783800,163.322,164.322,1,0,163.822,0.373603,0.811132
2025-12-18 16:29:26.592896300,163.348,164.348,1,0,163.848,0.37094,0.502526
2025-12-18 16:29:26.607175100,163.374,164.374,1,0,163.874,0.369139,0.407436
2025-12-18 16:29:26.620926800,163.399,164.399,1,0,163.899,0.368217,0.582515
2025-12-18 16:29:26.632452700,163.425,164.425,1,0,163.925,0.368181,0.384263
2025-12-18 16:29:26.643551900,163.45,164.45,1,0,163.95,0.369033,0.607676
2025-12-18 16:29:26.656599100,163.45,164.45,1,0,163.95,0.368181,0.484904
2025-12-18 16:29:26.667508300,163.439,164.439,1,0,163.939,0.366201,1.08478
2025-12-18 16:29:26.680394800,163.429,164.429,1,0,163.929,0.363192,0.693397
2025-12-18 16:29:26.692132200,164,164.24,0.24,572,163.918,0.365906,0.338481
2025-12-18 16:29:26.703796000,163.407,164.407,1,0,163.907,0.360934,0.193548
2025-12-18 16:29:26.716901300,163.8,164,0.2,383,163.896,0.355289,0.254594
2025-12-18 16:29:26.729588000,163.68,164.05,0.37,486,163.885,0.34839,0.255269
2025-12-18 16:29:26.742879200,163.374,164.374,1,0,163.874,0.341308,0.312161
2025-12-18 16:29:26.754168700,163.363,164.363,1,0,163.863,0.333637,0.522281
2025-12-18 16:29:26.765625500,163.352,164.352,1,0,163.852,0.325432,0.755447
2025-12-18 16:29:26.775923300,163.342,164.342,1,0,163.842,0.316747,0.837402
2025-12-18 16:29:26.789179100,163.331,164.331,1,0,163.831,0.307631,0.481975
2025-12-18 16:29:26.800386400,163.32,164.32,1,0,163.82,0.298134,0.254764
2025-12-18 16:29:26.815169600,163.309,164.309,1,0,163.809,0.288306,0.316493
2025-12-18 16:29:26.826277100,163.85,163.97,0.12,366,163.798,0.280007,1.23958
2025-12-18 16:29:26.838416300,163.287,164.287,1,0,163.787,0.269615,0.630367
2025-12-18 16:29:26.850597500,163.276,164.276,1,0,163.776,0.259042,0.604307
2025-12-18 16:29:26.863190700,163.265,164.265,1,0,163.765,0.248342,1.2417
2025-12-18 16:29:26.879613300,163.255,164.255,1,0,163.755,0.237568,0.606784
2025-12-18 16:29:26.893361100,163.244,164.244,1,0,163.744,0.226778,0.71223
2025-12-18 16:29:26.906315600,163.233,164.233,1,0,163.733,0.216033,1.55487
2025-12-18 16:29:26.920103900,163.222,164.222,1,0,163.722,0.2054,0.744987
2025-12-18 16:29:26.932887800,163.211,164.211,1,0,163.711,0.194952,1.00816
2025-12-18 16:29:26.945884700,163.2,164.2,1,0,163.7,0.184768,0.578845
2025-12-18 16:29:26.956615900,163.189,164.189,1,0,163.689,0.174938,0.649727
2025-12-18 16:29:26.966594300,163.46,163.67,0.21,616,163.678,0.167218,0.239699
2025-12-18 16:29:26.980017800,163.168,164.168,1,0,163.668,0.158579,0.302024
2025-12-18 16:29:26.991675700,163.59,164.13,0.54,465,163.657,0.15069,0.900387
2025-12-18 16:29:27.005617000,163.146,164.146,1,0,163.646,0.1434,0.288713
2025-12-18 16:29:27.019048400,163.135,164.135,1,0,163.635,0.137038,0.290225
2025-12-18 16:29:27.032704600,163.124,164.124,1,0,163.624,0.131723,0.30572
2025-12-18 16:29:27.046502900,163.113,164.113,1,0,163.613,0.127558,1.1078
2025-12-18 16:29:27.057304300,163.102,164.102,1,0,163.602,0.124613,0.342101
2025-12-18 16:29:27.068780800,163.092,164.092,1,0,163.592,0.122922,0.573721
2025-12-18 16:29:27.082619600,163.081,164.081,1,0,163.581,0.122466,0.36551
2025-12-18 16:29:27.093745100,163.07,164.07,1,0,163.57,0.123177,1.28522
2025-12-18 16:29:27.108037000,163.059,164.059,1,0,163.559,0.124942,0.606641
2025-12-18 16:29:27.120988200,163.048,164.048,1,0,163.548,0.127612,0.570197
2025-12-18 16:29:27.133330500,163.31,163.6,0.29,508,163.537,0.134385,0.422526
2025-12-18 16:29:27.144330700,163.026,164.026,1,0,163.526,0.138215,0.979104
2025-12-18 16:29:27.156887000,163.69,163.7,0.01,377,163.515,0.138418,0.219703
2025-12-18 16:29:27.169248900,163.005,164.005,1,0,163.505,0.143072,0.642299
2025-12-18 16:29:27.182404200,162.994,163.994,1,0,163.494,0.147777,0.562102
2025-12-18 16:29:27.196435100,162.983,163.983,1,0,163.483,0.152379,0.678497
2025-12-18 16:29:27.209615600,162.972,163.972,1,0,163.472,0.156731,0.393924
2025-12-18 16:29:27.220441000,162.961,163.961,1,0,163.461,0.160692,0.496837
2025-12-18 16:29:27.232468300,162.95,163.95,1,0,163.45,0.164122,0.505668
2025-12-18 16:29:27.245229700,162.939,163.939,1,0,163.439,0.166878,1.1533
2025-12-18 16:29:27.257390500,162.928,163.928,1,0,163.428,0.168811,0.721035
2025-12-18 16:29:27.270197100,162.918,163.918,1,0,163.418,0.169757,0.88051
2025-12-18 16:29:27.281366800,162.918,163.918,1,0,163.418,0.170032,0.534254
2025-12-18 16:29:27.292124700,163.1,163.48,0.38,636,163.38,0.174686,0.54673
2025-12-18 16:29:27.303480100,162.842,163.842,1,0,163.342,0.176604,0.454946
2025-12-18 16:29:27.316099200,162.805,163.805,1,0,163.305,0.170766,0.654665
2025-12-18 16:29:27.327902600,162.767,163.767,1,0,163.267,0.174376,0.838704
2025-12-18 16:29:27.338256800,162.729,163.729,1,0,163.229,0.178769,0.404175
2025-12-18 16:29:27.351351000,162.692,163.692,1,0,163.192,0.184748,0.731227
2025-12-18 16:29:27.365209100,162.654,163.654,1,0,163.154,0.190959,0.662939
2025-12-18 16:29:27.377383800,162.616,163.616,1,0,163.116,0.197919,1.27236
2025-12-18 16:29:27.387470600,162.579,163.579,1,0,163.079,0.205562,0.3604
2025-12-18 16:29:27.399067900,162.541,163.541,1,0,163.041,0.21382,0.644018
2025-12-18 16:29:27.412701800,162.503,163.503,1,0,163.003,0.222627,0.455263
2025-12-18 16:29:27.425689100,162.466,163.466,1,0,162.966,0.231916,0.504921
2025-12-18 16:29:27.438122200,162.428,163.428,1,0,162.928,0.241627,0.329227
2025-12-18 16:29:27.450540600,162.39,163.39,1,0,162.89,0.248271,0.312613
2025-12-18 16:29:27.464312500,162.353,163.353,1,0,162.853,0.25863,0.523916
2025-12-18 16:29:27.477139500,162.315,163.315,1,0,162.815,0.269249,0.813609
2025-12-18 16:29:27.489419100,162.277,163.277,1,0,162.777,0.280081,0.905264
2025-12-18 16:29:27.501318000,162.24,163.24,1,0,162.74,0.291082,0.756892
2025-12-18 16:29:27.514348300,162.202,163.202,1,0,162.702,0.302212,0.587637
2025-12-18 16:29:27.525863800,162.164,163.164,1,0,162.664,0.313433,0.886254
2025-12-18 16:29:27.535528100,162.127,163.127,1,0,162.627,0.32471,0.864646
2025-12-18 16:29:27.549771100,162.089,163.089,1,0,162.589,0.336011,0.608266
2025-12-18 16:29:27.563311300,162.052,163.052,1,0,162.552,0.347303,0.466691
2025-12-18 16:29:27.578212000,162.014,163.014,1,0,162.514,0.358558,0.760729
2025-12-18 16:29:27.594954200,161.976,162.976,1,0,162.476,0.372107,0.710942
2025-12-18 16:29:27.606781600,161.939,162.939,1,0,162.439,0.383279,1.04725
2025-12-18 16:29:27.619604800,161.901,162.901,1,0,162.401,0.388378,0.351265
2025-12-18 16:29:27.632042000,161.863,162.863,1,0,162.363,0.399184,0.708193
2025-12-18 16:29:27.643338000,161.826,162.826,1,0,162.326,0.409816,0.396083
2025-12-18 16:29:27.655627400,161.788,162.788,1,0,162.288,0.420249,1.07196
2025-12-18 16:29:27.666989400,161.75,162.75,1,0,162.25,0.430459,0.291841
2025-12-18 16:29:27.680191900,161.713,162.713,1,0,162.213,0.440419,0.94671
2025-12-18 16:29:27.691621200,161.675,162.675,1,0,162.175,0.450106,0.376442
2025-12-18 16:29:27.704671800,161.637,162.637,1,0,162.137,0.459493,1.19681
2025-12-18 16:29:27.717573600,161.6,162.6,1,0,162.1,0.468556,0.643227
2025-12-18 16:29:27.730185200,161.562,162.562,1,0,162.062,0.477269,0.509092
2025-12-18 16:29:27.742903600,161.524,162.524,1,0,162.024,0.485604,0.356526
2025-12-18 16:29:27.764321700,161.487,162.487,1,0,161.987,0.495606,0.394376
2025-12-18 16:29:27.782655400,161.449,162.449,1,0,161.949,0.503176,0.65236
2025-12-18 16:29:27.800483700,161.411,162.411,1,0,161.911,0.50464,1.3879
2025-12-18 16:29:27.816359600,161.374,162.374,1,0,161.874,0.511102,0.812159
2025-12-18 16:29:27.830689300,161.336,162.336,1,0,161.836,0.517034,0.381529
2025-12-18 16:29:27.849168600,161.298,162.298,1,0,161.798,0.522403,0.524034
2025-12-18 16:29:27.860266000,161.261,162.261,1,0,161.761,0.527173,0.647595
2025-12-18 16:29:27.873161100,161.223,162.223,1,0,161.723,0.531305,1.07046
2025-12-18 16:29:27.886459200,161.185,162.185,1,0,161.685,0.534758,0.528156
2025-12-18 16:29:27.900427900,161.148,162.148,1,0,161.648,0.537489,0.479228
2025-12-18 16:29:27.914291400,161.11,162.11,1,0,161.61,0.539449,0.89814
2025-12-18 16:29:27.927525600,161.073,162.073,1,0,161.573,0.540587,0.604144
2025-12-18 16:29:27.937789200,161.073,162.073,1,0,161.573,0.539203,0.744895
2025-12-18 16:29:27.950733900,161.091,162.091,1,0,161.591,0.539141,0.729279
2025-12-18 16:29:27.963394900,161.109,162.109,1,0,161.609,0.534589,1.01552
2025-12-18 16:29:27.976046900,161.29,161.6,0.31,532,161.627,0.534191,0.322518
2025-12-18 16:29:27.988588700,161.145,162.145,1,0,161.645,0.526749,0.682758
2025-12-18 16:29:27.999368500,162.1,162.14,0.04,331,161.663,0.511028,0.595867
2025-12-18 16:29:28.012934600,161.181,162.181,1,0,161.681,0.501741,0.235407
2025-12-18 16:29:28.026737700,161.91,162,0.09,862,161.699,0.487152,0.426161
2025-12-18 16:29:28.039445000,161.217,162.217,1,0,161.717,0.476161,0.440622
2025-12-18 16:29:28.051590800,161.28,161.46,0.18,541,161.736,0.474168,0.332153
2025-12-18 16:29:28.066467200,161.66,162.09,0.43,1469,161.754,0.459676,0.597215
2025-12-18 16:29:28.079012700,161.272,162.272,1,0,161.772,0.446427,1.07515
2025-12-18 16:29:28.089826100,161.29,162.29,1,0,161.79,0.432623,0.643426
2025-12-18 16:29:28.102636300,161.308,162.308,1,0,161.808,0.418345,0.647016
2025-12-18 16:29:28.117519600,161.63,161.82,0.19,606,161.826,0.405116,0.230307
2025-12-18 16:29:28.130381000,161.344,162.344,1,0,161.844,0.390087,0.459324
2025-12-18 16:29:28.142056200,161.362,162.362,1,0,161.862,0.374838,0.512013
2025-12-18 16:29:28.153565800,161.381,162.381,1,0,161.881,0.359456,0.497531
2025-12-18 16:29:28.170684400,161.399,162.399,1,0,161.899,0.344035,0.743031
2025-12-18 16:29:28.182930300,161.417,162.417,1,0,161.917,0.328675,0.431051
2025-12-18 16:29:28.194959900,161.435,162.435,1,0,161.935,0.313482,0.398448
2025-12-18 16:29:28.207115300,161.453,162.453,1,0,161.953,0.298572,0.565702
2025-12-18 16:29:28.219180300,161.471,162.471,1,0,161.971,0.284073,0.616059
2025-12-18 16:29:28.232254100,161.489,162.489,1,0,161.989,0.270123,0.664211
2025-12-18 16:29:28.245081600,161.507,162.507,1,0,162.007,0.256873,0.671373
2025-12-18 16:29:28.255605600,161.526,162.526,1,0,162.026,0.244486,0.89178
2025-12-18 16:29:28.267486400,161.544,162.544,1,0,162.044,0.233137,0.498409
2025-12-18 16:29:28.280027100,161.562,162.562,1,0,162.062,0.223004,0.733758
2025-12-18 16:29:28.292969500,161.58,162.58,1,0,162.08,0.214263,0.857878
2025-12-18 16:29:28.306309400,161.598,162.598,1,0,162.098,0.207079,0.571989
2025-12-18 16:29:28.318274300,161.616,162.616,1,0,162.116,0.201585,0.340775
2025-12-18 16:29:28.332756400,161.634,162.634,1,0,162.134,0.19787,1.39205
2025-12-18 16:29:28.343444300,161.652,162.652,1,0,162.152,0.195962,1.06204
2025-12-18 16:29:28.354432400,161.671,162.671,1,0,162.171,0.195826,0.838186
2025-12-18 16:29:28.366890000,161.689,162.689,1,0,162.189,0.197354,0.328172
2025-12-18 16:29:28.376622000,161.707,162.707,1,0,162.207,0.200383,0.652985
2025-12-18 16:29:28.389142100,161.725,162.725,1,0,162.225,0.204706,0.346537
2025-12-18 16:29:28.401779800,161.743,162.743,1,0,162.243,0.210087,0.589222
2025-12-18 16:29:28.414626400,161.761,162.761,1,0,162.261,0.216279,0.383419
2025-12-18 16:29:28.427913700,161.779,162.779,1,0,162.279,0.223034,0.459274
2025-12-18 16:29:28.439592200,161.797,162.797,1,0,162.297,0.230112,0.583066
2025-12-18 16:29:28.454296900,161.816,162.816,1,0,162.316,0.237283,0.538789
2025-12-18 16:29:28.467150500,161.834,162.834,1,0,162.334,0.24433,1.2931
2025-12-18 16:29:28.480637200,161.852,162.852,1,0,162.352,0.251043,0.689643
2025-12-18 16:29:28.493541400,161.87,162.87,1,0,162.37,0.25722,0.717533
2025-12-18 16:29:28.507399500,161.888,162.888,1,0,162.388,0.262661,0.695871
2025-12-18 16:29:28.521292100,161.906,162.906,1,0,162.406,0.267163,1.18477
2025-12-18 16:29:28.533148800,161.924,162.924,1,0,162.424,0.270513,0.343277
2025-12-18 16:29:28.546336000,161.942,162.942,1,0,162.442,0.272483,0.477903
2025-12-18 16:29:28.559407600,161.96,162.96,1,0,162.46,0.272821,0.867473
2025-12-18 16:29:28.573294500,161.96,162.96,1,0,162.46,0.272,0.621648
2025-12-18 16:29:28.584203300,161.908,162.908,1,0,162.408,0.26916,0.692272
2025-12-18 16:29:28.595277200,162.2,162.46,0.26,675,162.355,0.264176,0.319207
2025-12-18 16:29:28.607852700,161.802,162.802,1,0,162.302,0.250598,1.02926
2025-12-18 16:29:28.619454100,161.749,162.749,1,0,162.249,0.243509,0.341859
2025-12-18 16:29:28.631601200,161.696,162.696,1,0,162.196,0.243876,0.642041
2025-12-18 16:29:28.646108700,161.643,162.643,1,0,162.143,0.236496,0.690728
2025-12-18 16:29:28.658809100,161.59,162.59,1,0,162.09,0.235495,1.21871
2025-12-18 16:29:28.670246200,161.537,162.537,1,0,162.037,0.228965,1.36034
2025-12-18 16:29:28.682086600,161.484,162.484,1,0,161.984,0.203593,0.60576
2025-12-18 16:29:28.693860900,161.431,162.431,1,0,161.931,0.202338,0.9979
2025-12-18 16:29:28.708016100,161.378,162.378,1,0,161.878,0.199089,0.692115
2025-12-18 16:29:28.720699300,161.325,162.325,1,0,161.825,0.197938,0.861297
2025-12-18 16:29:28.734446600,161.272,162.272,1,0,161.772,0.199185,0.592238
2025-12-18 16:29:28.746573100,161.219,162.219,1,0,161.719,0.199429,0.399634
2025-12-18 16:29:28.758196800,161.166,162.166,1,0,161.666,0.206041,1.04284
2025-12-18 16:29:28.771843500,161.113,162.113,1,0,161.613,0.215255,0.909278
2025-12-18 16:29:28.784442700,161.06,162.06,1,0,161.56,0.226877,0.419203
2025-12-18 16:29:28.797844500,161.007,162.007,1,0,161.507,0.240651,0.682906
2025-12-18 16:29:28.811379900,160.954,161.954,1,0,161.454,0.256293,1.13167
2025-12-18 16:29:28.824373400,160.901,161.901,1,0,161.401,0.27352,0.393955
2025-12-18 16:29:28.838144600,160.848,161.848,1,0,161.348,0.292065,0.331501
2025-12-18 16:29:28.851939800,160.795,161.795,1,0,161.295,0.311687,0.5712
2025-12-18 16:29:28.865665900,160.742,161.742,1,0,161.242,0.332169,1.19971
2025-12-18 16:29:28.878448600,160.69,161.69,1,0,161.19,0.353324,0.328967
2025-12-18 16:29:28.890015100,160.637,161.637,1,0,161.137,0.374981,0.411037
2025-12-18 16:29:28.902598800,160.584,161.584,1,0,161.084,0.396994,0.520778
2025-12-18 16:29:28.915710400,160.531,161.531,1,0,161.031,0.419229,0.960103
2025-12-18 16:29:28.926965400,160.478,161.478,1,0,160.978,0.441566,0.528456
2025-12-18 16:29:28.940399000,160.425,161.425,1,0,160.925,0.463893,0.576564
2025-12-18 16:29:28.954963000,160.372,161.372,1,0,160.872,0.486108,0.777278
2025-12-18 16:29:28.969213500,160.319,161.319,1,0,160.819,0.508115,0.68389
2025-12-18 16:29:28.985034100,160.266,161.266,1,0,160.766,0.529821,0.829821
2025-12-18 16:29:28.999282400,160.213,161.213,1,0,160.713,0.551136,0.921193
2025-12-18 16:29:29.012478500,160.16,161.16,1,0,160.66,0.571975,0.409328
2025-12-18 16:29:29.026446400,160.107,161.107,1,0,160.607,0.59225,0.303519
2025-12-18 16:29:29.037447400,160.054,161.054,1,0,160.554,0.611875,0.31715
2025-12-18 16:29:29.049922900,160.001,161.001,1,0,160.501,0.630765,0.675285
2025-12-18 16:29:29.060364000,159.948,160.948,1,0,160.448,0.648829,0.704948
2025-12-18 16:29:29.071855400,159.895,160.895,1,0,160.395,0.665978,0.604263
2025-12-18 16:29:29.085146800,159.842,160.842,1,0,160.342,0.682118,0.7449
2025-12-18 16:29:29.096918100,159.789,160.789,1,0,160.289,0.697151,0.453702
2025-12-18 16:29:29.107894100,159.736,160.736,1,0,160.236,0.710973,0.404395
2025-12-18 16:29:29.120902300,159.683,160.683,1,0,160.183,0.723474,0.693695
2025-12-18 16:29:29.133279700,159.63,160.63,1,0,160.13,0.734539,0.458227
2025-12-18 16:29:29.144081900,159.577,160.577,1,0,160.077,0.744041,0.550993
2025-12-18 16:29:29.155614000,159.524,160.524,1,0,160.024,0.751843,0.797686
2025-12-18 16:29:29.168897500,159.472,160.472,1,0,159.972,0.757794,0.63244
2025-12-18 16:29:29.182015400,159.419,160.419,1,0,159.919,0.761729,0.714319
2025-12-18 16:29:29.192735300,159.366,160.366,1,0,159.866,0.763461,0.552472
2025-12-18 16:29:29.208092500,159.366,160.366,1,0,159.866,0.761662,0.616098
2025-12-18 16:29:29.221127300,159.341,160.341,1,0,159.841,0.759016,0.384244
2025-12-18 16:29:29.232068600,159.316,160.316,1,0,159.816,0.756438,0.459934
2025-12-18 16:29:29.243694700,159.291,160.291,1,0,159.791,0.752276,0.459572
2025-12-18 16:29:29.253987400,159.267,160.267,1,0,159.767,0.747405,0.663752
2025-12-18 16:29:29.267693100,159.242,160.242,1,0,159.742,0.741863,0.582894
2025-12-18 16:29:29.283129400,159.217,160.217,1,0,159.717,0.735688,0.828719
2025-12-18 16:29:29.300975700,159.192,160.192,1,0,159.692,0.728918,0.53389
2025-12-18 16:29:29.320030000,159.167,160.167,1,0,159.667,0.721587,0.505064
2025-12-18 16:29:29.339045500,159.143,160.143,1,0,159.643,0.713729,0.976135
2025-12-18 16:29:29.352284500,159.118,160.118,1,0,159.618,0.705376,0.316495
2025-12-18 16:29:29.367850100,159.093,160.093,1,0,159.593,0.696559,1.08237
2025-12-18 16:29:29.385327200,159.068,160.068,1,0,159.568,0.687311,0.491215
2025-12-18 16:29:29.398985000,159.044,160.044,1,0,159.544,0.67766,0.391817
2025-12-18 16:29:29.412829400,159.019,160.019,1,0,159.519,0.667637,0.335198
2025-12-18 16:29:29.426247000,158.994,159.994,1,0,159.494,0.657272,1.46493
2025-12-18 16:29:29.440244700,158.969,159.969,1,0,159.469,0.646593,1.40258
2025-12-18 16:29:29.452912500,158.945,159.945,1,0,159.445,0.635631,0.852213
2025-12-18 16:29:29.464305700,158.92,159.92,1,0,159.42,0.624414,0.313753
2025-12-18 16:29:29.475134300,158.895,159.895,1,0,159.395,0.612973,0.662742
2025-12-18 16:29:29.488333200,158.87,159.87,1,0,159.37,0.601337,0.395402
2025-12-18 16:29:29.500973500,158.846,159.846,1,0,159.346,0.589537,0.614782
2025-12-18 16:29:29.513790600,158.821,159.821,1,0,159.321,0.577605,0.737406
2025-12-18 16:29:29.527378700,158.796,159.796,1,0,159.296,0.565573,0.530005
2025-12-18 16:29:29.540891900,158.771,159.771,1,0,159.271,0.553475,0.867596
2025-12-18 16:29:29.554426700,158.746,159.746,1,0,159.246,0.541344,0.70763
2025-12-18 16:29:29.567067300,158.722,159.722,1,0,159.222,0.529216,0.934893
2025-12-18 16:29:29.577682900,158.697,159.697,1,0,159.197,0.517129,0.485066
2025-12-18 16:29:29.588176500,158.672,159.672,1,0,159.172,0.505122,0.785411
2025-12-18 16:29:29.599147400,158.647,159.647,1,0,159.147,0.493235,0.868105
2025-12-18 16:29:29.610760200,158.623,159.623,1,0,159.123,0.481512,0.3153
2025-12-18 16:29:29.621805400,158.598,159.598,1,0,159.098,0.469997,0.703801
2025-12-18 16:29:29.634027000,158.573,159.573,1,0,159.073,0.458737,0.543699
2025-12-18 16:29:29.647808800,158.548,159.548,1,0,159.048,0.447782,0.971565
2025-12-18 16:29:29.659795600,158.524,159.524,1,0,159.024,0.437183,0.638556
2025-12-18 16:29:29.672577200,158.499,159.499,1,0,158.999,0.426993,0.334336
2025-12-18 16:29:29.685417100,158.474,159.474,1,0,158.974,0.417269,0.519787
2025-12-18 16:29:29.698328400,158.449,159.449,1,0,158.949,0.408066,0.635631
2025-12-18 16:29:29.711656600,158.424,159.424,1,0,158.924,0.399443,0.47999
2025-12-18 16:29:29.724513200,158.4,159.4,1,0,158.9,0.391457,0.742629
2025-12-18 16:29:29.736141500,158.375,159.375,1,0,158.875,0.384166,0.578857
2025-12-18 16:29:29.749703100,158.35,159.35,1,0,158.85,0.377626,0.798564
2025-12-18 16:29:29.762434800,158.325,159.325,1,0,158.825,0.37189,0.844133
2025-12-18 16:29:29.774547100,158.301,159.301,1,0,158.801,0.367005,1.44326
2025-12-18 16:29:29.785648900,158.276,159.276,1,0,158.776,0.363014,0.681509
2025-12-18 16:29:29.797812200,158.251,159.251,1,0,158.751,0.359953,0.975501
2025-12-18 16:29:29.809764000,158.226,159.226,1,0,158.726,0.357848,0.366627
2025-12-18 16:29:29.820910900,158.202,159.202,1,0,158.702,0.356716,0.684998
2025-12-18 16:29:29.834219000,158.177,159.177,1,0,158.677,0.356565,1.1112
2025-12-18 16:29:29.847034000,158.152,159.152,1,0,158.652,0.35739,1.16021
2025-12-18 16:29:29.858729000,158.152,159.152,1,0,158.652,0.356565,0.747471
2025-12-18 16:29:29.871864300,158.138,159.138,1,0,158.638,0.355425,0.617897
2025-12-18 16:29:29.886149700,158.124,159.124,1,0,158.624,0.353987,1.03864
2025-12-18 16:29:29.898531500,158.11,159.11,1,0,158.61,0.352268,0.918756
2025-12-18 16:29:29.912725400,158.096,159.096,1,0,158.596,0.350282,0.502505
2025-12-18 16:29:29.924772600,158.082,159.082,1,0,158.582,0.348045,0.41239
2025-12-18 16:29:29.936010700,158.067,159.067,1,0,158.567,0.34557,0.580974
2025-12-18 16:29:29.949440000,158.053,159.053,1,0,158.553,0.342871,0.557875
2025-12-18 16:29:29.963551400,158.039,159.039,1,0,158.539,0.339962,1.38428
2025-12-18 16:29:29.977875300,158.025,159.025,1,0,158.525,0.336854,0.789089
2025-12-18 16:29:29.989647000,158.011,159.011,1,0,158.511,0.333562,0.442969
2025-12-18 16:29:30.002507900,157.997,158.997,1,0,158.497,0.330096,0.713013
2025-12-18 16:29:30.014824000,157.983,158.983,1,0,158.483,0.326468,0.35602
2025-12-18 16:29:30.025755300,157.969,158.969,1,0,158.469,0.322692,0.41728
2025-12-18 16:29:30.037357300,157.955,158.955,1,0,158.455,0.318779,0.484959
2025-12-18 16:29:30.048681000,157.941,158.941,1,0,158.441,0.314739,0.364507
2025-12-18 16:29:30.061225600,157.927,158.927,1,0,158.427,0.310587,1.04554
2025-12-18 16:29:30.076131600,157.912,158.912,1,0,158.412,0.306332,0.65784
2025-12-18 16:29:30.089118100,157.898,158.898,1,0,158.398,0.301988,0.53809
2025-12-18 16:29:30.102926800,157.884,158.884,1,0,158.384,0.297566,0.464798
2025-12-18 16:29:30.116141500,157.87,158.87,1,0,158.37,0.293079,1.13421
2025-12-18 16:29:30.127388500,157.856,158.856,1,0,158.356,0.288539,0.484898
2025-12-18 16:29:30.139884600,157.842,158.842,1,0,158.342,0.283959,0.662736
2025-12-18 16:29:30.152364700,157.828,158.828,1,0,158.328,0.279353,1.06608
2025-12-18 16:29:30.166219000,157.814,158.814,1,0,158.314,0.274734,0.738797
2025-12-18 16:29:30.177672100,157.8,158.8,1,0,158.3,0.270116,0.337105
2025-12-18 16:29:30.196438200,157.786,158.786,1,0,158.286,0.265514,0.647242
2025-12-18 16:29:30.213605300,157.771,158.771,1,0,158.271,0.260942,0.542579
2025-12-18 16:29:30.228602200,157.757,158.757,1,0,158.257,0.256415,0.409256
2025-12-18 16:29:30.247665700,157.743,158.743,1,0,158.243,0.251951,0.384134
2025-12-18 16:29:30.265731900,157.729,158.729,1,0,158.229,0.247566,1.02612
2025-12-18 16:29:30.280889200,157.715,158.715,1,0,158.215,0.243277,0.505254
2025-12-18 16:29:30.297138700,157.701,158.701,1,0,158.201,0.239101,0.847071
2025-12-18 16:29:30.313333000,157.687,158.687,1,0,158.187,0.235057,0.390684
2025-12-18 16:29:30.330908100,157.673,158.673,1,0,158.173,0.231164,0.466878
2025-12-18 16:29:30.345536000,157.659,158.659,1,0,158.159,0.22744,0.298251
2025-12-18 16:29:30.361246500,157.645,158.645,1,0,158.145,0.223906,0.610349
2025-12-18 16:29:30.379961600,157.631,158.631,1,0,158.131,0.220581,0.835327
2025-12-18 16:29:30.397890400,157.616,158.616,1,0,158.116,0.217484,0.429942
2025-12-18 16:29:30.414496500,157.602,158.602,1,0,158.102,0.214635,0.643791
2025-12-18 16:29:30.431287000,157.588,158.588,1,0,158.088,0.212054,0.308652
2025-12-18 16:29:30.445828200,157.574,158.574,1,0,158.074,0.209758,0.762428
2025-12-18 16:29:30.462173800,157.56,158.56,1,0,158.06,0.207765,0.337323
2025-12-18 16:29:30.474251900,157.546,158.546,1,0,158.046,0.20609,0.434796
2025-12-18 16:29:30.492346300,157.532,158.532,1,0,158.032,0.204749,0.591139
2025-12-18 16:29:30.508121900,157.518,158.518,1,0,158.018,0.203754,0.559904
2025-12-18 16:29:30.519709100,157.504,158.504,1,0,158.004,0.203116,0.381727
2025-12-18 16:29:30.532097700,157.49,158.49,1,0,157.99,0.202843,1.0983
2025-12-18 16:29:30.550167700,157.475,158.475,1,0,157.975,0.202939,0.484208
2025-12-18 16:29:30.567632200,157.461,158.461,1,0,157.961,0.203409,1.07076
2025-12-18 16:29:30.583980600,157.461,158.461,1,0,157.961,0.202939,0.540567
2025-12-18 16:29:30.603451400,157.571,158.571,1,0,158.071,0.19914,0.811478
2025-12-18 16:29:30.621092000,157.681,158.681,1,0,158.181,0.193484,0.69718
2025-12-18 16:29:30.638349300,157.791,158.791,1,0,158.291,0.187431,1.11464
2025-12-18 16:29:30.655371900,157.901,158.901,1,0,158.401,0.182509,0.410936
2025-12-18 16:29:30.671132500,158.011,159.011,1,0,158.511,0.180297,0.491845
2025-12-18 16:29:30.688165300,158.121,159.121,1,0,158.621,0.182262,0.428919
2025-12-18 16:29:30.707500100,158.231,159.231,1,0,158.731,0.18949,0.325424
2025-12-18 16:29:30.722441100,158.341,159.341,1,0,158.841,0.202461,0.610317
2025-12-18 16:29:30.733552000,158.451,159.451,1,0,158.951,0.221037,1.4436
2025-12-18 16:29:30.744331300,158.561,159.561,1,0,159.061,0.244655,0.488008
2025-12-18 16:29:30.755375900,158.671,159.671,1,0,159.171,0.272577,0.770846
2025-12-18 16:29:30.766722600,158.781,159.781,1,0,159.281,0.304071,0.474271
2025-12-18 16:29:30.778423700,158.891,159.891,1,0,159.391,0.338492,0.393905
2025-12-18 16:29:30.791139300,159.001,160.001,1,0,159.501,0.375303,0.578171
2025-12-18 16:29:30.801654500,159.11,160.11,1,0,159.61,0.414064,0.648479
2025-12-18 16:29:30.851329300,159.22,160.22,1,0,159.72,0.454418,0.753005
2025-12-18 16:29:30.864016600,159.33,160.33,1,0,159.83,0.496066,0.467275
2025-12-18 16:29:30.877055200,159.44,160.44,1,0,159.94,0.538759,1.09702
2025-12-18 16:29:30.892124100,159.55,160.55,1,0,160.05,0.582279,0.724584
2025-12-18 16:29:30.906496000,159.66,160.66,1,0,160.16,0.62644,0.823946
2025-12-18 16:29:30.920180700,159.77,160.77,1,0,160.27,0.671071,0.316584
2025-12-18 16:29:30.936018800,159.88,160.88,1,0,160.38,0.716019,0.496081
2025-12-18 16:29:30.951197000,159.99,160.99,1,0,160.49,0.761142,0.691875
2025-12-18 16:29:30.964886000,160.1,161.1,1,0,160.6,0.806305,0.60233
2025-12-18 16:29:30.979562400,160.21,161.21,1,0,160.71,0.851383,0.957511
2025-12-18 16:29:30.994994600,160.32,161.32,1,0,160.82,0.896252,0.943151
2025-12-18 16:29:31.011934800,160.43,161.43,1,0,160.93,0.940796,0.836941
2025-12-18 16:29:31.026617600,160.54,161.54,1,0,161.04,0.984896,0.352821
2025-12-18 16:29:31.040438900,160.65,161.65,1,0,161.15,1.02844,0.314059
2025-12-18 16:29:31.054802100,160.76,161.76,1,0,161.26,1.07131,0.472953
2025-12-18 16:29:31.069451100,160.87,161.87,1,0,161.37,1.1134,0.956389
2025-12-18 16:29:31.082311600,160.979,161.979,1,0,161.479,1.15459,0.338413
2025-12-18 16:29:31.095435400,161.089,162.089,1,0,161.589,1.19476,0.765564
2025-12-18 16:29:31.109431100,161.199,162.199,1,0,161.699,1.2338,0.687549
2025-12-18 16:29:31.123058700,161.309,162.309,1,0,161.809,1.27158,0.426163
2025-12-18 16:29:31.137637400,161.419,162.419,1,0,161.919,1.30798,0.82971
2025-12-18 16:29:31.152700600,161.529,162.529,1,0,162.029,1.34287,0.725999
2025-12-18 16:29:31.166934100,161.639,162.639,1,0,162.139,1.37612,0.369622
2025-12-18 16:29:31.181698400,161.749,162.749,1,0,162.249,1.40758,1.03351
2025-12-18 16:29:31.196016400,161.859,162.859,1,0,162.359,1.43711,0.290106
2025-12-18 16:29:31.209853400,161.969,162.969,1,0,162.469,1.46456,1.03747
2025-12-18 16:29:31.223744200,162.079,163.079,1,0,162.579,1.48975,0.609776
2025-12-18 16:29:31.237627600,162.189,163.189,1,0,162.689,1.51253,0.541896
2025-12-18 16:29:31.247849400,162.299,163.299,1,0,162.799,1.53269,0.8447
2025-12-18 16:29:31.258831800,162.409,163.409,1,0,162.909,1.55003,0.937636
2025-12-18 16:29:31.273250000,162.519,163.519,1,0,163.019,1.56434,0.531958
2025-12-18 16:29:31.287687000,162.629,163.629,1,0,163.129,1.57537,0.649819
2025-12-18 16:29:31.300577500,162.739,163.739,1,0,163.239,1.58287,0.342916
2025-12-18 16:29:31.311410300,162.848,163.848,1,0,163.348,1.58653,0.535455
2025-12-18 16:29:31.324329900,162.848,163.848,1,0,163.348,1.58287,0.780368
2025-12-18 16:29:31.337737800,162.841,163.841,1,0,163.341,1.5756,0.388601
2025-12-18 16:29:31.348530300,162.834,163.834,1,0,163.334,1.56498,0.79322
2025-12-18 16:29:31.358441600,162.827,163.827,1,0,163.327,1.55126,0.616887
2025-12-18 16:29:31.372935000,162.82,163.82,1,0,163.32,1.53466,0.459381
2025-12-18 16:29:31.384047900,162.813,163.813,1,0,163.313,1.51538,0.846006
2025-12-18 16:29:31.395760600,163.22,163.48,0.26,666,163.306,1.49477,0.302442
2025-12-18 16:29:31.407467700,163.2,163.37,0.17,413,163.299,1.47029,0.289487
2025-12-18 16:29:31.418903500,162.89,162.98,0.09,807,163.292,1.43621,0.152491
2025-12-18 16:29:31.430640800,162.785,163.785,1,0,163.285,1.40822,0.820454
2025-12-18 16:29:31.442560000,162.96,162.97,0.01,655,163.278,1.37189,0.140607
2025-12-18 16:29:31.453992800,162.771,163.771,1,0,163.271,1.34053,0.450678
2025-12-18 16:29:31.467075300,163.5,163.54,0.04,452,163.264,1.31352,0.314645
2025-12-18 16:29:31.479849900,162.87,163.28,0.41,1114,163.257,1.27542,0.382166
2025-12-18 16:29:31.493764800,162.75,163.75,1,0,163.25,1.23955,0.703828
2025-12-18 16:29:31.506828600,163.05,163.34,0.29,705,163.243,1.20154,0.218397
2025-12-18 16:29:31.520459900,162.84,162.93,0.09,449,163.236,1.15784,0.296368
2025-12-18 16:29:31.533169400,163.27,163.64,0.37,1772,163.229,1.12335,0.33329
2025-12-18 16:29:31.545555200,162.73,163.29,0.56,678,163.222,1.08005,0.443622
2025-12-18 16:29:31.556972900,163.11,163.71,0.6,1218,163.215,1.04293,0.91555
2025-12-18 16:29:31.570277600,162.708,163.708,1,0,163.208,1.00138,1.10225
2025-12-18 16:29:31.582589800,163,163.31,0.31,554,163.2,0.958561,0.336835
2025-12-18 16:29:31.595180000,162.693,163.693,1,0,163.193,0.915928,0.339411
2025-12-18 16:29:31.607825700,163.16,163.27,0.11,609,163.186,0.873299,0.264419
2025-12-18 16:29:31.621249500,163.2,163.26,0.06,455,163.179,0.830646,0.202326
2025-12-18 16:29:31.632088100,163.11,163.49,0.38,484,163.172,0.788867,0.255287
2025-12-18 16:29:31.643143700,162.665,163.665,1,0,163.165,0.745149,0.649506
2025-12-18 16:29:31.653897400,162.658,163.658,1,0,163.158,0.701453,0.79101
2025-12-18 16:29:31.665465400,163.17,163.25,0.08,655,163.151,0.658543,0.233748
2025-12-18 16:29:31.677146800,163.11,163.33,0.22,626,163.144,0.616004,0.229456
2025-12-18 16:29:31.690229400,162.88,163.24,0.36,640,163.137,0.572471,0.433913
2025-12-18 16:29:31.702838000,162.63,163.63,1,0,163.13,0.530058,0.423165
2025-12-18 16:29:31.715500300,162.623,163.623,1,0,163.123,0.488315,0.74907
2025-12-18 16:29:31.728183200,162.616,163.616,1,0,163.116,0.447407,0.978004
2025-12-18 16:29:31.741967000,162.609,163.609,1,0,163.109,0.407521,0.63224
2025-12-18 16:29:31.753527100,162.602,163.602,1,0,163.102,0.368872,0.689946
2025-12-18 16:29:31.767311600,163.04,163.24,0.2,337,163.095,0.331836,0.201466
2025-12-18 16:29:31.779604000,162.81,162.9,0.09,708,163.088,0.298315,0.168667
2025-12-18 16:29:31.792937900,162.581,163.581,1,0,163.081,0.265637,1.17321
2025-12-18 16:29:31.805019800,163.32,163.57,0.25,757,163.074,0.239742,0.443304
2025-12-18 16:29:31.817812500,162.59,163.1,0.51,785,163.067,0.216951,0.408737
2025-12-18 16:29:31.830221200,163.02,163.54,0.52,1134,163.06,0.195234,0.634595
2025-12-18 16:29:31.842369800,162.64,163.12,0.48,560,163.053,0.181417,0.327352
2025-12-18 16:29:31.853446900,162.545,163.545,1,0,163.045,0.169171,0.481009
2025-12-18 16:29:31.865075700,162.84,162.87,0.03,554,163.038,0.16686,0.253014
2025-12-18 16:29:31.878262800,162.531,163.531,1,0,163.031,0.163833,0.318516
2025-12-18 16:29:31.890649000,162.97,163.17,0.2,318,163.024,0.163007,0.442942
2025-12-18 16:29:31.902418600,163.06,163.11,0.05,386,163.017,0.163376,0.208585
2025-12-18 16:29:31.913068000,162.97,163.17,0.2,606,163.01,0.163777,0.26837
2025-12-18 16:29:31.925554300,163.33,163.36,0.03,413,163.003,0.163703,0.453951
2025-12-18 16:29:31.938134200,162.503,163.503,1,0,163.003,0.163394,0.555497
2025-12-18 16:29:31.950773900,162.504,163.504,1,0,163.004,0.162945,0.253708
2025-12-18 16:29:31.963188900,162.95,163.09,0.14,963,163.004,0.162092,0.231167
2025-12-18 16:29:31.976450900,163.27,163.43,0.16,1540,163.004,0.162613,0.415336
2025-12-18 16:29:31.989414500,162.505,163.505,1,0,163.005,0.162099,0.374803
2025-12-18 16:29:32.002163900,162.505,163.505,1,0,163.005,0.161484,0.382658
2025-12-18 16:29:32.014080000,162.506,163.506,1,0,163.006,0.159714,0.361068
2025-12-18 16:29:32.029811600,162.506,163.506,1,0,163.006,0.159182,0.342279
2025-12-18 16:29:32.041566000,162.506,163.506,1,0,163.006,0.157763,0.511657
2025-12-18 16:29:32.052984300,162.507,163.507,1,0,163.007,0.157065,0.356964
2025-12-18 16:29:32.067095000,162.89,162.97,0.08,874,163.007,0.157845,0.207945
2025-12-18 16:29:32.079674300,162.508,163.508,1,0,163.008,0.157202,0.623791
2025-12-18 16:29:32.089942000,162.95,163.15,0.2,555,163.008,0.146538,1.40342
2025-12-18 16:29:32.101740900,163.27,163.33,0.06,447,163.008,0.148891,0.381827
2025-12-18 16:29:32.112781500,162.509,163.509,1,0,163.009,0.148268,0.592221
2025-12-18 16:29:32.126247200,162.71,162.72,0.01,707,163.009,0.157552,0.272709
2025-12-18 16:29:32.138724300,162.89,163.4,0.51,896,163.01,0.154698,0.401205
2025-12-18 16:29:32.150696500,162.51,163.51,1,0,163.01,0.146807,0.452371
2025-12-18 16:29:32.161125600,162.71,162.96,0.25,367,163.01,0.150809,0.232783
2025-12-18 16:29:32.173490400,162.511,163.511,1,0,163.011,0.144122,0.971611
2025-12-18 16:29:32.186503900,163.02,163.11,0.09,536,163.011,0.143034,0.252047
2025-12-18 16:29:32.199985500,162.512,163.512,1,0,163.012,0.14294,0.752205
2025-12-18 16:29:32.212314000,162.72,162.92,0.2,516,163.012,0.146386,0.264177
2025-12-18 16:29:32.224622600,162.512,163.512,1,0,163.012,0.145106,0.760431
2025-12-18 16:29:32.236421600,162.84,163.21,0.37,829,163.013,0.14329,0.473651
2025-12-18 16:29:32.247652300,162.513,163.513,1,0,163.013,0.139316,0.349132
2025-12-18 16:29:32.258651300,162.75,162.84,0.09,666,163.014,0.143092,0.166994
2025-12-18 16:29:32.272783700,162.514,163.514,1,0,163.014,0.142301,0.447094
2025-12-18 16:29:32.285136600,162.514,163.514,1,0,163.014,0.140402,0.380959
2025-12-18 16:29:32.297574800,162.86,163.28,0.42,718,163.015,0.138143,0.254197
2025-12-18 16:29:32.308564400,162.515,163.515,1,0,163.015,0.138147,0.599216
2025-12-18 16:29:32.321204600,162.9,162.99,0.09,368,163.016,0.138103,0.229477
2025-12-18 16:29:32.332616200,162.77,162.78,0.01,692,163.016,0.142154,0.156711
2025-12-18 16:29:32.344195300,162.516,163.516,1,0,163.016,0.141592,0.72063
2025-12-18 16:29:32.356698000,162.86,162.95,0.09,926,163.017,0.142055,0.13627
2025-12-18 16:29:32.366995500,151.642,163.19,11.5477,535,163.017,0.797122,9.14263
2025-12-18 16:29:32.378970300,162.518,163.518,1,0,163.018,0.796591,0.358828
2025-12-18 16:29:32.391129000,162.518,163.518,1,0,163.018,0.796714,0.832827
2025-12-18 16:29:32.403660300,162.518,163.518,1,0,163.018,0.796492,0.696752
2025-12-18 16:29:32.416420700,162.519,163.519,1,0,163.019,0.792961,0.593274
2025-12-18 16:29:32.430859100,162.519,163.519,1,0,163.019,0.793102,0.565119
2025-12-18 16:29:32.445334900,162.52,163.52,1,0,163.02,0.791455,0.440759
2025-12-18 16:29:32.457534800,162.52,163.52,1,0,163.02,0.791639,0.525953
2025-12-18 16:29:32.471902800,162.52,163.52,1,0,163.02,0.791554,0.946726
2025-12-18 16:29:32.485278600,162.521,163.521,1,0,163.021,0.791711,0.546397
2025-12-18 16:29:32.498148300,162.521,163.521,1,0,163.021,0.791679,0.800014
2025-12-18 16:29:32.511435600,162.7,162.84,0.14,476,163.022,0.79152,0.24997
2025-12-18 16:29:32.524121700,162.522,163.522,1,0,163.022,0.791269,0.57016
2025-12-18 16:29:32.537703500,162.76,162.93,0.17,922,163.022,0.790899,0.176326
2025-12-18 16:29:32.548671500,161.052,163.04,1.98828,546,163.023,0.796851,1.35282
2025-12-18 16:29:32.559153000,162.523,163.523,1,0,163.023,0.796925,0.9236
2025-12-18 16:29:32.572633600,162.548,163.548,1,0,163.048,0.797103,0.578466
2025-12-18 16:29:32.584505500,162.573,163.573,1,0,163.073,0.797342,0.860917
2025-12-18 16:29:32.599054700,162.598,163.598,1,0,163.098,0.795063,0.788759
2025-12-18 16:29:32.617828500,162.623,163.623,1,0,163.123,0.795659,0.452756
2025-12-18 16:29:32.631264100,162.648,163.648,1,0,163.148,0.796415,0.857571
2025-12-18 16:29:32.645187800,162.673,163.673,1,0,163.173,0.797341,0.730893
2025-12-18 16:29:32.658102800,162.698,163.698,1,0,163.198,0.798445,0.647289
2025-12-18 16:29:32.669778400,162.723,163.723,1,0,163.223,0.799735,0.564549
2025-12-18 16:29:32.680291300,162.748,163.748,1,0,163.248,0.801218,0.993276
2025-12-18 16:29:32.693474300,162.773,163.773,1,0,163.273,0.803052,0.479178
2025-12-18 16:29:32.706274400,162.798,163.798,1,0,163.298,0.804925,0.319933
2025-12-18 16:29:32.719491500,162.823,163.823,1,0,163.323,0.806871,0.709702
2025-12-18 16:29:32.730922800,162.847,163.847,1,0,163.347,0.807367,0.557956
2025-12-18 16:29:32.743139400,162.872,163.872,1,0,163.372,0.809929,0.338443
2025-12-18 16:29:32.753404300,162.897,163.897,1,0,163.397,0.812283,0.607844
2025-12-18 16:29:32.765548500,162.922,163.922,1,0,163.422,0.814724,0.901638
2025-12-18 16:29:32.776311200,162.947,163.947,1,0,163.447,0.817892,0.581581
2025-12-18 16:29:32.788513000,162.972,163.972,1,0,163.472,0.821156,0.324361
2025-12-18 16:29:32.800720600,162.997,163.997,1,0,163.497,0.824692,1.02968
2025-12-18 16:29:32.811900700,163.022,164.022,1,0,163.522,0.828334,0.33409
2025-12-18 16:29:32.823375000,163.047,164.047,1,0,163.547,0.83227,0.839485
2025-12-18 16:29:32.836178200,163.072,164.072,1,0,163.572,0.836036,0.724808
2025-12-18 16:29:32.848344100,163.097,164.097,1,0,163.597,0.84028,0.386083
2025-12-18 16:29:32.860216300,163.122,164.122,1,0,163.622,0.844691,0.517022
2025-12-18 16:29:32.871731500,163.147,164.147,1,0,163.647,0.849262,0.365956
2025-12-18 16:29:32.881960100,163.172,164.172,1,0,163.672,0.853253,0.365843
2025-12-18 16:29:32.894414400,163.197,164.197,1,0,163.697,0.858044,0.603372
2025-12-18 16:29:32.907509400,163.222,164.222,1,0,163.722,0.862958,0.310678
2025-12-18 16:29:32.920948400,163.247,164.247,1,0,163.747,0.868047,1.22633
2025-12-18 16:29:32.932541600,163.272,164.272,1,0,163.772,0.873193,0.867424
2025-12-18 16:29:32.944036000,163.297,164.297,1,0,163.797,0.8782,0.934831
2025-12-18 16:29:32.957540300,163.322,164.322,1,0,163.822,0.882144,0.438957
2025-12-18 16:29:32.968412000,163.347,164.347,1,0,163.847,0.887405,0.554869
2025-12-18 16:29:32.980873800,163.372,164.372,1,0,163.872,0.892165,0.717261
2025-12-18 16:29:32.992988200,163.397,164.397,1,0,163.897,0.353913,0.67475
2025-12-18 16:29:33.005686200,163.422,164.422,1,0,163.922,0.361597,0.585043
2025-12-18 16:29:33.020897600,163.447,164.447,1,0,163.947,0.369039,0.842225
2025-12-18 16:29:33.032914000,163.472,164.472,1,0,163.972,0.376214,0.749469
2025-12-18 16:29:33.045312900,163.497,164.497,1,0,163.997,0.383097,0.578075
2025-12-18 16:29:33.058336500,163.522,164.522,1,0,164.022,0.389661,0.838879
2025-12-18 16:29:33.071205900,163.547,164.547,1,0,164.047,0.395878,0.634901
2025-12-18 16:29:33.084049200,163.572,164.572,1,0,164.072,0.401721,0.578194
2025-12-18 16:29:33.096025900,163.597,164.597,1,0,164.097,0.40716,0.519305
2025-12-18 16:29:33.108663300,163.621,164.621,1,0,164.121,0.412164,1.06415
2025-12-18 16:29:33.120540000,163.646,164.646,1,0,164.146,0.416702,0.514851
2025-12-18 16:29:33.134081000,163.671,164.671,1,0,164.171,0.412995,0.408355
2025-12-18 16:29:33.147536400,163.696,164.696,1,0,164.196,0.416275,0.75018
2025-12-18 16:29:33.159401500,163.721,164.721,1,0,164.221,0.413378,0.786579
2025-12-18 16:29:33.169953700,163.746,164.746,1,0,164.246,0.360306,0.498863
2025-12-18 16:29:33.182669100,163.746,164.746,1,0,164.246,0.359474,0.421009
2025-12-18 16:29:33.194593400,163.77,164.77,1,0,164.27,0.358622,0.815544
2025-12-18 16:29:33.206912000,163.793,164.793,1,0,164.293,0.357751,0.942712
2025-12-18 16:29:33.218142300,163.816,164.816,1,0,164.316,0.356864,0.791158
2025-12-18 16:29:33.232293900,163.84,164.84,1,0,164.34,0.355963,0.334685
2025-12-18 16:29:33.245058800,163.863,164.863,1,0,164.363,0.355049,0.610117
2025-12-18 16:29:33.258191700,163.886,164.886,1,0,164.386,0.354126,0.471775
2025-12-18 16:29:33.269187400,163.91,164.91,1,0,164.41,0.353195,0.51884
2025-12-18 16:29:33.281165100,163.933,164.933,1,0,164.433,0.352258,0.634051
2025-12-18 16:29:33.293544200,163.957,164.957,1,0,164.457,0.351318,0.869563
2025-12-18 16:29:33.306415800,163.98,164.98,1,0,164.48,0.350376,0.681576
2025-12-18 16:29:33.320001600,164.003,165.003,1,0,164.503,0.349436,0.363118
2025-12-18 16:29:33.332451400,164.027,165.027,1,0,164.527,0.348499,0.297737
2025-12-18 16:29:33.344303400,164.05,165.05,1,0,164.55,0.347567,0.628077
2025-12-18 16:29:33.357876000,164.073,165.073,1,0,164.573,0.346643,0.650933
2025-12-18 16:29:33.367056300,164.097,165.097,1,0,164.597,0.345729,0.437682
2025-12-18 16:29:33.377503200,164.12,165.12,1,0,164.62,0.344827,0.753296
2025-12-18 16:29:33.391977000,164.143,165.143,1,0,164.643,0.343939,0.437525
2025-12-18 16:29:33.405456500,164.167,165.167,1,0,164.667,0.343069,0.770125
2025-12-18 16:29:33.417419400,164.19,165.19,1,0,164.69,0.342217,0.535918
2025-12-18 16:29:33.429279300,164.213,165.213,1,0,164.713,0.341388,0.821776
2025-12-18 16:29:33.441841800,164.237,165.237,1,0,164.737,0.340582,0.568747
2025-12-18 16:29:33.453919700,164.26,165.26,1,0,164.76,0.339802,0.418113
2025-12-18 16:29:33.466629400,164.284,165.284,1,0,164.784,0.339051,0.619583
2025-12-18 16:29:33.479704500,164.307,165.307,1,0,164.807,0.338331,1.25737
2025-12-18 16:29:33.492843800,164.33,165.33,1,0,164.83,0.337644,0.527458
2025-12-18 16:29:33.504937200,164.354,165.354,1,0,164.854,0.336993,0.617046
2025-12-18 16:29:33.518105200,164.377,165.377,1,0,164.877,0.336379,0.77929
2025-12-18 16:29:33.532303700,164.4,165.4,1,0,164.9,0.335807,0.749434
2025-12-18 16:29:33.545108900,164.424,165.424,1,0,164.924,0.335277,0.520683
2025-12-18 16:29:33.559662900,164.447,165.447,1,0,164.947,0.334792,0.909898
2025-12-18 16:29:33.572799900,164.47,165.47,1,0,164.97,0.334355,1.11252
2025-12-18 16:29:33.583819600,164.494,165.494,1,0,164.994,0.333967,0.89401
2025-12-18 16:29:33.593948900,164.517,165.517,1,0,165.017,0.333631,1.29653
2025-12-18 16:29:33.608035000,164.54,165.54,1,0,165.04,0.33335,0.781368
2025-12-18 16:29:33.621869800,164.564,165.564,1,0,165.064,0.333125,0.889313
2025-12-18 16:29:33.634434800,164.587,165.587,1,0,165.087,0.33296,0.680777
2025-12-18 16:29:33.649600200,164.611,165.611,1,0,165.111,0.332855,0.29744
2025-12-18 16:29:33.662397500,164.634,165.634,1,0,165.134,0.332813,0.393969
2025-12-18 16:29:33.675058700,164.657,165.657,1,0,165.157,0.332836,1.0465
2025-12-18 16:29:33.685760700,164.681,165.681,1,0,165.181,0.332927,0.963166
2025-12-18 16:29:33.696102400,164.704,165.704,1,0,165.204,0.333087,0.374354
2025-12-18 16:29:33.708791200,164.727,165.727,1,0,165.227,0.333318,0.534882
2025-12-18 16:29:33.718396000,164.751,165.751,1,0,165.251,0.333622,1.13424
2025-12-18 16:29:33.728990000,164.774,165.774,1,0,165.274,0.334001,0.86039
2025-12-18 16:29:33.742201700,164.797,165.797,1,0,165.297,0.334456,0.570579
2025-12-18 16:29:33.754812200,164.821,165.821,1,0,165.321,0.33499,0.363394
2025-12-18 16:29:33.766345600,164.844,165.844,1,0,165.344,0.335604,0.435229
2025-12-18 16:29:33.778691200,164.867,165.867,1,0,165.367,0.336299,0.673047
2025-12-18 16:29:33.792494900,164.891,165.891,1,0,165.391,0.337078,0.521874
2025-12-18 16:29:33.806276600,164.891,165.891,1,0,165.391,0.336299,0.442811
2025-12-18 16:29:33.818093600,164.871,165.871,1,0,165.371,0.334191,1.11271
2025-12-18 16:29:33.829380800,165.36,165.66,0.3,516,165.351,0.336067,0.382472
2025-12-18 16:29:33.842899700,164.832,165.832,1,0,165.332,0.331568,1.21887
2025-12-18 16:29:33.854097300,165.06,165.59,0.53,498,165.312,0.326439,0.411169
2025-12-18 16:29:33.863993300,165.3,165.42,0.12,587,165.292,0.321747,0.189787
2025-12-18 16:29:33.875709900,165.32,165.5,0.18,566,165.272,0.31792,0.385441
2025-12-18 16:29:33.888788800,164.98,165.32,0.34,492,165.253,0.30867,0.316727
2025-12-18 16:29:33.901652000,164.733,165.733,1,0,165.233,0.300371,0.386583
2025-12-18 16:29:33.914028600,164.713,165.713,1,0,165.213,0.29159,0.748401
2025-12-18 16:29:33.924764500,164.694,165.694,1,0,165.194,0.282408,0.973355
2025-12-18 16:29:33.937578500,164.674,165.674,1,0,165.174,0.27291,1.11062
2025-12-18 16:29:33.948686100,164.654,165.654,1,0,165.154,0.26318,0.320825
2025-12-18 16:29:33.961031600,164.634,165.634,1,0,165.134,0.253308,0.635661
2025-12-18 16:29:33.973728100,164.615,165.615,1,0,165.115,0.243389,1.16349
2025-12-18 16:29:33.987445800,164.595,165.595,1,0,165.095,0.233521,0.689492
2025-12-18 16:29:34.001085300,164.575,165.575,1,0,165.075,0.223814,0.632244
2025-12-18 16:29:34.014320700,164.555,165.555,1,0,165.055,0.214385,0.539557
2025-12-18 16:29:34.029020000,164.536,165.536,1,0,165.036,0.20536,0.789258
2025-12-18 16:29:34.041776600,164.516,165.516,1,0,165.016,0.196875,0.657209
2025-12-18 16:29:34.053175300,164.496,165.496,1,0,164.996,0.189077,0.709208
2025-12-18 16:29:34.064839500,164.476,165.476,1,0,164.976,0.182117,0.336047
2025-12-18 16:29:34.075279800,164.457,165.457,1,0,164.957,0.176147,0.442854
2025-12-18 16:29:34.087289100,164.437,165.437,1,0,164.937,0.171311,0.842714
2025-12-18 16:29:34.099127600,164.417,165.417,1,0,164.917,0.167736,0.995128
2025-12-18 16:29:34.109771300,164.398,165.398,1,0,164.898,0.165519,0.471188
2025-12-18 16:29:34.121686700,164.378,165.378,1,0,164.878,0.164718,0.723041
2025-12-18 16:29:34.133838400,164.358,165.358,1,0,164.858,0.165342,0.657277
2025-12-18 16:29:34.142497600,164.338,165.338,1,0,164.838,0.16735,0.560654
2025-12-18 16:29:34.154362200,164.319,165.319,1,0,164.819,0.170657,0.633308
2025-12-18 16:29:34.168046500,164.299,165.299,1,0,164.799,0.175139,0.560409
2025-12-18 16:29:34.180002300,164.279,165.279,1,0,164.779,0.180651,0.360558
2025-12-18 16:29:34.192697800,164.259,165.259,1,0,164.759,0.18703,0.452045
2025-12-18 16:29:34.208963600,164.24,165.24,1,0,164.74,0.194114,0.441906
2025-12-18 16:29:34.221791400,164.22,165.22,1,0,164.72,0.201742,0.414673
2025-12-18 16:29:34.234250900,164.2,165.2,1,0,164.7,0.20976,0.698533
2025-12-18 16:29:34.248253400,164.18,165.18,1,0,164.68,0.218024,0.851649
2025-12-18 16:29:34.260554600,164.161,165.161,1,0,164.661,0.226402,0.707912
2025-12-18 16:29:34.273850700,164.141,165.141,1,0,164.641,0.234768,0.636357
2025-12-18 16:29:34.286189500,164.121,165.121,1,0,164.621,0.243007,0.939515
2025-12-18 16:29:34.298278600,164.102,165.102,1,0,164.602,0.251007,0.652176
2025-12-18 16:29:34.311983200,164.082,165.082,1,0,164.582,0.258663,0.58663
2025-12-18 16:29:34.328221900,164.062,165.062,1,0,164.562,0.265873,0.915695
2025-12-18 16:29:34.343545500,164.042,165.042,1,0,164.542,0.272533,0.859409
2025-12-18 16:29:34.358484400,164.023,165.023,1,0,164.523,0.278541,0.3041
2025-12-18 16:29:34.370660700,164.003,165.003,1,0,164.503,0.28379,0.384784
2025-12-18 16:29:34.384154800,163.983,164.983,1,0,164.483,0.288168,0.602908
2025-12-18 16:29:34.398076600,163.963,164.963,1,0,164.463,0.291555,0.891744
2025-12-18 16:29:34.410932400,163.944,164.944,1,0,164.444,0.29382,0.489456
2025-12-18 16:29:34.424616600,163.924,164.924,1,0,164.424,0.294816,0.279585
2025-12-18 16:29:34.437887300,163.924,164.924,1,0,164.424,0.294541,0.643195
2025-12-18 16:29:34.452297900,163.891,164.891,1,0,164.391,0.294716,0.447742
2025-12-18 16:29:34.464541300,163.858,164.858,1,0,164.358,0.289056,0.38685
2025-12-18 16:29:34.477484200,163.825,164.825,1,0,164.325,0.289909,0.411649
2025-12-18 16:29:34.491623200,163.793,164.793,1,0,164.293,0.290736,0.809271
2025-12-18 16:29:34.505172700,163.76,164.76,1,0,164.26,0.289919,0.647458
2025-12-18 16:29:34.516871100,163.727,164.727,1,0,164.227,0.286454,0.563251
2025-12-18 16:29:34.527362100,163.694,164.694,1,0,164.194,0.291928,0.898069
2025-12-18 16:29:34.540304100,163.661,164.661,1,0,164.161,0.294666,0.684176
2025-12-18 16:29:34.551163900,163.629,164.629,1,0,164.129,0.297754,0.364081
2025-12-18 16:29:34.563185500,163.596,164.596,1,0,164.096,0.301173,0.670362
2025-12-18 16:29:34.574681400,163.563,164.563,1,0,164.063,0.304898,0.336076
2025-12-18 16:29:34.584826600,163.53,164.53,1,0,164.03,0.308908,0.616137
2025-12-18 16:29:34.597894400,163.497,164.497,1,0,163.997,0.313178,1.04284
2025-12-18 16:29:34.609504800,163.464,164.464,1,0,163.964,0.317686,0.362359
2025-12-18 16:29:34.622152000,163.432,164.432,1,0,163.932,0.322408,0.331013
2025-12-18 16:29:34.634934900,163.399,164.399,1,0,163.899,0.32732,0.632289
2025-12-18 16:29:34.649055100,163.366,164.366,1,0,163.866,0.332401,0.796526
2025-12-18 16:29:34.662086100,163.333,164.333,1,0,163.833,0.337628,0.661626
2025-12-18 16:29:34.675991600,163.3,164.3,1,0,163.8,0.34298,0.550405
2025-12-18 16:29:34.688218000,163.268,164.268,1,0,163.768,0.348435,0.734784
2025-12-18 16:29:34.699671400,163.235,164.235,1,0,163.735,0.353973,0.569707
2025-12-18 16:29:34.712115800,163.202,164.202,1,0,163.702,0.359574,0.487389
2025-12-18 16:29:34.726028700,163.169,164.169,1,0,163.669,0.365219,0.570604
2025-12-18 16:29:34.737140500,163.136,164.136,1,0,163.636,0.37089,1.03604
2025-12-18 16:29:34.752346400,163.103,164.103,1,0,163.603,0.376568,0.705246
2025-12-18 16:29:34.764365800,163.071,164.071,1,0,163.571,0.382236,0.591778
2025-12-18 16:29:34.777587000,163.038,164.038,1,0,163.538,0.387876,0.603731
2025-12-18 16:29:34.789615800,163.005,164.005,1,0,163.505,0.393473,0.644627
2025-12-18 16:29:34.803506600,162.972,163.972,1,0,163.472,0.39901,0.436562
2025-12-18 16:29:34.814521100,162.939,163.939,1,0,163.439,0.404471,1.1929
2025-12-18 16:29:34.826418900,162.906,163.906,1,0,163.406,0.409841,1.64849
2025-12-18 16:29:34.838102400,162.874,163.874,1,0,163.374,0.415105,0.475375
2025-12-18 16:29:34.850249800,162.841,163.841,1,0,163.341,0.420247,0.471521
2025-12-18 16:29:34.865230100,162.808,163.808,1,0,163.308,0.425253,0.39533
2025-12-18 16:29:34.877023400,162.775,163.775,1,0,163.275,0.430107,0.686331
2025-12-18 16:29:34.887822700,162.742,163.742,1,0,163.242,0.434795,0.785842
2025-12-18 16:29:34.900443000,162.71,163.71,1,0,163.21,0.439303,0.421613
2025-12-18 16:29:34.913863700,162.677,163.677,1,0,163.177,0.443615,0.836683
2025-12-18 16:29:34.927222500,162.644,163.644,1,0,163.144,0.447716,1.05598
2025-12-18 16:29:34.939002800,162.611,163.611,1,0,163.111,0.451592,0.424799
2025-12-18 16:29:34.950789400,162.578,163.578,1,0,163.078,0.455226,1.02216
2025-12-18 16:29:34.962709500,162.545,163.545,1,0,163.045,0.458604,0.469441
2025-12-18 16:29:34.976681000,162.513,163.513,1,0,163.013,0.461708,0.579439
2025-12-18 16:29:34.990657600,162.48,163.48,1,0,162.98,0.464523,0.630215
2025-12-18 16:29:35.000374800,162.447,163.447,1,0,162.947,0.46703,0.734362
2025-12-18 16:29:35.014114600,162.414,163.414,1,0,162.914,0.469213,0.495624
2025-12-18 16:29:35.027718400,162.381,163.381,1,0,162.881,0.471053,0.507491
2025-12-18 16:29:35.039896500,162.349,163.349,1,0,162.849,0.472529,0.340731
2025-12-18 16:29:35.053583600,162.316,163.316,1,0,162.816,0.473623,0.448493
2025-12-18 16:29:35.066867900,162.316,163.316,1,0,162.816,0.472529,1.25305
2025-12-18 16:29:35.080398900,162.322,163.322,1,0,162.822,0.470228,0.67304
2025-12-18 16:29:35.092189500,162.328,163.328,1,0,162.828,0.466814,0.63331
2025-12-18 16:29:35.102829100,162.334,163.334,1,0,162.834,0.462373,0.257204
2025-12-18 16:29:35.116743600,162.71,162.92,0.21,581,162.841,0.4577,0.269778
2025-12-18 16:29:35.128553700,162.8,162.99,0.19,496,162.847,0.450198,0.317296
2025-12-18 16:29:35.140494500,162.98,163.05,0.07,721,162.853,0.439623,0.219678
2025-12-18 16:29:35.152596800,162.359,163.359,1,0,162.859,0.431942,0.842352
2025-12-18 16:29:35.166838300,163.14,163.15,0.01,568,162.866,0.418788,0.332138
2025-12-18 16:29:35.182618400,162.372,163.372,1,0,162.872,0.409991,0.342262
2025-12-18 16:29:35.196544600,163.05,163.07,0.02,862,162.878,0.397389,0.290532
2025-12-18 16:29:35.209205800,162.384,163.384,1,0,162.884,0.387568,0.697818
2025-12-18 16:29:35.221124700,162.82,163.13,0.31,562,162.891,0.375693,0.444473
2025-12-18 16:29:35.234795600,162.74,163.01,0.27,612,162.897,0.365388,0.25945
2025-12-18 16:29:35.250618200,162.403,163.403,1,0,162.903,0.354202,0.559825
2025-12-18 16:29:35.269293100,163.03,163.11,0.08,508,162.909,0.340517,0.202986
2025-12-18 16:29:35.285876300,162.416,163.416,1,0,162.916,0.328722,0.754837
2025-12-18 16:29:35.301797000,162.89,162.95,0.06,436,162.922,0.316657,0.177247
2025-12-18 16:29:35.316837300,162.83,163.23,0.4,523,162.928,0.303082,0.318668
2025-12-18 16:29:35.333675100,162.434,163.434,1,0,162.934,0.290577,0.380671
2025-12-18 16:29:35.355514400,163.01,163.14,0.13,477,162.941,0.276718,0.266479
2025-12-18 16:29:35.375711500,162.447,163.447,1,0,162.947,0.264005,0.687398
2025-12-18 16:29:35.394621900,162.57,162.89,0.32,604,162.953,0.255709,0.337159
2025-12-18 16:29:35.413576600,162.459,163.459,1,0,162.959,0.242842,0.536381
2025-12-18 16:29:35.431254800,163.25,163.46,0.21,412,162.966,0.232976,0.464352
2025-12-18 16:29:35.445053800,162.59,163.15,0.56,1468,162.972,0.22211,0.30403
2025-12-18 16:29:35.459482700,162.478,163.478,1,0,162.978,0.210077,0.586631
2025-12-18 16:29:35.472404200,162.54,162.93,0.39,578,162.984,0.202651,0.419662
2025-12-18 16:29:35.483851500,163.02,163.53,0.51,1087,162.99,0.194325,0.742351
2025-12-18 16:29:35.500233900,162.56,163.12,0.56,1040,162.997,0.185397,0.353251
2025-12-18 16:29:35.511871000,162.503,163.503,1,0,163.003,0.175242,0.991356
2025-12-18 16:29:35.529097500,162.67,162.99,0.32,477,163.009,0.167363,0.433428
2025-12-18 16:29:35.543958500,162.515,163.515,1,0,163.015,0.158447,0.689906
2025-12-18 16:29:35.558245400,162.77,162.8,0.03,335,163.022,0.152714,0.0659209
2025-12-18 16:29:35.568418200,162.528,163.528,1,0,163.028,0.145437,0.624139
2025-12-18 16:29:35.580861200,162.534,163.534,1,0,163.034,0.13915,0.778012
2025-12-18 16:29:35.594141400,162.54,163.54,1,0,163.04,0.133922,1.04353
2025-12-18 16:29:35.606996400,162.547,163.547,1,0,163.047,0.129794,0.410218
2025-12-18 16:29:35.619741500,162.553,163.553,1,0,163.053,0.126769,0.667841
2025-12-18 16:29:35.634764800,162.559,163.559,1,0,163.059,0.124808,0.861762
2025-12-18 16:29:35.648848500,162.565,163.565,1,0,163.065,0.123826,0.447114
2025-12-18 16:29:35.684601400,162.572,163.572,1,0,163.072,0.123696,0.314763
2025-12-18 16:29:35.702284300,162.578,163.578,1,0,163.078,0.124256,0.714504
2025-12-18 16:29:35.721060400,162.584,163.584,1,0,163.084,0.125319,1.0177
2025-12-18 16:29:35.740877700,162.72,162.76,0.04,964,163.09,0.128865,0.0793486
2025-12-18 16:29:35.757922300,162.597,163.597,1,0,163.097,0.130453,0.515583
2025-12-18 16:29:35.772106800,162.603,163.603,1,0,163.103,0.131952,0.955745
2025-12-18 16:29:35.790420100,162.609,163.609,1,0,163.109,0.133144,0.37519
2025-12-18 16:29:35.807961100,162.615,163.615,1,0,163.115,0.133803,0.564248
2025-12-18 16:29:35.822882500,162.622,163.622,1,0,163.122,0.133686,0.927334
2025-12-18 16:29:35.837727800,162.622,163.622,1,0,163.122,0.133289,0.899903
2025-12-18 16:29:35.856102100,162.59,163.59,1,0,163.09,0.132199,0.875109
2025-12-18 16:29:35.874570700,162.98,163.04,0.06,600,163.059,0.130303,0.237579
2025-12-18 16:29:35.894978100,163.18,163.37,0.19,408,163.027,0.134362,0.325413
2025-12-18 16:29:35.914617800,162.496,163.496,1,0,162.996,0.131793,0.369913
2025-12-18 16:29:35.939221500,162.464,163.464,1,0,162.964,0.131023,0.452549
2025-12-18 16:29:35.954738700,162.433,163.433,1,0,162.933,0.131377,0.788334
2025-12-18 16:29:35.972901500,162.402,163.402,1,0,162.902,0.130594,0.940746
2025-12-18 16:29:35.990829000,162.37,163.37,1,0,162.87,0.130257,0.931187
2025-12-18 16:29:36.008831800,162.339,163.339,1,0,162.839,0.130972,0.335719
2025-12-18 16:29:36.029225000,162.307,163.307,1,0,162.807,0.133265,0.469919
2025-12-18 16:29:36.044622700,162.276,163.276,1,0,162.776,0.135841,0.646518
2025-12-18 16:29:36.058285600,162.245,163.245,1,0,162.745,0.140079,0.62235
2025-12-18 16:29:36.071674300,162.213,163.213,1,0,162.713,0.144372,0.461717
2025-12-18 16:29:36.085745400,162.182,163.182,1,0,162.682,0.149982,0.733638
2025-12-18 16:29:36.099500700,162.15,163.15,1,0,162.65,0.156142,0.783347
2025-12-18 16:29:36.113754500,162.119,163.119,1,0,162.619,0.163496,1.19309
2025-12-18 16:29:36.128527000,162.088,163.088,1,0,162.588,0.171643,0.870428
2025-12-18 16:29:36.139498700,162.056,163.056,1,0,162.556,0.180153,0.546908
2025-12-18 16:29:36.151709400,162.025,163.025,1,0,162.525,0.189577,0.625872
2025-12-18 16:29:36.166470800,161.993,162.993,1,0,162.493,0.198459,0.530441
2025-12-18 16:29:36.179722400,161.962,162.962,1,0,162.462,0.208806,1.05208
2025-12-18 16:29:36.192267400,161.93,162.93,1,0,162.43,0.218164,0.676506
2025-12-18 16:29:36.205023800,161.899,162.899,1,0,162.399,0.229477,0.579929
2025-12-18 16:29:36.217887500,161.868,162.868,1,0,162.368,0.231904,0.599526
2025-12-18 16:29:36.230944400,161.836,162.836,1,0,162.336,0.244076,0.543893
2025-12-18 16:29:36.244991000,161.805,162.805,1,0,162.305,0.255976,0.56932
2025-12-18 16:29:36.258555100,161.773,162.773,1,0,162.273,0.268193,0.541835
2025-12-18 16:29:36.271458400,161.742,162.742,1,0,162.242,0.274106,0.927626
2025-12-18 16:29:36.284914900,161.711,162.711,1,0,162.211,0.287299,0.462952
2025-12-18 16:29:36.298886700,161.679,162.679,1,0,162.179,0.299313,0.423123
2025-12-18 16:29:36.312874100,161.648,162.648,1,0,162.148,0.312734,0.39196
2025-12-18 16:29:36.326640100,161.616,162.616,1,0,162.116,0.324483,1.06555
2025-12-18 16:29:36.338287400,161.585,162.585,1,0,162.085,0.338138,0.819549
2025-12-18 16:29:36.353162500,161.554,162.554,1,0,162.054,0.349509,0.581216
2025-12-18 16:29:36.366706700,161.522,162.522,1,0,162.022,0.360531,0.3652
2025-12-18 16:29:36.380754800,161.491,162.491,1,0,161.991,0.371165,0.322388
2025-12-18 16:29:36.393865700,161.459,162.459,1,0,161.959,0.381367,0.542535
2025-12-18 16:29:36.407678000,161.428,162.428,1,0,161.928,0.391095,0.592296
2025-12-18 16:29:36.421928800,161.396,162.396,1,0,161.896,0.400303,0.580328
2025-12-18 16:29:36.435545300,161.365,162.365,1,0,161.865,0.408944,0.901466
2025-12-18 16:29:36.447247300,161.334,162.334,1,0,161.834,0.416969,0.27563
2025-12-18 16:29:36.462081800,161.302,162.302,1,0,161.802,0.424326,0.75684
2025-12-18 16:29:36.475459800,161.271,162.271,1,0,161.771,0.430959,0.778526
2025-12-18 16:29:36.487729100,161.239,162.239,1,0,161.739,0.443437,0.976786
2025-12-18 16:29:36.501046500,161.208,162.208,1,0,161.708,0.4488,0.523383
2025-12-18 16:29:36.514302900,161.177,162.177,1,0,161.677,0.453263,0.513206
2025-12-18 16:29:36.528843000,161.145,162.145,1,0,161.645,0.456754,0.629371
2025-12-18 16:29:36.541116600,161.114,162.114,1,0,161.614,0.459193,0.922785
2025-12-18 16:29:36.554212700,161.082,162.082,1,0,161.582,0.46049,0.495303
2025-12-18 16:29:36.568391500,161.082,162.082,1,0,161.582,0.459726,0.619853
2025-12-18 16:29:36.582183100,161.082,162.082,1,0,161.582,0.458013,0.70447
2025-12-18 16:29:36.595784700,161.082,162.082,1,0,161.582,0.457059,1.24177
2025-12-18 16:29:36.608178700,161.082,162.082,1,0,161.582,0.443607,0.485883
2025-12-18 16:29:36.620468600,161.67,161.71,0.04,568,161.582,0.436279,0.212018
2025-12-18 16:29:36.634590600,161.081,162.081,1,0,161.581,0.431157,0.772565
2025-12-18 16:29:36.647167500,161.47,161.63,0.16,621,161.581,0.426216,0.255558
2025-12-18 16:29:36.660736600,161.53,161.87,0.34,546,161.581,0.416997,0.262907
2025-12-18 16:29:36.675039400,161.081,162.081,1,0,161.581,0.410055,0.429776
2025-12-18 16:29:36.686028300,161.52,161.64,0.12,636,161.581,0.402576,0.247538
2025-12-18 16:29:36.698588000,161.48,161.52,0.04,567,161.58,0.396643,0.169518
2025-12-18 16:29:36.711151500,161.08,162.08,1,0,161.58,0.388106,0.572888
2025-12-18 16:29:36.725054800,161.19,161.66,0.47,486,161.58,0.383183,0.247916
2025-12-18 16:29:36.737919100,161.08,162.08,1,0,161.58,0.37371,0.751661
2025-12-18 16:29:36.748360100,161.44,161.56,0.12,462,161.58,0.365673,0.197804
2025-12-18 16:29:36.759620100,161.079,162.079,1,0,161.579,0.355443,0.867616
2025-12-18 16:29:36.771864400,161.42,161.46,0.04,557,161.579,0.348115,0.180568
2025-12-18 16:29:36.783753900,161.079,162.079,1,0,161.579,0.337227,0.47149
2025-12-18 16:29:36.797716000,161.56,161.59,0.03,604,161.579,0.326153,0.186853
2025-12-18 16:29:36.810724400,161.61,161.64,0.03,348,161.579,0.314051,0.23333
2025-12-18 16:29:36.822189200,161.078,162.078,1,0,161.578,0.302511,0.6161
2025-12-18 16:29:36.833789600,161.46,161.75,0.29,423,161.578,0.290386,0.309549
2025-12-18 16:29:36.846096300,161.078,162.078,1,0,161.578,0.278542,0.503821
2025-12-18 16:29:36.858844500,161.34,161.56,0.22,649,161.578,0.269119,0.237497
2025-12-18 16:29:36.872417700,161.078,162.078,1,0,161.578,0.257021,0.704899
2025-12-18 16:29:36.883313000,161.51,161.72,0.21,462,161.577,0.24439,0.301526
2025-12-18 16:29:36.897083700,161.077,162.077,1,0,161.577,0.232213,1.06466
2025-12-18 16:29:36.910984800,161.56,161.95,0.39,347,161.577,0.219114,0.389764
2025-12-18 16:29:36.922012700,161.077,162.077,1,0,161.577,0.207123,0.728244
2025-12-18 16:29:36.932788000,161.41,161.51,0.1,389,161.577,0.197312,0.211913
2025-12-18 16:29:36.946287500,161.076,162.076,1,0,161.576,0.185459,0.789339
2025-12-18 16:29:36.959347400,161.35,161.48,0.13,426,161.576,0.176955,0.274718
2025-12-18 16:29:36.974191600,161.076,162.076,1,0,161.576,0.165425,0.492157
2025-12-18 16:29:36.993639200,161.56,161.72,0.16,551,161.576,0.153782,0.25917
2025-12-18 16:29:37.011091800,161.076,162.076,1,0,161.576,0.142816,0.57342
2025-12-18 16:29:37.024467300,161.61,161.74,0.13,480,161.575,0.132089,0.25392
2025-12-18 16:29:37.037672300,161.075,162.075,1,0,161.575,0.12199,0.527075
2025-12-18 16:29:37.049161100,161.62,161.87,0.25,623,161.575,0.113625,0.318489
2025-12-18 16:29:37.063834000,161.075,162.075,1,0,161.575,0.104917,0.470069
2025-12-18 16:29:37.077190800,161.25,161.56,0.31,621,161.575,0.100846,0.314732
2025-12-18 16:29:37.091405600,161.074,162.074,1,0,161.574,0.0937097,0.473911
2025-12-18 16:29:37.104402900,161.27,161.33,0.06,508,161.574,0.0965417,0.100602
2025-12-18 16:29:37.118437800,161.074,162.074,1,0,161.574,0.0915085,1.28794
2025-12-18 16:29:37.130042800,161.48,161.51,0.03,528,161.574,0.0882236,0.126839
2025-12-18 16:29:37.142300400,161.074,162.074,1,0,161.574,0.0851039,0.931551
2025-12-18 16:29:37.156108000,161.32,161.35,0.03,561,161.573,0.0892205,0.109399
2025-12-18 16:29:37.169256400,161.073,162.073,1,0,161.573,0.087817,0.654209
2025-12-18 16:29:37.181990700,161.073,162.073,1,0,161.573,0.087057,0.385539
2025-12-18 16:29:37.196527800,161.073,162.073,1,0,161.573,0.0867612,0.737575
2025-12-18 16:29:37.210955600,161.073,162.073,1,0,161.573,0.0867249,0.667076
2025-12-18 16:29:37.225101600,161.073,162.073,1,0,161.573,0.086688,0.485256
2025-12-18 16:29:37.238653500,161.166,162.166,1,0,161.666,0.0878843,0.555242
2025-12-18 16:29:37.251009600,161.26,162.26,1,0,161.76,0.0920839,0.640454
2025-12-18 16:29:37.264447700,161.353,162.353,1,0,161.853,0.100463,0.86661
2025-12-18 16:29:37.277613500,161.447,162.447,1,0,161.947,0.112262,0.685001
2025-12-18 16:29:37.291171200,161.541,162.541,1,0,162.041,0.129687,0.501417
2025-12-18 16:29:37.302635400,161.634,162.634,1,0,162.134,0.15055,0.894232
2025-12-18 16:29:37.315204300,161.728,162.728,1,0,162.228,0.174028,0.705942
2025-12-18 16:29:37.328120400,161.822,162.822,1,0,162.322,0.200557,0.559154
2025-12-18 16:29:37.340792400,161.915,162.915,1,0,162.415,0.229023,0.966181
2025-12-18 16:29:37.353151800,162.009,163.009,1,0,162.509,0.258366,0.695799
2025-12-18 16:29:37.366867600,162.102,163.102,1,0,162.602,0.289773,1.11697
2025-12-18 16:29:37.379248800,162.196,163.196,1,0,162.696,0.32038,1.00832
2025-12-18 16:29:37.392035300,162.29,163.29,1,0,162.79,0.353878,0.655075
2025-12-18 16:29:37.401620200,162.383,163.383,1,0,162.883,0.387301,0.724577
2025-12-18 16:29:37.414180200,162.477,163.477,1,0,162.977,0.422268,0.403823
2025-12-18 16:29:37.426967300,162.571,163.571,1,0,163.071,0.455929,0.752336
2025-12-18 16:29:37.439860500,162.664,163.664,1,0,163.164,0.49188,0.355058
2025-12-18 16:29:37.450768200,162.758,163.758,1,0,163.258,0.528144,0.538419
2025-12-18 16:29:37.461872800,162.851,163.851,1,0,163.351,0.565235,0.544105
2025-12-18 16:29:37.473909700,162.945,163.945,1,0,163.445,0.602006,0.399414
2025-12-18 16:29:37.485383700,163.039,164.039,1,0,163.539,0.639206,0.762771
2025-12-18 16:29:37.497285400,163.132,164.132,1,0,163.632,0.676089,0.39653
2025-12-18 16:29:37.510313000,163.226,164.226,1,0,163.726,0.71087,0.840233
2025-12-18 16:29:37.528510500,163.32,164.32,1,0,163.82,0.747478,0.947547
2025-12-18 16:29:37.548170900,163.413,164.413,1,0,163.913,0.78441,0.650302
2025-12-18 16:29:37.566753600,163.507,164.507,1,0,164.007,0.820504,0.843005
2025-12-18 16:29:37.581723800,163.601,164.601,1,0,164.101,0.858721,0.577641
2025-12-18 16:29:37.606355000,163.694,164.694,1,0,164.194,0.894086,0.771836
2025-12-18 16:29:37.630849400,163.788,164.788,1,0,164.288,0.926766,0.628422
2025-12-18 16:29:37.644964900,163.881,164.881,1,0,164.381,0.960927,0.30892
2025-12-18 16:29:37.659387900,163.975,164.975,1,0,164.475,0.991163,0.886864
2025-12-18 16:29:37.673244700,164.069,165.069,1,0,164.569,1.02378,1.26273
2025-12-18 16:29:37.686083200,164.162,165.162,1,0,164.662,1.05676,0.314267
2025-12-18 16:29:37.698624700,164.256,165.256,1,0,164.756,1.08763,0.603898
2025-12-18 16:29:37.710512800,164.35,165.35,1,0,164.85,1.11946,0.531839
2025-12-18 16:29:37.723604900,164.443,165.443,1,0,164.943,1.14825,0.988341
2025-12-18 16:29:37.734750200,164.537,165.537,1,0,165.037,1.17935,0.466558
2025-12-18 16:29:37.747437200,164.63,165.63,1,0,165.13,1.20577,0.507175
2025-12-18 16:29:37.757275700,164.724,165.724,1,0,165.224,1.22658,0.59047
2025-12-18 16:29:37.768196600,164.818,165.818,1,0,165.318,1.24998,0.495128
2025-12-18 16:29:37.779271400,164.911,165.911,1,0,165.411,1.26425,1.03086
2025-12-18 16:29:37.791512600,165.005,166.005,1,0,165.505,1.28409,0.660214
2025-12-18 16:29:37.804657800,165.099,166.099,1,0,165.599,1.29988,0.510229
2025-12-18 16:29:37.819493600,165.192,166.192,1,0,165.692,1.31578,0.458708
2025-12-18 16:29:37.831512200,165.286,166.286,1,0,165.786,1.32214,0.304924
2025-12-18 16:29:37.843414900,165.379,166.379,1,0,165.879,1.33333,0.49737
2025-12-18 16:29:37.856257300,165.473,166.473,1,0,165.973,1.34203,0.619054
2025-12-18 16:29:37.867944900,165.567,166.567,1,0,166.067,1.34804,0.591024
2025-12-18 16:29:37.879408600,165.66,166.66,1,0,166.16,1.35116,0.699496
2025-12-18 16:29:37.892581800,165.66,166.66,1,0,166.16,1.34804,0.641863
2025-12-18 16:29:37.902099200,165.686,166.686,1,0,166.186,1.34285,0.812722
2025-12-18 16:29:37.914245700,165.712,166.712,1,0,166.212,1.3357,0.755403
2025-12-18 16:29:37.927288300,165.737,166.737,1,0,166.237,1.32673,0.499881
2025-12-18 16:29:37.938890900,165.763,166.763,1,0,166.263,1.31604,0.461526
2025-12-18 16:29:37.951855800,165.788,166.788,1,0,166.288,1.30374,0.687778
2025-12-18 16:29:37.965060400,165.814,166.814,1,0,166.314,1.28993,0.706693
2025-12-18 16:29:37.977497800,165.839,166.839,1,0,166.339,1.27469,0.76928
2025-12-18 16:29:37.990780500,165.865,166.865,1,0,166.365,1.25812,0.373439
2025-12-18 16:29:38.003997400,165.891,166.891,1,0,166.391,1.24029,0.450144
2025-12-18 16:29:38.016147400,165.916,166.916,1,0,166.416,1.22128,0.758881
2025-12-18 16:29:38.029095500,165.942,166.942,1,0,166.442,1.20117,0.95682
2025-12-18 16:29:38.041443000,165.967,166.967,1,0,166.467,1.18002,0.618686
2025-12-18 16:29:38.055908000,165.993,166.993,1,0,166.493,1.15792,0.735985
2025-12-18 16:29:38.068410600,166.018,167.018,1,0,166.518,1.13492,0.866849
2025-12-18 16:29:38.080886500,166.044,167.044,1,0,166.544,1.11109,0.332664
2025-12-18 16:29:38.093201300,166.07,167.07,1,0,166.57,1.0865,0.937024
2025-12-18 16:29:38.105989100,166.095,167.095,1,0,166.595,1.0612,0.563975
2025-12-18 16:29:38.118459600,166.121,167.121,1,0,166.621,1.03527,0.437548
2025-12-18 16:29:38.131588400,166.146,167.146,1,0,166.646,1.00876,0.53776
2025-12-18 16:29:38.142102500,166.172,167.172,1,0,166.672,0.981735,0.535913
2025-12-18 16:29:38.155043100,166.197,167.197,1,0,166.697,0.954258,0.707984
2025-12-18 16:29:38.167324700,166.223,167.223,1,0,166.723,0.926392,0.27717
2025-12-18 16:29:38.181341800,166.249,167.249,1,0,166.749,0.8982,0.42377
2025-12-18 16:29:38.192613900,166.274,167.274,1,0,166.774,0.86975,0.478913
2025-12-18 16:29:38.203638000,166.3,167.3,1,0,166.8,0.841107,0.51829
2025-12-18 16:29:38.214780200,166.325,167.325,1,0,166.825,0.812343,0.34497
2025-12-18 16:29:38.228609600,166.351,167.351,1,0,166.851,0.783531,0.813648
2025-12-18 16:29:38.241621100,166.376,167.376,1,0,166.876,0.754748,1.13294
2025-12-18 16:29:38.253673700,166.402,167.402,1,0,166.902,0.726075,0.414537
2025-12-18 16:29:38.264511000,166.428,167.428,1,0,166.928,0.6976,0.35611
2025-12-18 16:29:38.273788400,166.453,167.453,1,0,166.953,0.669416,0.49701
2025-12-18 16:29:38.286310200,166.479,167.479,1,0,166.979,0.641624,0.310733
2025-12-18 16:29:38.299156600,166.504,167.504,1,0,167.004,0.614333,0.761058
2025-12-18 16:29:38.313100200,166.53,167.53,1,0,167.03,0.587663,0.347403
2025-12-18 16:29:38.324908000,166.555,167.555,1,0,167.055,0.561744,0.543428
2025-12-18 16:29:38.337792800,166.581,167.581,1,0,167.081,0.536718,0.621587
2025-12-18 16:29:38.352080800,166.607,167.607,1,0,167.107,0.51274,0.652569
2025-12-18 16:29:38.365262600,166.632,167.632,1,0,167.132,0.489978,0.779705
2025-12-18 16:29:38.377776000,166.658,167.658,1,0,167.158,0.468611,0.683206
2025-12-18 16:29:38.390715400,166.683,167.683,1,0,167.183,0.448829,0.659525
2025-12-18 16:29:38.401784900,166.709,167.709,1,0,167.209,0.430828,0.743569
2025-12-18 16:29:38.414783700,166.734,167.734,1,0,167.234,0.414802,0.809208
2025-12-18 16:29:38.426575500,166.76,167.76,1,0,167.26,0.400935,0.363852
2025-12-18 16:29:38.440202800,166.786,167.786,1,0,167.286,0.389391,0.539801
2025-12-18 16:29:38.452311100,166.811,167.811,1,0,167.311,0.380296,0.420754
2025-12-18 16:29:38.466083400,166.837,167.837,1,0,167.337,0.373728,1.23329
2025-12-18 16:29:38.479376000,166.862,167.862,1,0,167.362,0.369704,0.902831
2025-12-18 16:29:38.490816600,166.888,167.888,1,0,167.388,0.368177,1.01588
2025-12-18 16:29:38.502020100,166.913,167.913,1,0,167.413,0.369029,0.445859
2025-12-18 16:29:38.513950200,166.913,167.913,1,0,167.413,0.368177,0.686634
2025-12-18 16:29:38.523415600,166.912,167.912,1,0,167.412,0.366479,0.31842
2025-12-18 16:29:38.535784800,166.91,167.91,1,0,167.41,0.363999,0.870938
2025-12-18 16:29:38.548263600,166.908,167.908,1,0,167.408,0.360794,0.414143
2025-12-18 16:29:38.559152700,167.23,167.41,0.18,545,167.406,0.3547,0.272639
2025-12-18 16:29:38.572058100,166.904,167.904,1,0,167.404,0.350275,1.11307
2025-12-18 16:29:38.583392500,167.49,167.51,0.02,666,167.403,0.348082,0.229505
2025-12-18 16:29:38.596756800,166.901,167.901,1,0,167.401,0.34245,0.371199
2025-12-18 16:29:38.611404200,167.08,167.16,0.08,549,167.399,0.331819,0.164007
2025-12-18 16:29:38.622351500,166.897,167.897,1,0,167.397,0.325471,0.618457
2025-12-18 16:29:38.634320400,167.28,167.64,0.36,742,167.395,0.320305,0.266255
2025-12-18 16:29:38.646007000,166.893,167.893,1,0,167.393,0.313072,0.39706
2025-12-18 16:29:38.658937400,167.15,167.23,0.08,1041,167.392,0.302456,0.100256
2025-12-18 16:29:38.668856900,166.89,167.89,1,0,167.39,0.294674,0.832683
2025-12-18 16:29:38.680065300,167.32,167.44,0.12,947,167.388,0.286416,0.179223
2025-12-18 16:29:38.691731900,167.15,167.34,0.19,998,167.386,0.275966,0.23947
2025-12-18 16:29:38.703316500,166.884,167.884,1,0,167.384,0.267434,0.266234
2025-12-18 16:29:38.716508400,167.18,167.33,0.15,555,167.383,0.256917,0.376625
2025-12-18 16:29:38.730479700,166.881,167.881,1,0,167.381,0.24804,0.870792
2025-12-18 16:29:38.740763600,167.2,167.27,0.07,592,167.379,0.237316,0.18702
2025-12-18 16:29:38.753500300,166.877,167.877,1,0,167.377,0.228219,0.393798
2025-12-18 16:29:38.765922500,166.875,167.875,1,0,167.375,0.218999,0.822537
2025-12-18 16:29:38.777232300,166.874,167.874,1,0,167.374,0.209683,0.873448
2025-12-18 16:29:38.788467800,166.872,167.872,1,0,167.372,0.2003,0.655178
2025-12-18 16:29:38.801034900,167.4,167.45,0.05,637,167.37,0.191826,0.222224
2025-12-18 16:29:38.813256700,166.868,167.868,1,0,167.368,0.182378,1.04704
2025-12-18 16:29:38.829357300,167.47,167.61,0.14,686,167.366,0.17684,0.224055
2025-12-18 16:29:38.841591700,166.864,167.864,1,0,167.364,0.16748,0.500132
2025-12-18 16:29:38.853757200,167.41,167.5,0.09,821,167.363,0.159719,0.227788
2025-12-18 16:29:38.867009700,166.861,167.861,1,0,167.361,0.150587,0.537325
2025-12-18 16:29:38.879543600,167.47,167.48,0.01,425,167.359,0.143545,0.183905
2025-12-18 16:29:38.890380900,166.857,167.857,1,0,167.357,0.134823,0.661057
2025-12-18 16:29:38.902813200,166.855,167.855,1,0,167.355,0.126393,0.663777
2025-12-18 16:29:38.917167700,166.854,167.854,1,0,167.354,0.118312,0.795393
2025-12-18 16:29:38.928331700,166.852,167.852,1,0,167.352,0.110642,0.570656
2025-12-18 16:29:38.941923400,167.18,167.3,0.12,364,167.35,0.104304,0.79657
2025-12-18 16:29:38.954093700,166.848,167.848,1,0,167.348,0.0978447,0.347319
2025-12-18 16:29:38.967339000,167.07,167.21,0.14,520,167.346,0.0963535,0.179576
2025-12-18 16:29:38.978537000,166.845,167.845,1,0,167.345,0.0916591,0.591187
2025-12-18 16:29:39.040772700,167.23,167.43,0.2,1628,167.343,0.0877323,0.258876
2025-12-18 16:29:39.053136300,167.23,167.69,0.46,421,167.341,0.0858889,0.53332
2025-12-18 16:29:39.067250400,166.839,167.839,1,0,167.339,0.0834068,0.971908
2025-12-18 16:29:39.081147800,167.03,167.25,0.22,860,167.337,0.0871224,0.272061
2025-12-18 16:29:39.095447600,166.835,167.835,1,0,167.335,0.0861279,1.251
2025-12-18 16:29:39.109329500,167.28,167.3,0.02,365,167.334,0.086058,0.183597
2025-12-18 16:29:39.122893800,167.44,167.61,0.17,456,167.332,0.0890044,0.2865
2025-12-18 16:29:39.136684600,166.83,167.83,1,0,167.33,0.0890439,0.728515
2025-12-18 16:29:39.151076800,167.13,167.51,0.38,597,167.328,0.0892167,0.260921
2025-12-18 16:29:39.166499600,167.46,167.51,0.05,422,167.326,0.090868,0.384963
2025-12-18 16:29:39.180192500,166.825,167.825,1,0,167.325,0.0906913,0.564416
2025-12-18 16:29:39.194081100,167.38,167.48,0.1,564,167.325,0.0909193,0.263413
2025-12-18 16:29:39.207591900,166.803,167.803,1,0,167.303,0.0909385,0.379689
2025-12-18 16:29:39.219604700,167.32,167.56,0.24,696,167.282,0.0913846,0.490202
2025-12-18 16:29:39.234055800,166.761,167.761,1,0,167.261,0.0920829,1.48112
2025-12-18 16:29:39.246443900,166.74,167.74,1,0,167.24,0.093361,0.452725
2025-12-18 16:29:39.260500700,166.719,167.719,1,0,167.219,0.0949309,0.541283
2025-12-18 16:29:39.273325200,166.698,167.698,1,0,167.198,0.0947858,0.953065
2025-12-18 16:29:39.285303200,166.677,167.677,1,0,167.177,0.0972443,0.901361
2025-12-18 16:29:39.299253700,166.655,167.655,1,0,167.155,0.095761,0.47449
2025-12-18 16:29:39.313084900,166.634,167.634,1,0,167.134,0.0996055,0.621989
2025-12-18 16:29:39.324287900,166.613,167.613,1,0,167.113,0.102657,1.40765
2025-12-18 16:29:39.337052800,166.592,167.592,1,0,167.092,0.107355,0.717446
2025-12-18 16:29:39.350471500,166.571,167.571,1,0,167.071,0.111489,0.615073
2025-12-18 16:29:39.363244400,166.55,167.55,1,0,167.05,0.117199,0.529449
2025-12-18 16:29:39.375811400,166.529,167.529,1,0,167.029,0.123311,0.521187
2025-12-18 16:29:39.387296100,166.507,167.507,1,0,167.007,0.129942,0.435537
2025-12-18 16:29:39.398748500,166.486,167.486,1,0,166.986,0.136589,0.792806
2025-12-18 16:29:39.411808800,166.465,167.465,1,0,166.965,0.144011,0.35629
2025-12-18 16:29:39.424771100,166.444,167.444,1,0,166.944,0.151119,0.561163
2025-12-18 16:29:39.436976900,166.423,167.423,1,0,166.923,0.15901,0.290559
2025-12-18 16:29:39.448753600,166.402,167.402,1,0,166.902,0.166469,0.901352
2025-12-18 16:29:39.459292600,166.381,167.381,1,0,166.881,0.173992,0.405506
2025-12-18 16:29:39.471029100,166.359,167.359,1,0,166.859,0.181559,0.930288
2025-12-18 16:29:39.483087900,166.338,167.338,1,0,166.838,0.189146,0.467529
2025-12-18 16:29:39.494957800,166.317,167.317,1,0,166.817,0.195738,0.650614
2025-12-18 16:29:39.507082400,166.296,167.296,1,0,166.796,0.203283,0.689616
2025-12-18 16:29:39.520196700,166.275,167.275,1,0,166.775,0.206482,0.814879
2025-12-18 16:29:39.534984000,166.254,167.254,1,0,166.754,0.213886,0.778389
2025-12-18 16:29:39.548334200,166.233,167.233,1,0,166.733,0.219182,0.337512
2025-12-18 16:29:39.561163600,166.212,167.212,1,0,166.712,0.226371,0.814033
2025-12-18 16:29:39.573588900,166.19,167.19,1,0,166.69,0.230661,0.997097
2025-12-18 16:29:39.585650500,166.169,167.169,1,0,166.669,0.23755,0.665059
2025-12-18 16:29:39.599741200,166.148,167.148,1,0,166.648,0.244286,0.663147
2025-12-18 16:29:39.610537600,166.127,167.127,1,0,166.627,0.250853,0.825847
2025-12-18 16:29:39.621625700,166.106,167.106,1,0,166.606,0.257231,0.966181
2025-12-18 16:29:39.634253400,166.085,167.085,1,0,166.585,0.265311,0.57433
2025-12-18 16:29:39.646419000,166.064,167.064,1,0,166.564,0.271344,0.649456
2025-12-18 16:29:39.707746900,166.042,167.042,1,0,166.542,0.280185,1.19308
2025-12-18 16:29:39.721948800,166.021,167.021,1,0,166.521,0.285891,0.628123
2025-12-18 16:29:39.735267100,166,167,1,0,166.5,0.291604,0.669944
2025-12-18 16:29:39.749596800,165.979,166.979,1,0,166.479,0.293405,0.694922
2025-12-18 16:29:39.762154400,165.958,166.958,1,0,166.458,0.298127,0.58306
2025-12-18 16:29:39.773398300,165.937,166.937,1,0,166.437,0.306204,0.416743
2025-12-18 16:29:39.787598600,165.916,166.916,1,0,166.416,0.310389,0.463271
2025-12-18 16:29:39.801522200,165.894,166.894,1,0,166.394,0.315271,0.58965
2025-12-18 16:29:39.816928700,165.873,166.873,1,0,166.373,0.312177,0.812264
2025-12-18 16:29:39.830367400,165.852,166.852,1,0,166.352,0.31496,0.729861
2025-12-18 16:29:39.843120900,165.831,166.831,1,0,166.331,0.317496,0.610043
2025-12-18 16:29:39.855432900,165.81,166.81,1,0,166.31,0.313546,1.00448
2025-12-18 16:29:39.869761800,165.789,166.789,1,0,166.289,0.314576,0.805463
2025-12-18 16:29:39.885066000,165.789,166.789,1,0,166.289,0.310277,0.302112
2025-12-18 16:29:39.898406700,165.767,166.767,1,0,166.267,0.30985,1.4324
2025-12-18 16:29:39.910213600,165.745,166.745,1,0,166.245,0.303142,0.740237
2025-12-18 16:29:39.924565600,165.723,166.723,1,0,166.223,0.302597,0.348763
2025-12-18 16:29:39.937633000,165.701,166.701,1,0,166.201,0.302103,0.492582
2025-12-18 16:29:39.950380400,165.679,166.679,1,0,166.179,0.30166,0.805209
2025-12-18 16:29:39.963110600,165.657,166.657,1,0,166.157,0.301267,0.324498
2025-12-18 16:29:39.976126100,165.635,166.635,1,0,166.135,0.300922,1.07825
2025-12-18 16:29:39.990765400,165.613,166.613,1,0,166.113,0.300627,0.791799
2025-12-18 16:29:40.004789600,165.591,166.591,1,0,166.091,0.300378,0.616438
2025-12-18 16:29:40.018062300,165.569,166.569,1,0,166.069,0.300176,0.633116
2025-12-18 16:29:40.031947700,165.547,166.547,1,0,166.047,0.300019,0.610142
2025-12-18 16:29:40.046129800,165.525,166.525,1,0,166.025,0.299907,0.887097
2025-12-18 16:29:40.057930000,165.503,166.503,1,0,166.003,0.299838,0.665221
2025-12-18 16:29:40.070879600,165.481,166.481,1,0,165.981,0.299812,0.357528
2025-12-18 16:29:40.085218500,165.459,166.459,1,0,165.959,0.299827,0.872301
2025-12-18 16:29:40.099953400,165.438,166.438,1,0,165.938,0.299882,0.332201
2025-12-18 16:29:40.113005800,165.416,166.416,1,0,165.916,0.299976,0.561221
2025-12-18 16:29:40.126896900,165.394,166.394,1,0,165.894,0.300109,0.33823
2025-12-18 16:29:40.141195400,165.372,166.372,1,0,165.872,0.300278,0.445381
2025-12-18 16:29:40.154246200,165.35,166.35,1,0,165.85,0.300484,0.734756
2025-12-18 16:29:40.168614500,165.328,166.328,1,0,165.828,0.300724,0.290952
2025-12-18 16:29:40.181368800,165.306,166.306,1,0,165.806,0.300998,0.363432
2025-12-18 16:29:40.193188400,165.284,166.284,1,0,165.784,0.301304,0.562212
2025-12-18 16:29:40.205696400,165.262,166.262,1,0,165.762,0.301641,0.51376
2025-12-18 16:29:40.219339300,165.24,166.24,1,0,165.74,0.302008,0.366243
2025-12-18 16:29:40.232741200,165.218,166.218,1,0,165.718,0.302404,0.509738
2025-12-18 16:29:40.244610500,165.196,166.196,1,0,165.696,0.302828,0.530674
2025-12-18 16:29:40.258874700,165.174,166.174,1,0,165.674,0.303278,0.256021
2025-12-18 16:29:40.271964800,165.152,166.152,1,0,165.652,0.303754,0.586534
2025-12-18 16:29:40.285937200,165.13,166.13,1,0,165.63,0.304253,1.37971
2025-12-18 16:29:40.300434200,165.108,166.108,1,0,165.608,0.304775,0.408705
2025-12-18 16:29:40.315003400,165.086,166.086,1,0,165.586,0.305319,0.588999
2025-12-18 16:29:40.327743500,165.064,166.064,1,0,165.564,0.305884,0.645524
2025-12-18 16:29:40.341132700,165.042,166.042,1,0,165.542,0.306467,0.440734
2025-12-18 16:29:40.354192300,165.02,166.02,1,0,165.52,0.307069,0.48574
2025-12-18 16:29:40.368009400,164.999,165.999,1,0,165.499,0.307687,0.469032
2025-12-18 16:29:40.381248600,164.977,165.977,1,0,165.477,0.308321,0.439606
2025-12-18 16:29:40.391868900,164.955,165.955,1,0,165.455,0.30897,0.860809
2025-12-18 16:29:40.405062800,164.933,165.933,1,0,165.433,0.309632,0.684007
2025-12-18 16:29:40.418641800,164.911,165.911,1,0,165.411,0.310305,0.483786
2025-12-18 16:29:40.430235900,164.889,165.889,1,0,165.389,0.31099,0.566657
2025-12-18 16:29:40.444868300,164.867,165.867,1,0,165.367,0.311685,0.695892
2025-12-18 16:29:40.457383200,164.845,165.845,1,0,165.345,0.312388,0.623365
2025-12-18 16:29:40.470239500,164.823,165.823,1,0,165.323,0.313099,0.545282
2025-12-18 16:29:40.484866900,164.801,165.801,1,0,165.301,0.313816,0.495562
2025-12-18 16:29:40.498836100,164.779,165.779,1,0,165.279,0.314538,0.34607
2025-12-18 16:29:40.519024500,164.757,165.757,1,0,165.257,0.315265,0.600294
2025-12-18 16:29:40.531681600,164.735,165.735,1,0,165.235,0.315994,0.605934
2025-12-18 16:29:40.543694000,164.713,165.713,1,0,165.213,0.316725,1.00762
2025-12-18 16:29:40.556519600,164.713,165.713,1,0,165.213,0.315994,0.60718
2025-12-18 16:29:40.570609800,164.68,165.68,1,0,165.18,0.315671,0.312556
2025-12-18 16:29:40.585438200,164.646,165.646,1,0,165.146,0.31575,0.461689
2025-12-18 16:29:40.598025200,164.613,165.613,1,0,165.113,0.316224,0.624019
2025-12-18 16:29:40.612188100,164.58,165.58,1,0,165.08,0.317083,0.841371
2025-12-18 16:29:40.624031700,164.546,165.546,1,0,165.046,0.318314,0.736861
2025-12-18 16:29:40.636787400,164.513,165.513,1,0,165.013,0.319905,0.327875
2025-12-18 16:29:40.651541700,164.479,165.479,1,0,164.979,0.32184,0.375726
2025-12-18 16:29:40.666293200,164.446,165.446,1,0,164.946,0.324104,0.603068
2025-12-18 16:29:40.679401300,164.412,165.412,1,0,164.912,0.32668,0.53495
2025-12-18 16:29:40.691935500,164.379,165.379,1,0,164.879,0.329549,0.467023
2025-12-18 16:29:40.703967900,164.346,165.346,1,0,164.846,0.332693,0.60107
2025-12-18 16:29:40.716890700,164.312,165.312,1,0,164.812,0.336092,0.485351
2025-12-18 16:29:40.729782400,164.279,165.279,1,0,164.779,0.339728,0.650204
2025-12-18 16:29:40.744274000,164.245,165.245,1,0,164.745,0.34358,0.425084
2025-12-18 16:29:40.758657400,164.212,165.212,1,0,164.712,0.34763,0.979739
2025-12-18 16:29:40.769459500,164.178,165.178,1,0,164.678,0.351857,0.784784
2025-12-18 16:29:40.783560400,164.145,165.145,1,0,164.645,0.356242,0.626972
2025-12-18 16:29:40.796771800,164.112,165.112,1,0,164.612,0.360766,0.742673
2025-12-18 16:29:40.810652000,164.078,165.078,1,0,164.578,0.365411,0.731049
2025-12-18 16:29:40.825228900,164.045,165.045,1,0,164.545,0.370158,0.391823
2025-12-18 16:29:40.836397100,164.011,165.011,1,0,164.511,0.374989,0.80541
2025-12-18 16:29:40.847951400,163.978,164.978,1,0,164.478,0.379887,0.544104
2025-12-18 16:29:40.862227000,163.944,164.944,1,0,164.444,0.384835,0.695701
2025-12-18 16:29:40.873190400,163.911,164.911,1,0,164.411,0.389815,0.324288
2025-12-18 16:29:40.885678400,163.878,164.878,1,0,164.378,0.394813,0.94621
2025-12-18 16:29:40.894071100,163.844,164.844,1,0,164.344,0.399812,0.651803
2025-12-18 16:29:40.907825400,163.811,164.811,1,0,164.311,0.404796,0.781313
2025-12-18 16:29:40.920153200,163.777,164.777,1,0,164.277,0.409751,0.369193
2025-12-18 16:29:40.932401400,163.744,164.744,1,0,164.244,0.414662,0.50556
2025-12-18 16:29:40.944227700,163.71,164.71,1,0,164.21,0.419515,0.581792
2025-12-18 16:29:40.959014500,163.677,164.677,1,0,164.177,0.424295,0.428453
2025-12-18 16:29:40.971541400,163.644,164.644,1,0,164.144,0.428989,0.648809
2025-12-18 16:29:40.986305200,163.61,164.61,1,0,164.11,0.433583,0.396778
2025-12-18 16:29:40.998618900,163.577,164.577,1,0,164.077,0.438063,0.742601
2025-12-18 16:29:41.011631600,163.543,164.543,1,0,164.043,0.442416,0.822815
2025-12-18 16:29:41.026245600,163.51,164.51,1,0,164.01,0.446629,0.807906
2025-12-18 16:29:41.037985900,163.476,164.476,1,0,163.976,0.450688,0.75331
2025-12-18 16:29:41.052336900,163.443,164.443,1,0,163.943,0.454579,1.70788
2025-12-18 16:29:41.065540500,163.41,164.41,1,0,163.91,0.45829,0.878619
2025-12-18 16:29:41.078323400,163.376,164.376,1,0,163.876,0.461807,0.58586
2025-12-18 16:29:41.090125500,163.343,164.343,1,0,163.843,0.465116,0.502623
2025-12-18 16:29:41.102893300,163.309,164.309,1,0,163.809,0.468203,0.750222
2025-12-18 16:29:41.116980800,163.276,164.276,1,0,163.776,0.471054,2.11575
2025-12-18 16:29:41.128909400,163.243,164.243,1,0,163.743,0.473654,0.725172
2025-12-18 16:29:41.139838400,163.209,164.209,1,0,163.709,0.475989,0.344036
2025-12-18 16:29:41.153125500,163.176,164.176,1,0,163.676,0.478043,0.879283
2025-12-18 16:29:41.163088400,163.142,164.142,1,0,163.642,0.479801,0.424828
2025-12-18 16:29:41.174016700,163.109,164.109,1,0,163.609,0.481245,0.800481
2025-12-18 16:29:41.186979600,163.075,164.075,1,0,163.575,0.482359,0.556032
2025-12-18 16:29:41.199250100,163.075,164.075,1,0,163.575,0.481245,0.79385
2025-12-18 16:29:41.212173300,163.232,164.232,1,0,163.732,0.474651,0.820675
2025-12-18 16:29:41.223580200,163.59,163.7,0.11,579,163.889,0.469683,0.180529
2025-12-18 16:29:41.238459200,163.545,164.545,1,0,164.045,0.456437,0.322635
2025-12-18 16:29:41.252406100,163.702,164.702,1,0,164.202,0.442048,0.456431
2025-12-18 16:29:41.265860400,163.859,164.859,1,0,164.359,0.427964,0.508045
2025-12-18 16:29:41.278344100,164.015,165.015,1,0,164.515,0.415725,0.970985
2025-12-18 16:29:41.291255700,164.172,165.172,1,0,164.672,0.406929,0.440444
2025-12-18 16:29:41.305214000,164.329,165.329,1,0,164.829,0.403141,0.545556
2025-12-18 16:29:41.318993000,164.485,165.485,1,0,164.985,0.405723,0.506027
2025-12-18 16:29:41.332030600,164.642,165.642,1,0,165.142,0.415646,0.390576
2025-12-18 16:29:41.345793900,164.799,165.799,1,0,165.299,0.433348,0.799881
2025-12-18 16:29:41.357953900,164.955,165.955,1,0,165.455,0.458724,0.450578
2025-12-18 16:29:41.370970900,165.112,166.112,1,0,165.612,0.491241,0.811744
2025-12-18 16:29:41.384378100,165.269,166.269,1,0,165.769,0.53011,0.748447
2025-12-18 16:29:41.397677500,165.425,166.425,1,0,165.925,0.574452,0.418824
2025-12-18 16:29:41.411721700,165.582,166.582,1,0,166.082,0.623407,0.378879
2025-12-18 16:29:41.424043000,165.739,166.739,1,0,166.239,0.676192,0.887946
2025-12-18 16:29:41.438104200,165.895,166.895,1,0,166.395,0.732124,0.505021
2025-12-18 16:29:41.453433300,166.052,167.052,1,0,166.552,0.790612,0.377221
2025-12-18 16:29:41.467218700,166.208,167.208,1,0,166.708,0.851151,1.45823
2025-12-18 16:29:41.480387300,166.365,167.365,1,0,166.865,0.913307,0.560363
2025-12-18 16:29:41.494901000,166.522,167.522,1,0,167.022,0.976699,0.551767
2025-12-18 16:29:41.507152000,166.678,167.678,1,0,167.178,1.041,0.70007
2025-12-18 16:29:41.520695700,166.835,167.835,1,0,167.335,1.1059,1.09789
2025-12-18 16:29:41.533135700,166.992,167.992,1,0,167.492,1.17114,0.523046
2025-12-18 16:29:41.545861900,167.148,168.148,1,0,167.648,1.23646,0.724609
2025-12-18 16:29:41.557961400,167.305,168.305,1,0,167.805,1.30164,0.708664
2025-12-18 16:29:41.571631200,167.462,168.462,1,0,167.962,1.36646,0.402596
2025-12-18 16:29:41.585347000,167.618,168.618,1,0,168.118,1.4307,0.408183
2025-12-18 16:29:41.597288500,167.775,168.775,1,0,168.275,1.49416,0.728736
2025-12-18 16:29:41.611036000,167.932,168.932,1,0,168.432,1.55665,0.505467
2025-12-18 16:29:41.623505200,168.088,169.088,1,0,168.588,1.61795,0.613884
2025-12-18 16:29:41.636123000,168.245,169.245,1,0,168.745,1.67789,0.613674
2025-12-18 16:29:41.649742300,168.402,169.402,1,0,168.902,1.73626,0.743842
2025-12-18 16:29:41.663762200,168.558,169.558,1,0,169.058,1.79286,1.05001
2025-12-18 16:29:41.677323400,168.715,169.715,1,0,169.215,1.84749,0.379129
2025-12-18 16:29:41.690685700,168.872,169.872,1,0,169.372,1.89994,0.502191
2025-12-18 16:29:41.703612200,169.028,170.028,1,0,169.528,1.95,1.05718
2025-12-18 16:29:41.717207300,169.185,170.185,1,0,169.685,1.99744,0.573689
2025-12-18 16:29:41.731104600,169.342,170.342,1,0,169.842,2.04203,0.61956
2025-12-18 16:29:41.744410700,169.498,170.498,1,0,169.998,2.08352,0.552826
2025-12-18 16:29:41.757286700,169.655,170.655,1,0,170.155,2.12166,0.788861
2025-12-18 16:29:41.770815400,169.812,170.812,1,0,170.312,2.15616,0.456672
2025-12-18 16:29:41.785273500,169.968,170.968,1,0,170.468,2.18674,0.407259
2025-12-18 16:29:41.798243000,170.125,171.125,1,0,170.625,2.21308,0.552027
2025-12-18 16:29:41.811516900,170.282,171.282,1,0,170.782,2.23482,0.721837
2025-12-18 16:29:41.824979900,170.438,171.438,1,0,170.938,2.25159,1.35615
2025-12-18 16:29:41.837913000,170.595,171.595,1,0,171.095,2.26298,0.545168
2025-12-18 16:29:41.850118600,170.751,171.751,1,0,171.251,2.26851,0.590586
2025-12-18 16:29:41.860873200,170.751,171.751,1,0,171.251,2.26364,0.705196
2025-12-18 16:29:41.873530200,170.75,171.75,1,0,171.25,2.25391,1.02966
2025-12-18 16:29:41.887271600,170.749,171.749,1,0,171.249,2.23074,0.506521
2025-12-18 16:29:41.897780100,170.747,171.747,1,0,171.247,2.21192,0.567651
2025-12-18 16:29:41.913771500,170.746,171.746,1,0,171.246,2.18918,0.40255
2025-12-18 16:29:41.924872600,170.744,171.744,1,0,171.244,2.16281,0.655145
2025-12-18 16:29:41.937181000,170.743,171.743,1,0,171.243,2.13304,0.396235
2025-12-18 16:29:41.948959700,171.33,171.45,0.12,517,171.242,2.104,0.233814
2025-12-18 16:29:41.964905400,170.74,171.74,1,0,171.24,2.06799,0.319516
2025-12-18 16:29:41.975957000,170.89,170.92,0.03,867,171.239,2.02177,0.0871969
2025-12-18 16:29:41.987646400,170.737,171.737,1,0,171.237,1.98071,0.496063
2025-12-18 16:29:41.998912900,171.14,171.37,0.23,1110,171.236,1.9377,0.275888
2025-12-18 16:29:42.011445400,171,171.26,0.26,1401,171.235,1.88979,0.247719
2025-12-18 16:29:42.025409800,170.76,171.52,0.76,910,171.233,1.8402,0.501187
2025-12-18 16:29:42.038365700,170.732,171.732,1,0,171.232,1.79071,0.664675
2025-12-18 16:29:42.049201800,170.95,171.01,0.06,593,171.23,1.73479,0.114361
2025-12-18 16:29:42.060028500,170.729,171.729,1,0,171.229,1.68212,0.866807
2025-12-18 16:29:42.072038400,170.727,171.727,1,0,171.227,1.62798,0.464137
2025-12-18 16:29:42.085723300,170.726,171.726,1,0,171.226,1.57253,0.602882
2025-12-18 16:29:42.097559300,170.725,171.725,1,0,171.225,1.51588,0.372578
2025-12-18 16:29:42.109255800,171.57,171.7,0.13,350,171.223,1.46643,0.487867
2025-12-18 16:29:42.123399600,170.722,171.722,1,0,171.222,1.40764,0.311942
2025-12-18 16:29:42.136433400,171.12,171.3,0.18,566,171.22,1.3479,0.239078
2025-12-18 16:29:42.148290800,170.82,171.17,0.35,735,171.219,1.28459,0.714397
2025-12-18 16:29:42.161958800,170.718,171.718,1,0,171.218,1.22397,0.65531
2025-12-18 16:29:42.178474800,171.23,171.55,0.32,952,171.216,1.16573,0.250641
2025-12-18 16:29:42.192730900,170.715,171.715,1,0,171.215,1.10438,0.409149
2025-12-18 16:29:42.208536700,171.34,171.54,0.2,710,171.213,1.04641,0.442321
2025-12-18 16:29:42.222871600,170.712,171.712,1,0,171.212,0.984843,0.262004
2025-12-18 16:29:42.238047500,170.711,171.711,1,0,171.211,0.92341,0.576391
2025-12-18 16:29:42.249218700,170.709,171.709,1,0,171.209,0.862257,0.332306
2025-12-18 16:29:42.263048400,171.04,171.43,0.39,452,171.208,0.801844,0.29665
2025-12-18 16:29:42.275807800,170.95,171.33,0.38,460,171.206,0.74103,0.286118
2025-12-18 16:29:42.289933400,170.705,171.705,1,0,171.205,0.681646,0.563554
2025-12-18 16:29:42.303418700,171.04,171.1,0.06,458,171.204,0.622173,0.211405
2025-12-18 16:29:42.315673900,170.702,171.702,1,0,171.202,0.564905,0.77793
2025-12-18 16:29:42.329281200,170.87,170.93,0.06,340,171.201,0.508136,0.853182
2025-12-18 16:29:42.340636900,170.699,171.699,1,0,171.199,0.454123,0.773427
2025-12-18 16:29:42.352958800,171.44,171.52,0.08,586,171.198,0.406014,0.344003
2025-12-18 16:29:42.364138400,170.75,171.14,0.39,896,171.196,0.356339,0.371557
2025-12-18 16:29:42.378813300,171.12,171.61,0.49,1007,171.195,0.311555,0.349525
2025-12-18 16:29:42.388583700,170.694,171.694,1,0,171.194,0.268225,0.897324
2025-12-18 16:29:42.397666200,171.1,171.14,0.04,532,171.192,0.228978,0.198613
2025-12-18 16:29:42.406210600,170.9,171.07,0.17,494,171.191,0.196632,0.200119
2025-12-18 16:29:42.420121600,170.689,171.689,1,0,171.189,0.16949,0.806637
2025-12-18 16:29:42.433755000,171.18,171.49,0.31,912,171.188,0.151091,0.350646
2025-12-18 16:29:42.446230000,170.687,171.687,1,0,171.187,0.139104,0.80634
2025-12-18 16:29:42.463757700,171.03,171.04,0.01,970,171.185,0.136047,0.114287
2025-12-18 16:29:42.476763800,170.64,171.55,0.91,740,171.184,0.136044,0.609984
2025-12-18 16:29:42.489861400,171.22,171.38,0.16,552,171.182,0.136546,0.297446
2025-12-18 16:29:42.504809100,170.682,171.682,1,0,171.182,0.136425,0.609945
2025-12-18 16:29:42.517141400,170.86,170.95,0.09,438,171.148,0.142527,0.207613
2025-12-18 16:29:42.529475100,170.613,171.613,1,0,171.113,0.14282,0.496717
2025-12-18 16:29:42.543735400,171.05,171.16,0.11,595,171.078,0.143161,0.263233
2025-12-18 16:29:42.558057200,171.09,171.17,0.08,452,171.043,0.143206,0.201945
2025-12-18 16:29:42.573683400,171.21,171.29,0.08,589,171.008,0.143251,0.302652
2025-12-18 16:29:42.586782900,170.63,171.15,0.52,836,170.973,0.149029,0.419088
2025-12-18 16:29:42.596912900,170.439,171.439,1,0,170.939,0.149862,0.341816
2025-12-18 16:29:42.608733200,170.404,171.404,1,0,170.904,0.154209,0.626802
2025-12-18 16:29:42.622458300,170.369,171.369,1,0,170.869,0.155513,0.427218
2025-12-18 16:29:42.634931800,170.334,171.334,1,0,170.834,0.161934,0.367033
2025-12-18 16:29:42.648490400,170.299,171.299,1,0,170.799,0.168898,0.594799
2025-12-18 16:29:42.666566900,170.264,171.264,1,0,170.764,0.177266,0.83763
2025-12-18 16:29:42.678834700,170.23,171.23,1,0,170.73,0.186417,0.758403
2025-12-18 16:29:42.692079700,170.195,171.195,1,0,170.695,0.195682,1.02639
2025-12-18 16:29:42.705845900,170.16,171.16,1,0,170.66,0.205248,0.83266
2025-12-18 16:29:42.718158100,170.125,171.125,1,0,170.625,0.21576,0.491351
2025-12-18 16:29:42.729918000,170.09,171.09,1,0,170.59,0.226647,0.373915
2025-12-18 16:29:42.742787400,170.055,171.055,1,0,170.555,0.237851,0.453791
2025-12-18 16:29:42.755502800,170.021,171.021,1,0,170.521,0.249319,1.46123
2025-12-18 16:29:42.768539900,169.986,170.986,1,0,170.486,0.248588,0.43257
2025-12-18 16:29:42.780485200,169.951,170.951,1,0,170.451,0.260513,0.551024
2025-12-18 16:29:42.792590200,169.916,170.916,1,0,170.416,0.272697,0.389123
2025-12-18 16:29:42.805844400,169.881,170.881,1,0,170.381,0.286544,0.775498
2025-12-18 16:29:42.817250300,169.846,170.846,1,0,170.346,0.298846,0.354971
2025-12-18 16:29:42.828485500,169.812,170.812,1,0,170.312,0.307272,0.586634
2025-12-18 16:29:42.841786200,169.777,170.777,1,0,170.277,0.319441,0.752057
2025-12-18 16:29:42.852725900,169.742,170.742,1,0,170.242,0.325879,0.509697
2025-12-18 16:29:42.864468500,169.707,170.707,1,0,170.207,0.337756,1.16293
2025-12-18 16:29:42.876228300,169.672,170.672,1,0,170.172,0.349468,0.883372
2025-12-18 16:29:42.890060300,169.637,170.637,1,0,170.137,0.360981,0.49212
2025-12-18 16:29:42.902807300,169.603,170.603,1,0,170.103,0.371692,0.582673
2025-12-18 16:29:42.915984700,169.568,170.568,1,0,170.068,0.38396,0.490794
2025-12-18 16:29:42.929043500,169.533,170.533,1,0,170.033,0.394715,0.601499
2025-12-18 16:29:42.941495700,169.498,170.498,1,0,169.998,0.407598,0.5953
2025-12-18 16:29:42.954528600,169.463,170.463,1,0,169.963,0.417765,0.628636
2025-12-18 16:29:42.965743300,169.428,170.428,1,0,169.928,0.4322,1.50065
2025-12-18 16:29:42.978733300,169.394,170.394,1,0,169.894,0.441802,0.714217
2025-12-18 16:29:42.990243500,169.359,170.359,1,0,169.859,0.442424,0.709111
2025-12-18 16:29:43.006593500,169.324,170.324,1,0,169.824,0.455705,0.432497
2025-12-18 16:29:43.022677600,169.289,170.289,1,0,169.789,0.458904,0.870423
2025-12-18 16:29:43.037605200,169.254,170.254,1,0,169.754,0.466331,0.38072
2025-12-18 16:29:43.051977300,169.219,170.219,1,0,169.719,0.474973,0.691844
2025-12-18 16:29:43.067441300,169.185,170.185,1,0,169.685,0.485968,0.307244
2025-12-18 16:29:43.081545700,169.15,170.15,1,0,169.65,0.491632,0.843803
2025-12-18 16:29:43.096111500,169.115,170.115,1,0,169.615,0.491767,0.30002
2025-12-18 16:29:43.109164200,169.08,170.08,1,0,169.58,0.49569,0.776307
2025-12-18 16:29:43.123328900,169.045,170.045,1,0,169.545,0.503002,0.715107
2025-12-18 16:29:43.136653800,169.01,170.01,1,0,169.51,0.507968,0.334817
2025-12-18 16:29:43.147038600,168.976,169.976,1,0,169.476,0.505089,0.786896
2025-12-18 16:29:43.160275600,168.976,169.976,1,0,169.476,0.503975,1.34033
2025-12-18 16:29:43.172342800,169.012,170.012,1,0,169.512,0.508007,1.07358
2025-12-18 16:29:43.185554700,169.048,170.048,1,0,169.548,0.503161,0.648153
2025-12-18 16:29:43.199243900,169.41,169.76,0.35,651,169.584,0.495615,0.408059
2025-12-18 16:29:43.211037100,169.51,169.6,0.09,655,169.62,0.485832,0.212247
2025-12-18 16:29:43.224167800,169.38,169.61,0.23,557,169.656,0.46999,0.397102
2025-12-18 16:29:43.238502200,169.4,169.44,0.04,565,169.692,0.468081,0.0537175
2025-12-18 16:29:43.249462700,169.228,170.228,1,0,169.728,0.455738,0.599502
2025-12-18 16:29:43.261653900,169.264,170.264,1,0,169.764,0.442564,0.621341
2025-12-18 16:29:43.273557200,169.3,170.3,1,0,169.8,0.428713,0.400691
2025-12-18 16:29:43.285807000,169.336,170.336,1,0,169.836,0.414339,0.3946
2025-12-18 16:29:43.297830500,169.372,170.372,1,0,169.872,0.399603,0.363246
2025-12-18 16:29:43.311567700,169.408,170.408,1,0,169.908,0.384674,0.898419
2025-12-18 16:29:43.324661000,169.444,170.444,1,0,169.944,0.369729,0.529102
2025-12-18 16:29:43.339042800,169.48,170.48,1,0,169.98,0.35496,0.571371
2025-12-18 16:29:43.351749800,169.516,170.516,1,0,170.016,0.340572,0.614304
2025-12-18 16:29:43.362378000,169.552,170.552,1,0,170.052,0.32679,0.348862
2025-12-18 16:29:43.373616300,169.588,170.588,1,0,170.088,0.313854,0.634755
2025-12-18 16:29:43.387161100,169.624,170.624,1,0,170.124,0.302019,0.46683
2025-12-18 16:29:43.397632300,169.66,170.66,1,0,170.16,0.291551,0.78088
2025-12-18 16:29:43.407860200,169.696,170.696,1,0,170.196,0.282718,0.559265
2025-12-18 16:29:43.420298800,169.732,170.732,1,0,170.232,0.275771,0.729724
2025-12-18 16:29:43.432328400,169.768,170.768,1,0,170.268,0.27093,0.339432
2025-12-18 16:29:43.442623300,169.804,170.804,1,0,170.304,0.268364,0.545464
2025-12-18 16:29:43.456102400,169.841,170.841,1,0,170.341,0.268167,0.806653
2025-12-18 16:29:43.468493900,169.877,170.877,1,0,170.377,0.270353,0.492407
2025-12-18 16:29:43.479848300,169.913,170.913,1,0,170.413,0.274852,0.78841
2025-12-18 16:29:43.491709700,169.949,170.949,1,0,170.449,0.281517,0.349484
2025-12-18 16:29:43.504776400,169.985,170.985,1,0,170.485,0.290145,0.739158
2025-12-18 16:29:43.518709800,170.021,171.021,1,0,170.521,0.300493,0.804004
2025-12-18 16:29:43.530269700,170.057,171.057,1,0,170.557,0.312302,0.523056
2025-12-18 16:29:43.544475000,170.093,171.093,1,0,170.593,0.325309,0.450107
2025-12-18 16:29:43.559507500,170.129,171.129,1,0,170.629,0.339256,0.931907
2025-12-18 16:29:43.573958000,170.165,171.165,1,0,170.665,0.353905,0.479025
2025-12-18 16:29:43.588798400,170.201,171.201,1,0,170.701,0.369029,0.571429
2025-12-18 16:29:43.603588900,170.237,171.237,1,0,170.737,0.384422,0.451331
2025-12-18 16:29:43.614524300,170.273,171.273,1,0,170.773,0.399892,0.773838
2025-12-18 16:29:43.625624400,170.309,171.309,1,0,170.809,0.415262,0.819954
2025-12-18 16:29:43.637759800,170.345,171.345,1,0,170.845,0.430367,0.599974
2025-12-18 16:29:43.650743300,170.381,171.381,1,0,170.881,0.445047,0.69438
2025-12-18 16:29:43.661351400,170.417,171.417,1,0,170.917,0.459152,0.720647
2025-12-18 16:29:43.673442200,170.453,171.453,1,0,170.953,0.472535,0.325432
2025-12-18 16:29:43.684103100,170.489,171.489,1,0,170.989,0.485047,0.300878
2025-12-18 16:29:43.696628400,170.525,171.525,1,0,171.025,0.496541,0.365839
2025-12-18 16:29:43.708161500,170.561,171.561,1,0,171.061,0.506865,0.448184
2025-12-18 16:29:43.720999100,170.597,171.597,1,0,171.097,0.515858,0.524682
2025-12-18 16:29:43.732511100,170.633,171.633,1,0,171.133,0.523353,0.494127
2025-12-18 16:29:43.744936200,170.67,171.67,1,0,171.17,0.529167,0.494491
2025-12-18 16:29:43.758300000,170.706,171.706,1,0,171.206,0.533098,0.441356
2025-12-18 16:29:43.769629500,170.742,171.742,1,0,171.242,0.534922,0.76674
2025-12-18 16:29:43.781929800,170.742,171.742,1,0,171.242,0.534411,0.356344
2025-12-18 16:29:43.793889700,170.745,171.745,1,0,171.245,0.532929,0.399206
2025-12-18 16:29:43.806892300,170.749,171.749,1,0,171.249,0.530546,0.588873
2025-12-18 16:29:43.820823000,170.753,171.753,1,0,171.253,0.527373,0.700165
2025-12-18 16:29:43.832439700,170.757,171.757,1,0,171.257,0.521068,0.828932
2025-12-18 16:29:43.844635100,171.3,171.55,0.25,601,171.261,0.515154,0.389805
2025-12-18 16:29:43.856384100,170.765,171.765,1,0,171.265,0.498053,0.564551
2025-12-18 16:29:43.869101300,171.36,171.53,0.17,587,171.268,0.496235,0.294363
2025-12-18 16:29:43.881888100,170.772,171.772,1,0,171.272,0.488456,0.926154
2025-12-18 16:29:43.893872300,171.33,171.48,0.15,393,171.276,0.48359,0.249883
2025-12-18 16:29:43.903602500,170.78,171.78,1,0,171.28,0.474626,0.493599
2025-12-18 16:29:43.915570200,171.04,171.51,0.47,529,171.284,0.464975,0.252505
2025-12-18 16:29:43.928282700,171.14,171.19,0.05,628,171.288,0.452637,0.200899
2025-12-18 16:29:43.941031100,170.791,171.791,1,0,171.291,0.4424,0.582545
2025-12-18 16:29:43.952748700,171.31,171.44,0.13,540,171.295,0.433637,0.203681
2025-12-18 16:29:43.965232200,170.799,171.799,1,0,171.299,0.422589,1.17661
2025-12-18 16:29:43.976548600,171.08,171.57,0.49,452,171.303,0.411673,0.42285
2025-12-18 16:29:43.990178500,171.11,171.26,0.15,706,171.307,0.397878,0.223756
2025-12-18 16:29:44.001794000,170.81,171.81,1,0,171.31,0.385976,1.0469
2025-12-18 16:29:44.015808800,171.13,171.31,0.18,1043,171.314,0.372206,0.217408
2025-12-18 16:29:44.028003600,170.818,171.818,1,0,171.318,0.359885,0.642458
2025-12-18 16:29:44.040664500,171.4,171.45,0.05,588,171.322,0.349617,0.265758
2025-12-18 16:29:44.054973000,170.826,171.826,1,0,171.326,0.336876,0.472414
2025-12-18 16:29:44.068556300,171.08,171.29,0.21,432,171.33,0.321986,0.235236
2025-12-18 16:29:44.084511700,170.833,171.833,1,0,171.333,0.309081,0.311428
2025-12-18 16:29:44.098363400,170.94,171.08,0.14,618,171.337,0.29374,0.333089
2025-12-18 16:29:44.115539100,170.841,171.841,1,0,171.341,0.281006,0.442336
2025-12-18 16:29:44.126387600,170.845,171.845,1,0,171.345,0.268254,0.460205
2025-12-18 16:29:44.137832700,170.849,171.849,1,0,171.349,0.255516,0.745601
2025-12-18 16:29:44.148420800,170.853,171.853,1,0,171.353,0.242826,0.601149
2025-12-18 16:29:44.159546100,170.856,171.856,1,0,171.356,0.23022,0.643673
2025-12-18 16:29:44.173612700,170.86,171.86,1,0,171.36,0.217736,0.536771
2025-12-18 16:29:44.187217600,170.864,171.864,1,0,171.364,0.205417,0.876203
2025-12-18 16:29:44.199445400,170.868,171.868,1,0,171.368,0.193307,0.304647
2025-12-18 16:29:44.211888500,171.29,171.62,0.33,642,171.372,0.18332,0.281926
2025-12-18 16:29:44.225748700,170.876,171.876,1,0,171.376,0.171787,0.656061
2025-12-18 16:29:44.240668400,171.17,171.21,0.04,669,171.379,0.159417,0.21229
2025-12-18 16:29:44.252956500,170.883,171.883,1,0,171.383,0.14892,0.388892
2025-12-18 16:29:44.265377200,171.19,171.26,0.07,466,171.387,0.137705,0.256445
2025-12-18 16:29:44.277028100,170.891,171.891,1,0,171.391,0.128555,1.3226
2025-12-18 16:29:44.290392900,171.51,171.69,0.18,696,171.395,0.127614,0.385716
2025-12-18 16:29:44.303798300,170.898,171.898,1,0,171.398,0.120223,0.201089
2025-12-18 16:29:44.317267700,171.09,171.27,0.18,1226,171.402,0.113687,0.259375
2025-12-18 16:29:44.327985200,171.15,171.77,0.62,1082,171.406,0.109903,0.490948
2025-12-18 16:29:44.339134000,170.91,171.91,1,0,171.41,0.105799,0.888125
2025-12-18 16:29:44.350768300,171.05,171.33,0.28,337,171.414,0.102964,0.213219
2025-12-18 16:29:44.361333600,170.918,171.918,1,0,171.418,0.101193,0.816764
2025-12-18 16:29:44.374111300,170.921,171.921,1,0,171.421,0.100332,0.632943
2025-12-18 16:29:44.385345000,170.925,171.925,1,0,171.425,0.100244,0.50827
2025-12-18 16:29:44.398957200,171.17,171.22,0.05,902,171.429,0.101177,0.158471
2025-12-18 16:29:44.412081300,170.929,171.929,1,0,171.429,0.101724,0.689057
2025-12-18 16:29:44.424457700,170.91,171.91,1,0,171.41,0.101844,0.856227
2025-12-18 16:29:44.434983000,170.891,171.891,1,0,171.391,0.101651,0.68534
2025-12-18 16:29:44.446209600,171.17,171.26,0.09,945,171.372,0.102354,0.166541
2025-12-18 16:29:44.460544100,170.98,171.5,0.52,1469,171.353,0.102615,0.416628
2025-12-18 16:29:44.474225500,170.834,171.834,1,0,171.334,0.101672,0.480433
2025-12-18 16:29:44.485251100,171.47,171.53,0.06,580,171.315,0.104155,0.231815
2025-12-18 16:29:44.497076700,170.796,171.796,1,0,171.296,0.102955,0.31243
2025-12-18 16:29:44.512912100,170.99,171.05,0.06,475,171.277,0.111369,0.209857
2025-12-18 16:29:44.531137500,170.759,171.759,1,0,171.259,0.111083,0.422532
2025-12-18 16:29:44.549172100,170.74,171.74,1,0,171.24,0.111512,0.576938
2025-12-18 16:29:44.563215100,170.721,171.721,1,0,171.221,0.112196,0.646568
2025-12-18 16:29:44.575166200,170.702,171.702,1,0,171.202,0.111313,0.429758
2025-12-18 16:29:44.590337400,170.683,171.683,1,0,171.183,0.112867,0.355634
2025-12-18 16:29:44.604832400,170.664,171.664,1,0,171.164,0.114524,1.11441
2025-12-18 16:29:44.618695000,170.645,171.645,1,0,171.145,0.116881,0.364897
2025-12-18 16:29:44.631332000,170.626,171.626,1,0,171.126,0.119622,0.941454
2025-12-18 16:29:44.645007900,170.607,171.607,1,0,171.107,0.121669,0.55195
2025-12-18 16:29:44.658953500,170.588,171.588,1,0,171.088,0.125338,0.451367
2025-12-18 16:29:44.675782000,170.569,171.569,1,0,171.069,0.128968,0.732642
2025-12-18 16:29:44.689740800,170.55,171.55,1,0,171.05,0.133423,0.52578
2025-12-18 16:29:44.703657700,170.531,171.531,1,0,171.031,0.13683,0.945178
2025-12-18 16:29:44.716100600,170.512,171.512,1,0,171.012,0.141803,0.290882
2025-12-18 16:29:44.728668300,170.493,171.493,1,0,170.993,0.14673,0.860059
2025-12-18 16:29:44.743513000,170.474,171.474,1,0,170.974,0.152257,0.394073
2025-12-18 16:29:44.758218200,170.455,171.455,1,0,170.955,0.154272,0.878771
2025-12-18 16:29:44.769101600,170.436,171.436,1,0,170.936,0.160516,0.762454
2025-12-18 16:29:44.781204200,170.417,171.417,1,0,170.917,0.166819,0.335233
2025-12-18 16:29:44.793900700,170.398,171.398,1,0,170.898,0.173147,0.417476
2025-12-18 16:29:44.808382500,170.379,171.379,1,0,170.879,0.179466,0.918152
2025-12-18 16:29:44.821208900,170.36,171.36,1,0,170.86,0.185746,0.468871
2025-12-18 16:29:44.834419700,170.342,171.342,1,0,170.842,0.191956,0.48851
2025-12-18 16:29:44.846722400,170.323,171.323,1,0,170.823,0.198064,1.11043
2025-12-18 16:29:44.859517300,170.304,171.304,1,0,170.804,0.204042,0.401621
2025-12-18 16:29:44.874964300,170.285,171.285,1,0,170.785,0.207952,0.67173
2025-12-18 16:29:44.886958000,170.266,171.266,1,0,170.766,0.213536,0.736586
2025-12-18 16:29:44.899148200,170.247,171.247,1,0,170.747,0.221211,0.604664
2025-12-18 16:29:44.911821100,170.228,171.228,1,0,170.728,0.226487,0.53568
2025-12-18 16:29:44.926123800,170.209,171.209,1,0,170.709,0.233973,0.360548
2025-12-18 16:29:44.941655300,170.19,171.19,1,0,170.69,0.238796,0.697085
2025-12-18 16:29:44.956560400,170.171,171.171,1,0,170.671,0.236445,0.721823
2025-12-18 16:29:44.968405700,170.152,171.152,1,0,170.652,0.240415,0.39394
2025-12-18 16:29:44.980832900,170.133,171.133,1,0,170.633,0.247995,0.555516
2025-12-18 16:29:44.993984800,170.114,171.114,1,0,170.614,0.249677,1.08499
2025-12-18 16:29:45.006030500,170.095,171.095,1,0,170.595,0.252444,1.01318
2025-12-18 16:29:45.019289100,170.076,171.076,1,0,170.576,0.259532,1.04343
2025-12-18 16:29:45.032926900,170.057,171.057,1,0,170.557,0.26143,0.671226
2025-12-18 16:29:45.044716300,170.038,171.038,1,0,170.538,0.2627,0.345513
2025-12-18 16:29:45.056715200,170.019,171.019,1,0,170.519,0.263287,0.515462
2025-12-18 16:29:45.068324200,170,171,1,0,170.5,0.269397,0.773733
2025-12-18 16:29:45.079644000,170,171,1,0,170.5,0.268281,0.718181
2025-12-18 16:29:45.090562400,169.99,170.99,1,0,170.49,0.266897,1.00241
2025-12-18 16:29:45.100867400,169.98,170.98,1,0,170.48,0.26526,1.16132
2025-12-18 16:29:45.113165400,169.97,170.97,1,0,170.47,0.268201,0.335729
2025-12-18 16:29:45.127594500,169.96,170.96,1,0,170.46,0.269938,1.03337
2025-12-18 16:29:45.141758200,170.43,170.47,0.04,524,170.45,0.268041,0.189015
2025-12-18 16:29:45.155676100,170.73,170.86,0.13,524,170.44,0.251762,0.525674
2025-12-18 16:29:45.170541800,169.93,170.93,1,0,170.43,0.249592,0.199512
2025-12-18 16:29:45.184240800,169.92,170.92,1,0,170.42,0.254224,0.274121
2025-12-18 16:29:45.193748200,169.91,170.91,1,0,170.41,0.252111,0.471594
2025-12-18 16:29:45.206178500,169.9,170.9,1,0,170.4,0.249842,0.54796
2025-12-18 16:29:45.216294500,169.889,170.889,1,0,170.389,0.24743,0.61598
2025-12-18 16:29:45.231119800,169.879,170.879,1,0,170.379,0.244885,0.529035
2025-12-18 16:29:45.243771400,169.869,170.869,1,0,170.369,0.242218,1.56305
2025-12-18 16:29:45.255975700,169.859,170.859,1,0,170.359,0.239438,1.17568
2025-12-18 16:29:45.268813500,169.849,170.849,1,0,170.349,0.236558,0.663257
2025-12-18 16:29:45.281608500,169.839,170.839,1,0,170.339,0.233586,1.0642
2025-12-18 16:29:45.294180700,170.02,170.03,0.01,600,170.329,0.242978,0.0933013
2025-12-18 16:29:45.308903200,169.819,170.819,1,0,170.319,0.239628,0.72699
2025-12-18 16:29:45.321611400,170.15,170.35,0.2,1242,170.309,0.237946,0.170874
2025-12-18 16:29:45.335854900,169.84,170.31,0.47,517,170.299,0.242373,0.279055
2025-12-18 16:29:45.350018700,169.789,170.789,1,0,170.289,0.23867,0.584092
2025-12-18 16:29:45.362240100,170.61,170.63,0.02,652,170.279,0.231072,0.374472
2025-12-18 16:29:45.376413900,169.88,170.39,0.51,1535,170.268,0.231957,0.344071
2025-12-18 16:29:45.389876200,169.758,170.758,1,0,170.258,0.228473,0.629256
2025-12-18 16:29:45.402742100,170.37,170.5,0.13,795,170.248,0.221667,0.514065
2025-12-18 16:29:45.414048000,169.738,170.738,1,0,170.238,0.218398,0.70925
2025-12-18 16:29:45.427295200,170.41,170.48,0.07,623,170.228,0.211491,0.388006
2025-12-18 16:29:45.439688100,169.718,170.718,1,0,170.218,0.208529,0.245994
2025-12-18 16:29:45.450593900,169.708,170.708,1,0,170.208,0.205628,0.615724
2025-12-18 16:29:45.459768300,169.698,170.698,1,0,170.198,0.202802,0.450486
2025-12-18 16:29:45.470757000,169.688,170.688,1,0,170.188,0.200064,0.427617
2025-12-18 16:29:45.482649800,169.678,170.678,1,0,170.178,0.197426,0.494987
2025-12-18 16:29:45.496396400,169.668,170.668,1,0,170.168,0.1949,0.553668
2025-12-18 16:29:45.509622200,169.658,170.658,1,0,170.158,0.1925,1.18213
2025-12-18 16:29:45.522393100,169.647,170.647,1,0,170.147,0.190239,1.36188
2025-12-18 16:29:45.533976200,169.637,170.637,1,0,170.137,0.188129,0.777193
2025-12-18 16:29:45.546531200,169.627,170.627,1,0,170.127,0.186183,0.816832
2025-12-18 16:29:45.559987000,170.29,170.34,0.05,474,170.117,0.180833,0.215702
2025-12-18 16:29:45.571236400,169.607,170.607,1,0,170.107,0.179474,0.727187
2025-12-18 16:29:45.583482300,169.597,170.597,1,0,170.097,0.178316,0.696244
2025-12-18 16:29:45.596628000,169.587,170.587,1,0,170.087,0.177367,0.60801
2025-12-18 16:29:45.609455000,169.577,170.577,1,0,170.077,0.176637,1.01648
2025-12-18 16:29:45.622618300,169.567,170.567,1,0,170.067,0.176133,0.594807
2025-12-18 16:29:45.635128000,169.557,170.557,1,0,170.057,0.175859,0.623346
2025-12-18 16:29:45.648440000,169.547,170.547,1,0,170.047,0.175821,0.41438
2025-12-18 16:29:45.660267900,169.537,170.537,1,0,170.037,0.176021,0.453673
2025-12-18 16:29:45.672547900,169.527,170.527,1,0,170.027,0.176462,0.733689
2025-12-18 16:29:45.682961800,169.516,170.516,1,0,170.016,0.177142,1.28369
2025-12-18 16:29:45.694151400,170.21,170.3,0.09,468,170.006,0.174199,0.529854
2025-12-18 16:29:45.706893700,169.506,170.506,1,0,170.006,0.174856,0.556281
2025-12-18 16:29:45.717369600,169.506,170.506,1,0,170.006,0.175235,0.292346
2025-12-18 16:29:45.730857800,169.506,170.506,1,0,170.006,0.17536,0.289273
2025-12-18 16:29:45.743936100,169.91,170.11,0.2,711,170.006,0.17516,0.243381
2025-12-18 16:29:45.763160300,169.96,170.02,0.06,395,170.006,0.175264,0.181057
2025-12-18 16:29:45.782199100,169.506,170.506,1,0,170.006,0.174738,0.542645
2025-12-18 16:29:45.802978300,169.96,170.22,0.26,438,170.006,0.154509,0.273464
2025-12-18 16:29:45.822954200,169.76,169.89,0.13,763,170.006,0.15958,0.244193
2025-12-18 16:29:45.839174500,169.506,170.506,1,0,170.006,0.158019,1.35459
2025-12-18 16:29:45.852751900,169.6,169.82,0.22,580,170.006,0.167652,0.379967
2025-12-18 16:29:45.867828100,169.506,170.506,1,0,170.006,0.165673,0.359167
2025-12-18 16:29:45.884260700,169.88,169.92,0.04,778,170.006,0.166112,0.134782
2025-12-18 16:29:45.901215700,169.506,170.506,1,0,170.006,0.163882,0.911924
2025-12-18 16:29:45.919269700,169.506,170.506,1,0,170.006,0.161578,1.02163
2025-12-18 16:29:45.934432300,169.506,170.506,1,0,170.006,0.159213,1.00109
2025-12-18 16:29:45.953068200,169.506,170.506,1,0,170.006,0.156797,0.493527
2025-12-18 16:29:45.970669300,169.506,170.506,1,0,170.006,0.154343,1.06519
2025-12-18 16:29:45.987297400,169.506,170.506,1,0,170.006,0.154575,0.843768
2025-12-18 16:29:46.006449800,170.07,170.12,0.05,404,170.006,0.151722,0.238307
2025-12-18 16:29:46.025081100,169.506,170.506,1,0,170.006,0.150966,0.755196
2025-12-18 16:29:46.044294100,169.83,170.04,0.21,413,170.006,0.152734,0.244629
2025-12-18 16:29:46.063077000,169.506,170.506,1,0,170.006,0.150842,0.65518
2025-12-18 16:29:46.078760600,169.91,170.15,0.24,491,170.006,0.130988,0.252023
2025-12-18 16:29:46.094456100,169.73,169.92,0.19,567,170.006,0.135589,0.295292
2025-12-18 16:29:46.111517100,169.506,170.506,1,0,170.006,0.133375,0.921182
2025-12-18 16:29:46.128163900,170.18,170.26,0.08,434,170.006,0.124749,0.329337
2025-12-18 16:29:46.143505200,169.506,170.506,1,0,170.006,0.122569,0.799951
2025-12-18 16:29:46.160523700,170.24,170.29,0.05,717,170.006,0.113575,0.34165
2025-12-18 16:29:46.172863500,169.506,170.506,1,0,170.006,0.111465,0.253742
2025-12-18 16:29:46.187714800,169.66,169.81,0.15,604,170.006,0.117881,0.308963
2025-12-18 16:29:46.205528700,169.96,170.42,0.46,1498,170.006,0.11768,0.631534
2025-12-18 16:29:46.219625500,169.506,170.506,1,0,170.006,0.115987,0.561842
2025-12-18 16:29:46.232240700,170.07,170.26,0.19,802,170.006,0.115699,0.252233
2025-12-18 16:29:46.245664800,169.506,170.506,1,0,170.006,0.11435,0.965132
2025-12-18 16:29:46.256348900,169.506,170.506,1,0,170.006,0.113121,0.552407
2025-12-18 16:29:46.267825600,169.506,170.506,1,0,170.006,0.112016,0.568379
2025-12-18 16:29:46.286133900,169.7,169.94,0.24,497,170.006,0.114789,0.420873
2025-12-18 16:29:46.298887700,169.506,170.506,1,0,170.006,0.11388,0.448168
2025-12-18 16:29:46.310268200,169.96,169.97,0.01,559,170.006,0.106192,0.176784
2025-12-18 16:29:46.323404300,170.08,170.32,0.24,483,170.006,0.108561,0.444119
2025-12-18 16:29:46.334870300,169.506,170.506,1,0,170.006,0.107972,0.528203
2025-12-18 16:29:46.348315700,170.12,170.19,0.07,316,170.006,0.109282,0.265345
2025-12-18 16:29:46.360735500,169.506,170.506,1,0,170.006,0.108955,0.712178
2025-12-18 16:29:46.373980800,169.97,170.14,0.17,587,170.006,0.108856,0.31032
2025-12-18 16:29:46.396727700,169.82,169.87,0.05,570,170.006,0.111258,0.174066
2025-12-18 16:29:46.407806200,169.506,170.506,1,0,170.006,0.111144,0.30849
2025-12-18 16:29:46.420946300,169.82,169.89,0.07,691,170.006,0.113176,0.177455
2025-12-18 16:29:46.432604100,169.506,170.506,1,0,170.006,0.113141,0.934057
2025-12-18 16:29:46.445801600,170.15,170.17,0.02,335,170.006,0.115164,0.200681
2025-12-18 16:29:46.461003400,169.506,170.506,1,0,170.006,0.109681,0.661378
2025-12-18 16:29:46.475818700,169.58,169.83,0.25,481,170.006,0.117406,0.298534
2025-12-18 16:29:46.489472300,169.519,170.519,1,0,170.019,0.117437,0.774168
2025-12-18 16:29:46.502434000,169.531,170.531,1,0,170.031,0.117522,0.503668
2025-12-18 16:29:46.515770400,169.544,170.544,1,0,170.044,0.117681,0.831414
2025-12-18 16:29:46.529265500,169.556,170.556,1,0,170.056,0.117939,0.406256
2025-12-18 16:29:46.542074100,169.569,170.569,1,0,170.069,0.11832,0.624177
2025-12-18 16:29:46.551926600,169.581,170.581,1,0,170.081,0.118198,0.452966
2025-12-18 16:29:46.563231500,169.594,170.594,1,0,170.094,0.116119,0.605085
2025-12-18 16:29:46.577066500,169.606,170.606,1,0,170.106,0.116942,0.85198
2025-12-18 16:29:46.589364200,169.619,170.619,1,0,170.119,0.109796,0.435222
2025-12-18 16:29:46.602764400,169.631,170.631,1,0,170.131,0.110929,0.536516
2025-12-18 16:29:46.616629400,169.644,170.644,1,0,170.144,0.110903,0.845262
2025-12-18 16:29:46.628189200,169.656,170.656,1,0,170.156,0.112378,0.620001
2025-12-18 16:29:46.639628100,169.669,170.669,1,0,170.169,0.114044,0.373596
2025-12-18 16:29:46.651213600,169.681,170.681,1,0,170.181,0.115897,1.28581
2025-12-18 16:29:46.663633900,169.694,170.694,1,0,170.194,0.117935,0.66194
2025-12-18 16:29:46.674992500,169.706,170.706,1,0,170.206,0.120149,1.2808
2025-12-18 16:29:46.687660200,169.719,170.719,1,0,170.219,0.122531,0.350785
2025-12-18 16:29:46.698956400,169.731,170.731,1,0,170.231,0.125067,0.812663
2025-12-18 16:29:46.710971600,169.744,170.744,1,0,170.244,0.12782,0.930648
2025-12-18 16:29:46.720869100,169.756,170.756,1,0,170.256,0.12973,0.536625
2025-12-18 16:29:46.730894900,169.769,170.769,1,0,170.269,0.132706,0.6049
2025-12-18 16:29:46.742459700,169.781,170.781,1,0,170.281,0.135973,0.471391
2025-12-18 16:29:46.752339700,169.794,170.794,1,0,170.294,0.134854,1.03183
2025-12-18 16:29:46.764551700,169.806,170.806,1,0,170.306,0.138067,0.351174
2025-12-18 16:29:46.777671400,169.819,170.819,1,0,170.319,0.140652,0.636579
2025-12-18 16:29:46.788145200,169.831,170.831,1,0,170.331,0.144183,0.599832
2025-12-18 16:29:46.802930000,169.844,170.844,1,0,170.344,0.14645,0.404223
2025-12-18 16:29:46.814224900,169.856,170.856,1,0,170.356,0.150297,0.848191
2025-12-18 16:29:46.825722400,169.869,170.869,1,0,170.369,0.145345,1.02632
2025-12-18 16:29:46.837685900,169.881,170.881,1,0,170.381,0.149698,0.523367
2025-12-18 16:29:46.849446900,169.894,170.894,1,0,170.394,0.153602,1.43672
2025-12-18 16:29:46.859726500,169.906,170.906,1,0,170.406,0.15842,0.571698
2025-12-18 16:29:46.871579300,169.919,170.919,1,0,170.419,0.162333,0.600972
2025-12-18 16:29:46.885240800,169.931,170.931,1,0,170.431,0.16616,0.389867
2025-12-18 16:29:46.897184100,169.944,170.944,1,0,170.444,0.169888,0.894743
2025-12-18 16:29:46.908651500,169.956,170.956,1,0,170.456,0.167921,0.396259
2025-12-18 16:29:46.921676700,169.969,170.969,1,0,170.469,0.171321,0.507517
2025-12-18 16:29:46.935083400,169.981,170.981,1,0,170.481,0.173605,0.617086
2025-12-18 16:29:46.946846500,169.994,170.994,1,0,170.494,0.178735,1.12126
2025-12-18 16:29:46.959037600,170.006,171.006,1,0,170.506,0.181801,0.888818
2025-12-18 16:29:46.972112200,170.019,171.019,1,0,170.519,0.186824,0.535811
2025-12-18 16:29:46.984482100,170.031,171.031,1,0,170.531,0.189626,0.568207
2025-12-18 16:29:46.995330000,170.044,171.044,1,0,170.544,0.193236,0.426645
2025-12-18 16:29:47.006997400,170.056,171.056,1,0,170.556,0.190262,0.518986
2025-12-18 16:29:47.022022700,170.069,171.069,1,0,170.569,0.192269,0.804772
2025-12-18 16:29:47.033062500,170.081,171.081,1,0,170.581,0.188591,0.311725
2025-12-18 16:29:47.045754800,170.094,171.094,1,0,170.594,0.189869,1.21956
2025-12-18 16:29:47.057641900,170.106,171.106,1,0,170.606,0.194207,0.552633
2025-12-18 16:29:47.068586400,170.119,171.119,1,0,170.619,0.194972,0.593647
2025-12-18 16:29:47.080016100,170.119,171.119,1,0,170.619,0.179979,0.747668
2025-12-18 16:29:47.092008400,170.34,170.57,0.23,545,170.666,0.175449,0.205152
2025-12-18 16:29:47.103500300,170.214,171.214,1,0,170.714,0.177944,0.918465
2025-12-18 16:29:47.116489000,170.262,171.262,1,0,170.762,0.1818,1.15908
2025-12-18 16:29:47.128478600,170.309,171.309,1,0,170.809,0.186999,0.444034
2025-12-18 16:29:47.139897500,170.357,171.357,1,0,170.857,0.193485,0.509374
2025-12-18 16:29:47.151634200,170.404,171.404,1,0,170.904,0.201178,0.867577
2025-12-18 16:29:47.164652700,170.452,171.452,1,0,170.952,0.209983,0.556784
2025-12-18 16:29:47.178999600,170.5,171.5,1,0,171,0.219792,0.42493
2025-12-18 16:29:47.191028600,170.547,171.547,1,0,171.047,0.230497,0.717413
2025-12-18 16:29:47.204203000,170.595,171.595,1,0,171.095,0.241992,0.96686
2025-12-18 16:29:47.215386000,170.642,171.642,1,0,171.142,0.254177,0.596552
2025-12-18 16:29:47.229874400,170.69,171.69,1,0,171.19,0.266957,0.395801
2025-12-18 16:29:47.242111100,170.738,171.738,1,0,171.238,0.280246,0.803485
2025-12-18 16:29:47.256439500,170.785,171.785,1,0,171.285,0.293965,1.51824
2025-12-18 16:29:47.269301300,170.833,171.833,1,0,171.333,0.308043,0.683392
2025-12-18 16:29:47.281464100,170.88,171.88,1,0,171.38,0.322416,0.655067
2025-12-18 16:29:47.294201200,170.928,171.928,1,0,171.428,0.337023,0.772045
2025-12-18 16:29:47.306010100,170.975,171.975,1,0,171.475,0.351811,0.621526
2025-12-18 16:29:47.316420300,171.023,172.023,1,0,171.523,0.366729,0.518423
2025-12-18 16:29:47.328811800,171.071,172.071,1,0,171.571,0.381733,0.704015
2025-12-18 16:29:47.341711000,171.118,172.118,1,0,171.618,0.396779,0.657012
2025-12-18 16:29:47.352917200,171.166,172.166,1,0,171.666,0.411827,0.40352
2025-12-18 16:29:47.363095900,171.213,172.213,1,0,171.713,0.42684,0.708607
2025-12-18 16:29:47.376176100,171.261,172.261,1,0,171.761,0.441779,0.91928
2025-12-18 16:29:47.388904500,171.309,172.309,1,0,171.809,0.456613,0.710827
2025-12-18 16:29:47.401303800,171.356,172.356,1,0,171.856,0.471305,0.767739
2025-12-18 16:29:47.412891600,171.404,172.404,1,0,171.904,0.485825,0.765179
2025-12-18 16:29:47.426479600,171.451,172.451,1,0,171.951,0.50014,0.947843
2025-12-18 16:29:47.436623500,171.499,172.499,1,0,171.999,0.514218,1.81106
2025-12-18 16:29:47.450192100,171.546,172.546,1,0,172.046,0.528029,0.475749
2025-12-18 16:29:47.463347700,171.594,172.594,1,0,172.094,0.541541,0.415304
2025-12-18 16:29:47.475850600,171.642,172.642,1,0,172.142,0.554724,0.406139
2025-12-18 16:29:47.487649000,171.689,172.689,1,0,172.189,0.567544,1.13123
2025-12-18 16:29:47.499242200,171.737,172.737,1,0,172.237,0.579972,0.780406
2025-12-18 16:29:47.512185000,171.784,172.784,1,0,172.284,0.591974,0.704135
2025-12-18 16:29:47.524192100,171.832,172.832,1,0,172.332,0.603517,0.449632
2025-12-18 16:29:47.536566000,171.88,172.88,1,0,172.38,0.614567,0.799146
2025-12-18 16:29:47.549095700,171.927,172.927,1,0,172.427,0.62509,0.666974
2025-12-18 16:29:47.561679600,171.975,172.975,1,0,172.475,0.635048,0.321358
2025-12-18 16:29:47.573325100,172.022,173.022,1,0,172.522,0.644404,0.457307
2025-12-18 16:29:47.585837400,172.07,173.07,1,0,172.57,0.653118,0.894903
2025-12-18 16:29:47.595949000,172.118,173.118,1,0,172.618,0.661149,0.784895
2025-12-18 16:29:47.608350100,172.165,173.165,1,0,172.665,0.668454,0.471201
2025-12-18 16:29:47.617876100,172.213,173.213,1,0,172.713,0.674985,0.344935
2025-12-18 16:29:47.630014300,172.26,173.26,1,0,172.76,0.680694,0.509759
2025-12-18 16:29:47.642112300,172.308,173.308,1,0,172.808,0.685528,0.4165
2025-12-18 16:29:47.653477400,172.355,173.355,1,0,172.855,0.689431,0.780216
2025-12-18 16:29:47.664478000,172.403,173.403,1,0,172.903,0.692343,0.51721
2025-12-18 16:29:47.677712800,172.451,173.451,1,0,172.951,0.694196,0.928217
2025-12-18 16:29:47.692816400,172.451,173.451,1,0,172.951,0.692912,0.342949
2025-12-18 16:29:47.710970000,172.453,173.453,1,0,172.953,0.682143,0.454083
2025-12-18 16:29:47.725035100,172.455,173.455,1,0,172.955,0.677861,0.62905
2025-12-18 16:29:47.735885700,172.457,173.457,1,0,172.957,0.672369,0.952217
2025-12-18 16:29:47.749527200,172.459,173.459,1,0,172.959,0.665749,0.311468
2025-12-18 16:29:47.763717000,172.462,173.462,1,0,172.962,0.658076,1.01026
2025-12-18 16:29:47.776302500,172.82,173.27,0.45,660,172.964,0.651693,0.452821
2025-12-18 16:29:47.788555300,172.466,173.466,1,0,172.966,0.642051,0.945623
2025-12-18 16:29:47.800558500,173.05,173.11,0.06,428,172.968,0.634551,0.219459
2025-12-18 16:29:47.812823800,172.471,173.471,1,0,172.971,0.623172,0.773323
2025-12-18 16:29:47.824560100,172.9,173.01,0.11,557,172.973,0.610637,0.224422
2025-12-18 16:29:47.836390200,173.2,173.28,0.08,587,172.975,0.605037,0.397882
2025-12-18 16:29:47.848094300,172.477,173.477,1,0,172.977,0.591439,0.329754
2025-12-18 16:29:47.859287600,172.88,172.93,0.05,551,172.979,0.575756,0.175543
2025-12-18 16:29:47.868495000,172.482,173.482,1,0,172.982,0.561073,0.35392
2025-12-18 16:29:47.881236800,173.2,173.24,0.04,714,172.984,0.551654,0.352889
2025-12-18 16:29:47.893030000,172.486,173.486,1,0,172.986,0.535889,0.247939
2025-12-18 16:29:47.904692100,172.7,172.85,0.15,462,172.988,0.516523,0.287989
2025-12-18 16:29:47.916053800,172.89,173.42,0.53,740,172.991,0.503703,0.860145
2025-12-18 16:29:47.930679100,172.493,173.493,1,0,172.993,0.486877,0.691563
2025-12-18 16:29:47.943893600,172.91,173.26,0.35,309,172.995,0.471491,0.357296
2025-12-18 16:29:47.957485800,172.497,173.497,1,0,172.997,0.45406,0.627511
2025-12-18 16:29:47.968644900,172.79,173.14,0.35,652,172.999,0.435866,0.29241
2025-12-18 16:29:47.980389900,173.36,173.41,0.05,501,173.002,0.427543,0.539057
2025-12-18 16:29:47.992022200,172.504,173.504,1,0,173.004,0.409522,0.334532
2025-12-18 16:29:48.001566500,172.506,173.506,1,0,173.006,0.391406,0.43751
2025-12-18 16:29:48.015607500,173.07,173.32,0.25,1429,173.008,0.376765,0.743475
2025-12-18 16:29:48.030085200,172.51,173.51,1,0,173.01,0.358525,0.703793
2025-12-18 16:29:48.041000300,172.513,173.513,1,0,173.013,0.340317,0.84007
2025-12-18 16:29:48.053766200,172.515,173.515,1,0,173.015,0.322185,0.668285
2025-12-18 16:29:48.065116100,172.517,173.517,1,0,173.017,0.304174,0.745133
2025-12-18 16:29:48.076515100,173.27,173.31,0.04,516,173.019,0.291978,0.445121
2025-12-18 16:29:48.089616400,172.522,173.522,1,0,173.022,0.27438,0.359012
2025-12-18 16:29:48.103173000,172.524,173.524,1,0,173.024,0.25708,0.375911
2025-12-18 16:29:48.116113900,173.02,173.13,0.11,531,173.026,0.240732,0.248016
2025-12-18 16:29:48.129109600,172.76,172.94,0.18,593,173.028,0.22391,0.278085
2025-12-18 16:29:48.139960100,172.53,173.53,1,0,173.03,0.208124,0.673031
2025-12-18 16:29:48.151084500,173.09,173.15,0.06,539,173.033,0.19414,0.212356
2025-12-18 16:29:48.161879800,172.535,173.535,1,0,173.035,0.179693,0.472811
2025-12-18 16:29:48.172967100,173.32,173.44,0.12,292,173.037,0.175518,0.498514
2025-12-18 16:29:48.186718500,172.539,173.539,1,0,173.039,0.163202,0.740613
2025-12-18 16:29:48.200980300,172.86,172.91,0.05,771,173.042,0.152693,0.218428
2025-12-18 16:29:48.214497200,172.544,173.544,1,0,173.044,0.143026,0.265784
2025-12-18 16:29:48.226321000,173.04,173.15,0.11,730,173.046,0.135189,0.23401
2025-12-18 16:29:48.238178600,173.21,173.23,0.02,993,173.048,0.131392,0.298052
2025-12-18 16:29:48.252409500,172.55,173.55,1,0,173.05,0.126034,0.278733
2025-12-18 16:29:48.264187900,172.7,173.19,0.49,588,173.053,0.12268,0.359882
2025-12-18 16:29:48.276767400,172.555,173.555,1,0,173.055,0.120161,0.257958
2025-12-18 16:29:48.287971700,172.88,173.06,0.18,475,173.057,0.119064,0.234908
2025-12-18 16:29:48.298885400,172.559,173.559,1,0,173.059,0.118491,0.684003
2025-12-18 16:29:48.312376800,172.74,172.83,0.09,284,173.059,0.123094,0.285966
2025-12-18 16:29:48.325972500,173,174.368,1.36819,946,173.04,0.152506,1.66372
2025-12-18 16:29:48.337042400,172.59,173.17,0.58,684,173.021,0.153784,0.375486
2025-12-18 16:29:48.349861000,172.501,173.501,1,0,173.001,0.153393,0.552329
2025-12-18 16:29:48.361182000,172.482,173.482,1,0,172.982,0.153166,0.3655
2025-12-18 16:29:48.371556400,172.462,173.462,1,0,172.962,0.153158,0.415457
2025-12-18 16:29:48.383052100,172.443,173.443,1,0,172.943,0.153866,1.91825
2025-12-18 16:29:48.395579800,172.424,173.424,1,0,172.924,0.154422,0.743611
2025-12-18 16:29:48.407158800,172.404,173.404,1,0,172.904,0.155592,0.402099
2025-12-18 16:29:48.419645500,172.385,173.385,1,0,172.885,0.156834,0.631967
2025-12-18 16:29:48.432545500,172.366,173.366,1,0,172.866,0.158298,0.75496
2025-12-18 16:29:48.442899600,172.346,173.346,1,0,172.846,0.157874,0.538496
2025-12-18 16:29:48.456220400,172.327,173.327,1,0,172.827,0.160275,0.537241
2025-12-18 16:29:48.469562200,172.308,173.308,1,0,172.808,0.162333,0.778576
2025-12-18 16:29:48.482424000,172.288,173.288,1,0,172.788,0.165609,0.604187
2025-12-18 16:29:48.496751200,172.269,173.269,1,0,172.769,0.166853,0.707088
2025-12-18 16:29:48.510631200,172.25,173.25,1,0,172.75,0.170851,0.456397
2025-12-18 16:29:48.524983500,172.23,173.23,1,0,172.73,0.172184,0.436581
2025-12-18 16:29:48.538468600,172.211,173.211,1,0,172.711,0.175753,0.815448
2025-12-18 16:29:48.550434700,172.191,173.191,1,0,172.691,0.18093,0.834901
2025-12-18 16:29:48.564076000,172.172,173.172,1,0,172.672,0.185867,0.673962
2025-12-18 16:29:48.577437500,172.153,173.153,1,0,172.653,0.191549,0.601796
2025-12-18 16:29:48.589065300,172.133,173.133,1,0,172.633,0.197504,0.342157
2025-12-18 16:29:48.600012900,172.114,173.114,1,0,172.614,0.194621,1.28659
2025-12-18 16:29:48.613784800,172.095,173.095,1,0,172.595,0.200901,0.382798
2025-12-18 16:29:48.625336400,172.075,173.075,1,0,172.575,0.207315,0.48653
2025-12-18 16:29:48.638148100,172.056,173.056,1,0,172.556,0.210767,0.312511
2025-12-18 16:29:48.650449700,172.037,173.037,1,0,172.537,0.217289,0.782713
2025-12-18 16:29:48.662194500,172.017,173.017,1,0,172.517,0.223855,1.51031
2025-12-18 16:29:48.675173400,171.998,172.998,1,0,172.498,0.230437,0.506759
2025-12-18 16:29:48.687642500,171.979,172.979,1,0,172.479,0.23701,0.57443
2025-12-18 16:29:48.700193000,171.959,172.959,1,0,172.459,0.237162,0.507631
2025-12-18 16:29:48.713770200,171.94,172.94,1,0,172.44,0.243548,0.925146
2025-12-18 16:29:48.725240900,171.92,172.92,1,0,172.42,0.249841,0.900094
2025-12-18 16:29:48.737408200,171.901,172.901,1,0,172.401,0.255176,0.698588
2025-12-18 16:29:48.748471500,171.882,172.882,1,0,172.382,0.262795,0.931583
2025-12-18 16:29:48.761945200,171.862,172.862,1,0,172.362,0.268767,0.642025
2025-12-18 16:29:48.772510000,171.843,172.843,1,0,172.343,0.272742,0.629536
2025-12-18 16:29:48.783887500,171.824,172.824,1,0,172.324,0.278247,0.387676
2025-12-18 16:29:48.797152400,171.804,172.804,1,0,172.304,0.272455,0.587977
2025-12-18 16:29:48.809773900,171.785,172.785,1,0,172.285,0.277262,0.722655
2025-12-18 16:29:48.819893500,171.766,172.766,1,0,172.266,0.284351,0.42813
2025-12-18 16:29:48.833070200,171.746,172.746,1,0,172.246,0.288628,0.305869
2025-12-18 16:29:48.846043800,171.727,172.727,1,0,172.227,0.291275,0.55187
2025-12-18 16:29:48.856892900,171.708,172.708,1,0,172.208,0.289364,0.737561
2025-12-18 16:29:48.867506900,171.688,172.688,1,0,172.188,0.29223,0.314121
2025-12-18 16:29:48.877620000,171.669,172.669,1,0,172.169,0.297198,0.883911
2025-12-18 16:29:48.888448400,171.649,172.649,1,0,172.149,0.299157,0.291909
2025-12-18 16:29:48.903447100,171.63,172.63,1,0,172.13,0.302891,0.823856
2025-12-18 16:29:48.920147600,171.611,172.611,1,0,172.111,0.303771,0.447601
2025-12-18 16:29:48.933089200,171.611,172.611,1,0,172.111,0.309705,0.7405
2025-12-18 16:29:48.947617600,171.558,172.558,1,0,172.058,0.275109,1.15857
2025-12-18 16:29:48.960804300,171.504,172.504,1,0,172.004,0.280948,0.39896
2025-12-18 16:29:48.970761300,171.451,172.451,1,0,171.951,0.283881,1.06301
2025-12-18 16:29:48.982339800,171.398,172.398,1,0,171.898,0.288005,0.385849
2025-12-18 16:29:48.995754400,171.345,172.345,1,0,171.845,0.293287,0.653039
2025-12-18 16:29:49.008263900,171.291,172.291,1,0,171.791,0.299678,0.303751
2025-12-18 16:29:49.020863300,171.238,172.238,1,0,171.738,0.307118,0.739485
2025-12-18 16:29:49.033591600,171.185,172.185,1,0,171.685,0.315534,0.498792
2025-12-18 16:29:49.047160600,171.132,172.132,1,0,171.632,0.32485,0.689403
2025-12-18 16:29:49.059779300,171.078,172.078,1,0,171.578,0.334986,0.428244
2025-12-18 16:29:49.075160000,171.025,172.025,1,0,171.525,0.34586,0.781312
2025-12-18 16:29:49.087939800,170.972,171.972,1,0,171.472,0.357391,0.644479
2025-12-18 16:29:49.100424300,170.919,171.919,1,0,171.419,0.369504,0.999598
2025-12-18 16:29:49.113236700,170.866,171.866,1,0,171.366,0.382123,0.583671
2025-12-18 16:29:49.125569200,170.812,171.812,1,0,171.312,0.395178,0.590984
2025-12-18 16:29:49.139511000,170.759,171.759,1,0,171.259,0.408602,1.07528
2025-12-18 16:29:49.152846000,170.706,171.706,1,0,171.206,0.422334,0.616332
2025-12-18 16:29:49.166668100,170.653,171.653,1,0,171.153,0.436315,0.396913
2025-12-18 16:29:49.179210300,170.599,171.599,1,0,171.099,0.450491,0.556038
2025-12-18 16:29:49.192338800,170.546,171.546,1,0,171.046,0.46481,0.333041
2025-12-18 16:29:49.205201200,170.493,171.493,1,0,170.993,0.479223,0.371957
2025-12-18 16:29:49.216959200,170.44,171.44,1,0,170.94,0.493687,0.574971
2025-12-18 16:29:49.231040200,170.386,171.386,1,0,170.886,0.508157,0.355046
2025-12-18 16:29:49.243473900,170.333,171.333,1,0,170.833,0.522593,0.785762
2025-12-18 16:29:49.255896400,170.28,171.28,1,0,170.78,0.536956,0.491577
2025-12-18 16:29:49.269007000,170.227,171.227,1,0,170.727,0.551208,0.315899
2025-12-18 16:29:49.282630100,170.174,171.174,1,0,170.674,0.565314,0.883833
2025-12-18 16:29:49.293081600,170.12,171.12,1,0,170.62,0.579238,0.466849
2025-12-18 16:29:49.305305600,170.067,171.067,1,0,170.567,0.592945,0.740429
2025-12-18 16:29:49.317871300,170.014,171.014,1,0,170.514,0.606403,0.505166
2025-12-18 16:29:49.330843600,169.961,170.961,1,0,170.461,0.619578,0.326402
2025-12-18 16:29:49.355333500,169.907,170.907,1,0,170.407,0.632436,0.567166
2025-12-18 16:29:49.369651200,169.854,170.854,1,0,170.354,0.644946,0.567282
2025-12-18 16:29:49.381935300,169.801,170.801,1,0,170.301,0.657073,1.60863
2025-12-18 16:29:49.394701500,169.748,170.748,1,0,170.248,0.668785,0.701629
2025-12-18 16:29:49.405998900,169.694,170.694,1,0,170.194,0.680048,0.439223
2025-12-18 16:29:49.424882800,169.641,170.641,1,0,170.141,0.690827,0.419205
2025-12-18 16:29:49.439888800,169.588,170.588,1,0,170.088,0.701087,0.610284
2025-12-18 16:29:49.454429700,169.535,170.535,1,0,170.035,0.710792,0.338856
2025-12-18 16:29:49.469319600,169.482,170.482,1,0,169.982,0.719905,0.795474
2025-12-18 16:29:49.482868900,169.428,170.428,1,0,169.928,0.728387,0.324747
2025-12-18 16:29:49.497148500,169.375,170.375,1,0,169.875,0.736197,0.759054
2025-12-18 16:29:49.509259000,169.322,170.322,1,0,169.822,0.743293,0.795662
2025-12-18 16:29:49.521868300,169.269,170.269,1,0,169.769,0.74963,0.560881
2025-12-18 16:29:49.533760700,169.215,170.215,1,0,169.715,0.755162,1.03371
2025-12-18 16:29:49.544749400,169.162,170.162,1,0,169.662,0.759838,0.306818
2025-12-18 16:29:49.555688800,169.109,170.109,1,0,169.609,0.763605,0.716947
2025-12-18 16:29:49.568628300,169.056,170.056,1,0,169.556,0.766406,0.397459
2025-12-18 16:29:49.582323500,169.002,170.002,1,0,169.502,0.76818,0.614822
2025-12-18 16:29:49.593128000,169.002,170.002,1,0,169.502,0.766406,0.52926
2025-12-18 16:29:49.609098900,169.008,170.008,1,0,169.508,0.762814,0.705316
2025-12-18 16:29:49.623336000,169.014,170.014,1,0,169.514,0.75754,0.745959
2025-12-18 16:29:49.635826700,169.019,170.019,1,0,169.519,0.75071,0.433617
2025-12-18 16:29:49.648524800,169.025,170.025,1,0,169.525,0.742437,0.688907
2025-12-18 16:29:49.661892600,169.37,169.55,0.18,779,169.531,0.734778,0.263105
2025-12-18 16:29:49.674755100,169.036,170.036,1,0,169.536,0.72386,0.990024
2025-12-18 16:29:49.686550200,169.48,169.76,0.28,597,169.542,0.709943,0.435248
2025-12-18 16:29:49.699255200,169.048,170.048,1,0,169.548,0.696862,0.62787
2025-12-18 16:29:49.711911600,169.43,169.52,0.09,813,169.553,0.684668,0.207638
2025-12-18 16:29:49.724300500,169.85,169.95,0.1,802,169.559,0.663781,0.524979
2025-12-18 16:29:49.735158000,169.065,170.065,1,0,169.565,0.648145,0.405328
2025-12-18 16:29:49.748595100,169.66,169.73,0.07,717,169.57,0.629365,0.200513
2025-12-18 16:29:49.761828600,169.39,170.01,0.62,732,169.576,0.610039,0.376561
2025-12-18 16:29:49.773038600,169.081,170.081,1,0,169.581,0.592381,0.817181
2025-12-18 16:29:49.783971100,169.49,169.5,0.01,465,169.587,0.575974,0.143628
2025-12-18 16:29:49.797870600,169.093,170.093,1,0,169.593,0.557103,0.671603
2025-12-18 16:29:49.808540500,169.15,169.72,0.57,604,169.598,0.540997,0.373982
2025-12-18 16:29:49.819667300,169.104,170.104,1,0,169.604,0.521123,0.270308
2025-12-18 16:29:49.830908600,169.81,169.96,0.15,685,169.61,0.49814,0.49215
2025-12-18 16:29:49.842409300,169.115,170.115,1,0,169.615,0.477774,0.198814
2025-12-18 16:29:49.857689000,169.33,169.77,0.44,1043,169.621,0.458244,0.355525
2025-12-18 16:29:49.869510800,169.127,170.127,1,0,169.627,0.437368,0.311961
2025-12-18 16:29:49.882571100,169.68,169.88,0.2,445,169.632,0.415029,0.45956
2025-12-18 16:29:49.894158100,169.138,170.138,1,0,169.638,0.394013,0.709712
2025-12-18 16:29:49.906043700,169.35,169.76,0.41,642,169.644,0.374128,0.385692
2025-12-18 16:29:49.917151900,169.149,170.149,1,0,169.649,0.353072,0.325553
2025-12-18 16:29:49.928697200,169.82,169.99,0.17,510,169.655,0.33175,0.467545
2025-12-18 16:29:49.939981200,169.161,170.161,1,0,169.661,0.311246,0.531644
2025-12-18 16:29:49.955424400,169.24,169.49,0.25,761,169.666,0.296153,0.380195
2025-12-18 16:29:49.968144700,169.63,170.08,0.45,1136,169.672,0.276472,0.436185
2025-12-18 16:29:49.979811400,169.177,170.177,1,0,169.677,0.257299,0.327074
2025-12-18 16:29:49.991942700,169.52,169.67,0.15,621,169.683,0.239319,0.159235
2025-12-18 16:29:50.003534200,169.189,170.189,1,0,169.689,0.221421,0.735403
2025-12-18 16:29:50.017462800,169.46,169.49,0.03,436,169.694,0.206662,0.0596859
2025-12-18 16:29:50.029766300,169.2,170.2,1,0,169.7,0.190623,1.00636
2025-12-18 16:29:50.042386900,169.6,169.72,0.12,591,169.706,0.175739,0.25093
2025-12-18 16:29:50.055749100,169.49,169.66,0.17,588,169.711,0.162552,0.279367
2025-12-18 16:29:50.068954900,169.217,170.217,1,0,169.717,0.150674,0.603025
2025-12-18 16:29:50.081959400,169.223,170.223,1,0,169.723,0.140656,0.553119
2025-12-18 16:29:50.096540200,169.228,170.228,1,0,169.728,0.132665,1.27206
2025-12-18 16:29:50.108677400,169.234,170.234,1,0,169.734,0.126783,0.592114
2025-12-18 16:29:50.124839100,169.24,170.24,1,0,169.74,0.122968,0.422622
2025-12-18 16:29:50.138962300,169.245,170.245,1,0,169.745,0.121033,1.13281
2025-12-18 16:29:50.150774500,169.251,170.251,1,0,169.751,0.120647,1.11718
2025-12-18 16:29:50.162837300,169.51,169.91,0.4,514,169.756,0.120572,0.390379
2025-12-18 16:29:50.177654000,169.78,169.89,0.11,454,169.762,0.123929,0.217037
2025-12-18 16:29:50.191397600,169.268,170.268,1,0,169.768,0.125335,0.791419
2025-12-18 16:29:50.204688000,169.93,169.94,0.01,402,169.773,0.131638,0.226843
2025-12-18 16:29:50.219473900,169.279,170.279,1,0,169.779,0.131453,0.887864
2025-12-18 16:29:50.233245700,169.48,169.49,0.01,601,169.779,0.131861,0.157365
2025-12-18 16:29:50.251325100,169.302,170.302,1,0,169.802,0.132069,0.600018
2025-12-18 16:29:50.262874400,169.59,169.76,0.17,937,169.825,0.130578,0.171106
2025-12-18 16:29:50.276142500,169.349,170.349,1,0,169.849,0.131785,0.418391
2025-12-18 16:29:50.288783500,169.372,170.372,1,0,169.872,0.133443,1.24458
2025-12-18 16:29:50.299772300,169.395,170.395,1,0,169.895,0.133637,0.444385
2025-12-18 16:29:50.311987700,169.418,170.418,1,0,169.918,0.136159,0.584043
2025-12-18 16:29:50.325122400,169.441,170.441,1,0,169.941,0.140387,0.597459
2025-12-18 16:29:50.336423800,169.465,170.465,1,0,169.965,0.143848,0.344938
2025-12-18 16:29:50.350235600,169.488,170.488,1,0,169.988,0.145616,0.782001
2025-12-18 16:29:50.367697400,169.511,170.511,1,0,170.011,0.149271,0.729471
2025-12-18 16:29:50.388277900,169.534,170.534,1,0,170.034,0.154276,0.625705
2025-12-18 16:29:50.400767000,169.557,170.557,1,0,170.057,0.16114,0.287291
2025-12-18 16:29:50.413235100,169.581,170.581,1,0,170.081,0.168349,0.595047
2025-12-18 16:29:50.423808700,169.604,170.604,1,0,170.104,0.174404,0.599775
2025-12-18 16:29:50.437483400,169.627,170.627,1,0,170.127,0.178428,0.814002
2025-12-18 16:29:50.450297600,169.65,170.65,1,0,170.15,0.184856,0.823051
2025-12-18 16:29:50.462436900,169.673,170.673,1,0,170.173,0.186803,0.528623
2025-12-18 16:29:50.477721200,169.696,170.696,1,0,170.196,0.19349,0.674667
2025-12-18 16:29:50.495999200,169.72,170.72,1,0,170.22,0.201957,0.79168
2025-12-18 16:29:50.515865700,169.743,170.743,1,0,170.243,0.209117,0.513518
2025-12-18 16:29:50.533460000,169.766,170.766,1,0,170.266,0.214709,0.526537
2025-12-18 16:29:50.548334200,169.789,170.789,1,0,170.289,0.221925,0.843516
2025-12-18 16:29:50.560929300,169.812,170.812,1,0,170.312,0.231101,0.657273
2025-12-18 16:29:50.574933200,169.836,170.836,1,0,170.336,0.238439,0.486821
2025-12-18 16:29:50.588049700,169.859,170.859,1,0,170.359,0.243679,0.571481
2025-12-18 16:29:50.602715800,169.882,170.882,1,0,170.382,0.250904,0.401382
2025-12-18 16:29:50.617689100,169.905,170.905,1,0,170.405,0.260645,0.87018
2025-12-18 16:29:50.630404800,169.928,170.928,1,0,170.428,0.267951,0.674206
2025-12-18 16:29:50.644299900,169.952,170.952,1,0,170.452,0.265591,0.867104
2025-12-18 16:29:50.656006700,169.975,170.975,1,0,170.475,0.275242,0.716913
2025-12-18 16:29:50.668633900,169.998,170.998,1,0,170.498,0.282246,0.488865
2025-12-18 16:29:50.681822400,170.021,171.021,1,0,170.521,0.286925,0.67574
2025-12-18 16:29:50.697472800,170.044,171.044,1,0,170.544,0.293559,0.535446
2025-12-18 16:29:50.712023200,170.067,171.067,1,0,170.567,0.293393,0.809793
2025-12-18 16:29:50.725308100,170.091,171.091,1,0,170.591,0.299525,0.651572
2025-12-18 16:29:50.738156300,170.114,171.114,1,0,170.614,0.304276,0.608664
2025-12-18 16:29:50.750719800,170.137,171.137,1,0,170.637,0.305955,0.86739
2025-12-18 16:29:50.762740600,170.16,171.16,1,0,170.66,0.311252,0.831916
2025-12-18 16:29:50.774553200,170.183,171.183,1,0,170.683,0.316276,0.628577
2025-12-18 16:29:50.787888200,170.207,171.207,1,0,170.707,0.321008,0.588649
2025-12-18 16:29:50.800712500,170.23,171.23,1,0,170.73,0.325428,1.07958
2025-12-18 16:29:50.836496700,170.253,171.253,1,0,170.753,0.329516,0.818079
2025-12-18 16:29:50.854940800,170.276,171.276,1,0,170.776,0.333251,0.591372
2025-12-18 16:29:50.874509400,170.299,171.299,1,0,170.799,0.33661,0.339602
2025-12-18 16:29:50.892442400,170.323,171.323,1,0,170.823,0.33814,0.599681
2025-12-18 16:29:50.915899700,170.346,171.346,1,0,170.846,0.342657,0.961061
2025-12-18 16:29:50.932692800,170.369,171.369,1,0,170.869,0.344767,0.863235
2025-12-18 16:29:50.949201500,170.392,171.392,1,0,170.892,0.350688,0.771188
2025-12-18 16:29:50.968882200,170.415,171.415,1,0,170.915,0.351998,0.580427
2025-12-18 16:29:50.985681200,170.415,171.415,1,0,170.915,0.339382,0.780966
2025-12-18 16:29:51.001422200,170.465,171.465,1,0,170.965,0.339715,1.17541
2025-12-18 16:29:51.020584300,170.514,171.514,1,0,171.014,0.335017,0.727667
2025-12-18 16:29:51.038202100,170.563,171.563,1,0,171.063,0.336947,0.803654
2025-12-18 16:29:51.054669700,170.612,171.612,1,0,171.112,0.339759,0.76362
2025-12-18 16:29:51.068494000,170.661,171.661,1,0,171.161,0.343427,0.561954
2025-12-18 16:29:51.085956300,170.711,171.711,1,0,171.211,0.34792,0.564467
2025-12-18 16:29:51.107996600,170.76,171.76,1,0,171.26,0.353198,0.592897
2025-12-18 16:29:51.122802400,170.809,171.809,1,0,171.309,0.359217,0.770986
2025-12-18 16:29:51.141644300,170.858,171.858,1,0,171.358,0.365928,1.18064
2025-12-18 16:29:51.162080600,170.907,171.907,1,0,171.407,0.373282,0.848194
2025-12-18 16:29:51.176746500,170.956,171.956,1,0,171.456,0.381224,0.587453
2025-12-18 16:29:51.189536700,171.006,172.006,1,0,171.506,0.389701,0.542751
2025-12-18 16:29:51.207191200,171.055,172.055,1,0,171.555,0.398661,0.974943
2025-12-18 16:29:51.223928700,171.104,172.104,1,0,171.604,0.408051,1.00785
2025-12-18 16:29:51.236512000,171.153,172.153,1,0,171.653,0.417821,1.08883
2025-12-18 16:29:51.255222500,171.202,172.202,1,0,171.702,0.42792,0.367075
2025-12-18 16:29:51.271185400,171.252,172.252,1,0,171.752,0.438302,0.900354
2025-12-18 16:29:51.290409000,171.301,172.301,1,0,171.801,0.448921,0.513843
2025-12-18 16:29:51.306212300,171.35,172.35,1,0,171.85,0.459734,0.332131
2025-12-18 16:29:51.322190700,171.399,172.399,1,0,171.899,0.470699,1.00951
2025-12-18 16:29:51.340299700,171.448,172.448,1,0,171.948,0.481776,1.00821
2025-12-18 16:29:51.360094100,171.498,172.498,1,0,171.998,0.492928,0.413944
2025-12-18 16:29:51.375651100,171.547,172.547,1,0,172.047,0.50412,0.975462
2025-12-18 16:29:51.387227100,171.596,172.596,1,0,172.096,0.515315,0.769033
2025-12-18 16:29:51.399658200,171.645,172.645,1,0,172.145,0.526482,0.87427
2025-12-18 16:29:51.413390500,171.694,172.694,1,0,172.194,0.537588,0.698339
2025-12-18 16:29:51.426799100,171.744,172.744,1,0,172.244,0.548602,0.681873
2025-12-18 16:29:51.438902800,171.793,172.793,1,0,172.293,0.559495,0.613307
2025-12-18 16:29:51.451997800,171.842,172.842,1,0,172.342,0.570238,0.730214
2025-12-18 16:29:51.464580000,171.891,172.891,1,0,172.391,0.580802,0.314344
2025-12-18 16:29:51.476236400,171.94,172.94,1,0,172.44,0.591159,0.625438
2025-12-18 16:29:51.488563800,171.99,172.99,1,0,172.49,0.601282,0.626045
2025-12-18 16:29:51.501955400,172.039,173.039,1,0,172.539,0.611143,0.880087
2025-12-18 16:29:51.513864000,172.088,173.088,1,0,172.588,0.620716,0.745439
2025-12-18 16:29:51.525738200,172.137,173.137,1,0,172.637,0.629973,0.758717
2025-12-18 16:29:51.538494300,172.186,173.186,1,0,172.686,0.638887,0.32431
2025-12-18 16:29:51.551957100,172.236,173.236,1,0,172.736,0.64743,0.755709
2025-12-18 16:29:51.565261600,172.285,173.285,1,0,172.785,0.655574,0.760697
2025-12-18 16:29:51.577808500,172.334,173.334,1,0,172.834,0.663291,0.570151
2025-12-18 16:29:51.589828000,172.383,173.383,1,0,172.883,0.670551,0.920935
2025-12-18 16:29:51.603560800,172.432,173.432,1,0,172.932,0.677325,0.622929
2025-12-18 16:29:51.614667600,172.482,173.482,1,0,172.982,0.683582,0.340891
2025-12-18 16:29:51.625119000,172.531,173.531,1,0,173.031,0.689288,0.750727
2025-12-18 16:29:51.638243200,172.58,173.58,1,0,173.08,0.694412,0.706944
2025-12-18 16:29:51.652554700,172.629,173.629,1,0,173.129,0.698917,0.46592
2025-12-18 16:29:51.664433000,172.678,173.678,1,0,173.178,0.702766,0.649051
2025-12-18 16:29:51.677327600,172.728,173.728,1,0,173.228,0.705922,0.530673
2025-12-18 16:29:51.690834200,172.777,173.777,1,0,173.277,0.708341,0.486609
2025-12-18 16:29:51.703781300,172.826,173.826,1,0,173.326,0.70998,0.505255
2025-12-18 16:29:51.715851700,172.826,173.826,1,0,173.326,0.708341,0.528914
2025-12-18 16:29:51.727383600,172.864,173.864,1,0,173.364,0.70639,0.449035
2025-12-18 16:29:51.739336100,172.901,173.901,1,0,173.401,0.704144,0.997244
2025-12-18 16:29:51.753098700,172.939,173.939,1,0,173.439,0.701618,0.903943
2025-12-18 16:29:51.766690400,172.977,173.977,1,0,173.477,0.698827,0.600037
2025-12-18 16:29:51.777230700,173.015,174.015,1,0,173.515,0.695787,0.535488
2025-12-18 16:29:51.790824600,173.052,174.052,1,0,173.552,0.692511,0.74686
2025-12-18 16:29:51.804324200,173.09,174.09,1,0,173.59,0.689015,0.946774
2025-12-18 16:29:51.818010600,173.128,174.128,1,0,173.628,0.685313,0.749326
2025-12-18 16:29:51.831439400,173.165,174.165,1,0,173.665,0.68142,0.523121
2025-12-18 16:29:51.842156600,173.203,174.203,1,0,173.703,0.677348,0.363857
2025-12-18 16:29:51.852773100,173.241,174.241,1,0,173.741,0.673113,0.52499
2025-12-18 16:29:51.862917400,173.279,174.279,1,0,173.779,0.668729,0.859411
2025-12-18 16:29:51.874378000,173.316,174.316,1,0,173.816,0.66421,0.788258
2025-12-18 16:29:51.886202400,173.354,174.354,1,0,173.854,0.659569,0.638802
2025-12-18 16:29:51.897764200,173.392,174.392,1,0,173.892,0.654823,0.50286
2025-12-18 16:29:51.909915000,173.429,174.429,1,0,173.929,0.649983,0.42222
2025-12-18 16:29:51.925291500,173.467,174.467,1,0,173.967,0.645066,0.589012
2025-12-18 16:29:51.941770400,173.505,174.505,1,0,174.005,0.640087,0.734534
2025-12-18 16:29:51.959308900,173.542,174.542,1,0,174.042,0.635059,0.51664
2025-12-18 16:29:51.976783100,173.58,174.58,1,0,174.08,0.629998,0.751566
2025-12-18 16:29:51.994153000,173.618,174.618,1,0,174.118,0.62492,0.525347
2025-12-18 16:29:52.013359300,173.656,174.656,1,0,174.156,0.61984,0.327246
2025-12-18 16:29:52.026526000,173.693,174.693,1,0,174.193,0.614774,0.534793
2025-12-18 16:29:52.041990100,173.731,174.731,1,0,174.231,0.609738,0.519101
2025-12-18 16:29:52.057642800,173.769,174.769,1,0,174.269,0.604749,0.697587
2025-12-18 16:29:52.074501800,173.806,174.806,1,0,174.306,0.599823,1.03142
2025-12-18 16:29:52.090106800,173.844,174.844,1,0,174.344,0.594977,0.47955
2025-12-18 16:29:52.105584700,173.882,174.882,1,0,174.382,0.590229,0.598434
2025-12-18 16:29:52.118142100,173.92,174.92,1,0,174.42,0.585595,0.876552
2025-12-18 16:29:52.133405100,173.957,174.957,1,0,174.457,0.581094,0.606681
2025-12-18 16:29:52.149274600,173.995,174.995,1,0,174.495,0.576743,0.737285
2025-12-18 16:29:52.158665500,174.033,175.033,1,0,174.533,0.572561,0.624246
2025-12-18 16:29:52.173618400,174.07,175.07,1,0,174.57,0.568565,1.15181
2025-12-18 16:29:52.184782100,174.108,175.108,1,0,174.608,0.564774,0.68678
2025-12-18 16:29:52.197510200,174.146,175.146,1,0,174.646,0.561206,0.460178
2025-12-18 16:29:52.211039800,174.183,175.183,1,0,174.683,0.557879,1.15579
2025-12-18 16:29:52.223404200,174.221,175.221,1,0,174.721,0.554811,0.689265
2025-12-18 16:29:52.237021000,174.259,175.259,1,0,174.759,0.55202,0.683155
2025-12-18 16:29:52.248850000,174.297,175.297,1,0,174.797,0.549523,0.336958
2025-12-18 16:29:52.260789800,174.334,175.334,1,0,174.834,0.547337,0.421732
2025-12-18 16:29:52.274699000,174.372,175.372,1,0,174.872,0.545479,0.734439
2025-12-18 16:29:52.291244900,174.41,175.41,1,0,174.91,0.543964,0.528512
2025-12-18 16:29:52.312097800,174.447,175.447,1,0,174.947,0.542808,0.305756
2025-12-18 16:29:52.328780900,174.485,175.485,1,0,174.985,0.542024,1.25342
2025-12-18 16:29:52.346519100,174.523,175.523,1,0,175.023,0.541627,0.469891
2025-12-18 16:29:52.363002200,174.56,175.56,1,0,175.06,0.541627,0.76323
2025-12-18 16:29:52.378028100,174.598,175.598,1,0,175.098,0.542037,0.920129
2025-12-18 16:29:52.388828900,174.636,175.636,1,0,175.136,0.542866,0.307003
2025-12-18 16:29:52.403212000,174.674,175.674,1,0,175.174,0.544122,0.662395
2025-12-18 16:29:52.415113200,174.674,175.674,1,0,175.174,0.542866,0.547128
2025-12-18 16:29:52.426138500,174.673,175.673,1,0,175.173,0.540415,0.544037
2025-12-18 16:29:52.438625900,174.672,175.672,1,0,175.172,0.536857,1.1498
2025-12-18 16:29:52.453585300,174.671,175.671,1,0,175.171,0.532271,0.882403
2025-12-18 16:29:52.466262500,174.67,175.67,1,0,175.17,0.526728,0.451278
2025-12-18 16:29:52.478636400,175.11,175.25,0.14,543,175.169,0.520608,0.317195
2025-12-18 16:29:52.491310300,175.15,175.27,0.12,385,175.168,0.514485,0.210701
2025-12-18 16:29:52.505079800,175.35,175.5,0.15,792,175.167,0.514187,0.433702
2025-12-18 16:29:52.518916200,174.666,175.666,1,0,175.166,0.50521,0.378574
2025-12-18 16:29:52.532386000,175.02,175.03,0.01,647,175.165,0.492722,0.175327
2025-12-18 16:29:52.545687500,174.664,175.664,1,0,175.164,0.482584,0.407448
2025-12-18 16:29:52.559324200,175.13,175.47,0.34,891,175.163,0.475269,0.303881
2025-12-18 16:29:52.573002400,174.662,175.662,1,0,175.162,0.46395,0.503002
2025-12-18 16:29:52.587608400,175.11,175.32,0.21,514,175.161,0.453313,0.259165
2025-12-18 16:29:52.600068900,174.82,174.85,0.03,377,175.159,0.437034,0.225643
2025-12-18 16:29:52.613422100,174.658,175.658,1,0,175.158,0.424612,0.339921
2025-12-18 16:29:52.626148300,175,175.09,0.09,830,175.157,0.410019,0.180507
2025-12-18 16:29:52.637454200,174.66,175.25,0.59,574,175.156,0.39429,0.653836
2025-12-18 16:29:52.647871700,174.655,175.655,1,0,175.155,0.381087,0.49922
2025-12-18 16:29:52.660543700,174.654,175.654,1,0,175.154,0.367619,0.966055
2025-12-18 16:29:52.672219000,175.35,175.37,0.02,505,175.153,0.358525,0.301258
2025-12-18 16:29:52.684391200,174.76,175.23,0.47,1391,175.152,0.342806,0.265993
2025-12-18 16:29:52.697334300,174.651,175.651,1,0,175.151,0.328816,0.301869
2025-12-18 16:29:52.707637100,174.84,174.92,0.08,615,175.15,0.313,1.09366
2025-12-18 16:29:52.718713900,174.649,175.649,1,0,175.149,0.299072,0.92227
2025-12-18 16:29:52.730545600,175.07,175.3,0.23,436,175.148,0.285673,0.272539
2025-12-18 16:29:52.743232700,174.647,175.647,1,0,175.147,0.271715,0.71189
2025-12-18 16:29:52.755286000,175.16,175.18,0.02,535,175.146,0.258136,0.209007
2025-12-18 16:29:52.768897200,175.62,175.68,0.06,300,175.145,0.260106,0.563312
2025-12-18 16:29:52.781136600,174.644,175.644,1,0,175.144,0.246733,0.34272
2025-12-18 16:29:52.793406000,174.83,175.33,0.5,1137,175.143,0.233207,0.281774
2025-12-18 16:29:52.805615100,174.642,175.642,1,0,175.142,0.220463,0.58936
2025-12-18 16:29:52.820214600,175.18,175.37,0.19,1127,175.141,0.209979,0.502519
2025-12-18 16:29:52.830777000,174.64,175.64,1,0,175.14,0.198044,0.919198
2025-12-18 16:29:52.842924200,174.639,175.639,1,0,175.139,0.186651,0.46987
2025-12-18 16:29:52.856000700,174.638,175.638,1,0,175.138,0.175883,0.735764
2025-12-18 16:29:52.868203300,174.637,175.637,1,0,175.137,0.165828,0.349158
2025-12-18 16:29:52.881799900,174.636,175.636,1,0,175.136,0.156578,1.23038
2025-12-18 16:29:52.894537000,174.635,175.635,1,0,175.135,0.148222,0.459869
2025-12-18 16:29:52.907774100,174.96,175.03,0.07,412,175.134,0.142036,0.489478
2025-12-18 16:29:52.918266900,174.633,175.633,1,0,175.133,0.135874,0.40142
2025-12-18 16:29:52.932296000,175.1,175.34,0.24,611,175.132,0.131318,0.24147
2025-12-18 16:29:52.944909400,174.631,175.631,1,0,175.131,0.127251,0.787402
2025-12-18 16:29:52.956183200,175.1,175.41,0.31,805,175.13,0.125144,0.269338
2025-12-18 16:29:52.970309500,174.629,175.629,1,0,175.129,0.123012,0.82228
2025-12-18 16:29:52.982946500,175.16,175.26,0.1,467,175.128,0.121916,0.24059
2025-12-18 16:29:52.994886300,174.627,175.627,1,0,175.127,0.121247,0.615095
2025-12-18 16:29:53.008615900,174.72,174.93,0.21,731,175.126,0.129574,0.213525
2025-12-18 16:29:53.021307000,174.625,175.625,1,0,175.125,0.129606,0.541373
2025-12-18 16:29:53.033078500,175,175.03,0.03,1341,175.124,0.130918,0.097683
