BestBid,BestAsk,Spread,Depth
2025-11-11 18:50:29.001020,99.32,99.4827,0.162671,276
2025-11-11 18:50:29.003712,99.23,99.32,0.09,391
2025-11-11 18:50:29.007030,99.18,99.23,0.05,466
2025-11-11 18:50:29.010449,99.14,99.18,0.04,879
2025-11-11 18:50:29.012787,99.13,99.14,0.01,983
2025-11-11 18:50:29.015004,99.1312,99.14,0.00881806,973
2025-11-11 18:50:29.017222,99.13,99.1312,0.00118194,1015
2025-11-11 18:50:29.019318,99.1312,99.14,0.00881806,1245
2025-11-11 18:50:29.021978,99.1312,99.14,0.00881806,1068
2025-11-11 18:50:29.024594,99.14,99.1673,0.027333,1148
2025-11-11 18:50:29.027674,99.14,99.1673,0.027333,1097
2025-11-11 18:50:29.031377,99.1673,99.18,0.012667,1406
2025-11-11 18:50:29.034622,99.1673,99.18,0.012667,853
2025-11-11 18:50:29.037971,99.1673,99.18,0.012667,821
2025-11-11 18:50:29.041352,99.1673,99.18,0.012667,770
2025-11-11 18:50:29.044848,99.14,99.1673,0.027333,875
2025-11-11 18:50:29.047915,99.14,99.1673,0.027333,781
2025-11-11 18:50:29.050716,99.1673,99.17,0.00266701,657
2025-11-11 18:50:29.053513,99.14,99.1673,0.027333,937
2025-11-11 18:50:29.055991,99.1673,99.17,0.00266701,613
2025-11-11 18:50:29.058101,99.1614,99.1673,0.00591908,1111
2025-11-11 18:50:29.060237,99.14,99.1614,0.0214139,1808
2025-11-11 18:50:29.062406,99.1312,99.14,0.00881806,2256
2025-11-11 18:50:29.065129,99.13,99.1312,0.00118194,2224
2025-11-11 18:50:29.067996,99.1312,99.14,0.00881806,2482
2025-11-11 18:50:29.070554,99.1312,99.14,0.00881806,2549
2025-11-11 18:50:29.073789,99.1312,99.14,0.00881806,2373
2025-11-11 18:50:29.076235,99.13,99.1312,0.00118194,2475
2025-11-11 18:50:29.078382,99.1312,99.14,0.00881806,2312
2025-11-11 18:50:29.081410,99.1312,99.14,0.00881806,1793
2025-11-11 18:50:29.083694,99.1312,99.14,0.00881806,1792
2025-11-11 18:50:29.085891,99.1312,99.14,0.00881806,1665
2025-11-11 18:50:29.088224,99.13,99.1312,0.00118194,1206
2025-11-11 18:50:29.090749,99.13,99.1312,0.00118194,1073
2025-11-11 18:50:29.093415,99.1199,99.13,0.0101392,1369
2025-11-11 18:50:29.095734,99.1174,99.1199,0.00241479,1198
2025-11-11 18:50:29.098120,99.1171,99.1174,0.000350518,1143
2025-11-11 18:50:29.100341,99.11,99.1171,0.00709551,1293
2025-11-11 18:50:29.102593,99.1096,99.11,0.000354762,942
2025-11-11 18:50:29.104853,99.11,99.1135,0.00347263,1178
2025-11-11 18:50:29.107542,99.1135,99.1148,0.00137281,1374
2025-11-11 18:50:29.110141,99.1135,99.1148,0.00137281,1252
2025-11-11 18:50:29.112820,99.1135,99.1148,0.00137281,1166
2025-11-11 18:50:29.115262,99.1148,99.1171,0.00225007,1321
2025-11-11 18:50:29.117448,99.1135,99.1148,0.00137281,1330
2025-11-11 18:50:29.119783,99.1148,99.1171,0.00225007,1335
2025-11-11 18:50:29.122514,99.1171,99.1174,0.000350518,1288
2025-11-11 18:50:29.124942,99.1174,99.1187,0.00125961,1484
2025-11-11 18:50:29.127095,99.1187,99.1187,1.37143e-05,1298
2025-11-11 18:50:29.129481,99.1187,99.1187,1.37143e-05,1266
2025-11-11 18:50:29.132091,99.1187,99.1199,0.00114147,1803
2025-11-11 18:50:29.134413,99.1199,99.12,0.000139174,2203
2025-11-11 18:50:29.136676,99.12,99.1235,0.00349557,2235
2025-11-11 18:50:29.138909,99.12,99.1235,0.00349557,2004
2025-11-11 18:50:29.141074,99.12,99.1235,0.00349557,1990
2025-11-11 18:50:29.143306,99.1235,99.1279,0.00442286,2040
2025-11-11 18:50:29.145621,99.1279,99.1299,0.00198083,1808
2025-11-11 18:50:29.147861,99.1235,99.1279,0.00442286,2086
2025-11-11 18:50:29.150023,99.12,99.1235,0.00349557,2147
2025-11-11 18:50:29.152149,99.1199,99.12,0.000139174,2352
2025-11-11 18:50:29.154858,99.12,99.1235,0.00349557,2053
2025-11-11 18:50:29.157242,99.1235,99.1279,0.00442286,1930
2025-11-11 18:50:29.159408,99.12,99.1235,0.00349557,1855
2025-11-11 18:50:29.161706,99.1199,99.12,0.000139174,1371
2025-11-11 18:50:29.164178,99.1199,99.12,0.000139174,1196
2025-11-11 18:50:29.166565,99.1199,99.12,0.000139174,1108
2025-11-11 18:50:29.168752,99.12,99.1235,0.00349557,1498
2025-11-11 18:50:29.171031,99.1199,99.12,0.000139174,1691
2025-11-11 18:50:29.173458,99.1199,99.12,0.000139174,1584
2025-11-11 18:50:29.175850,99.1199,99.12,0.000139174,1335
2025-11-11 18:50:29.177932,99.1199,99.12,0.000139174,1222
2025-11-11 18:50:29.180243,99.1199,99.12,0.000139174,1140
2025-11-11 18:50:29.182796,99.1199,99.12,0.000139174,1041
2025-11-11 18:50:29.185047,99.1199,99.12,0.000139174,669
2025-11-11 18:50:29.187965,99.1197,99.1199,0.000174366,823
2025-11-11 18:50:29.190183,99.1187,99.1197,0.000967108,1209
2025-11-11 18:50:29.192372,99.1197,99.1199,0.000174366,827
2025-11-11 18:50:29.194589,99.1197,99.1199,0.000174366,698
2025-11-11 18:50:29.196769,99.1199,99.12,0.000139174,749
2025-11-11 18:50:29.199935,99.1199,99.12,0.000139174,691
2025-11-11 18:50:29.202755,99.1197,99.1199,0.000174366,696
2025-11-11 18:50:29.204993,99.1187,99.1197,0.000967108,932
2025-11-11 18:50:29.207134,99.1187,99.1197,0.000967108,634
2025-11-11 18:50:29.209386,99.1187,99.1187,1.37143e-05,1035
2025-11-11 18:50:29.211617,99.1187,99.1197,0.000967108,1302
2025-11-11 18:50:29.213912,99.1187,99.1197,0.000967108,1099
2025-11-11 18:50:29.216416,99.1187,99.1197,0.000967108,1037
2025-11-11 18:50:29.218727,99.1187,99.1197,0.000967108,980
2025-11-11 18:50:29.221013,99.1197,99.1199,0.000174366,1483
2025-11-11 18:50:29.223726,99.1192,99.1197,0.000464366,1092
2025-11-11 18:50:29.226292,99.1187,99.1192,0.000502742,1406
2025-11-11 18:50:29.228532,99.1187,99.1192,0.000502742,1099
2025-11-11 18:50:29.231325,99.1192,99.1197,0.000464366,1535
2025-11-11 18:50:29.233540,99.1192,99.1197,0.000464366,1364
2025-11-11 18:50:29.235846,99.1192,99.1197,0.000464366,1309
2025-11-11 18:50:29.238760,99.1192,99.1197,0.000464366,1254
2025-11-11 18:50:29.241166,99.1197,99.1199,0.000174366,1323
2025-11-11 18:50:29.243798,99.1199,99.12,0.000139174,1310
2025-11-11 18:50:29.247385,99.12,99.12,3.81235e-05,1289
2025-11-11 18:50:29.249917,99.12,99.1206,0.000569509,721
2025-11-11 18:50:29.252514,99.1206,99.1207,0.000151178,932
2025-11-11 18:50:29.254948,99.1206,99.1207,0.000151178,719
2025-11-11 18:50:29.257276,99.1207,99.121,0.000262336,690
2025-11-11 18:50:29.259557,99.1206,99.1207,0.000151178,1114
2025-11-11 18:50:29.261887,99.1206,99.1207,0.000151178,1067
2025-11-11 18:50:29.264232,99.1206,99.1207,0.000151178,830
2025-11-11 18:50:29.266387,99.1207,99.121,0.000262336,804
2025-11-11 18:50:29.268780,99.1206,99.1207,0.000151178,747
2025-11-11 18:50:29.271928,99.1203,99.1206,0.000298613,1088
2025-11-11 18:50:29.274147,99.12,99.1203,0.000270896,1670
2025-11-11 18:50:29.276358,99.12,99.1203,0.000270896,1350
2025-11-11 18:50:29.278539,99.12,99.1203,0.000270896,1272
2025-11-11 18:50:29.280918,99.12,99.1203,0.000270896,1062
2025-11-11 18:50:29.283307,99.1203,99.1206,0.000298613,891
2025-11-11 18:50:29.285493,99.12,99.1203,0.000270896,1051
2025-11-11 18:50:29.287795,99.1203,99.1206,0.000298613,810
2025-11-11 18:50:29.290116,99.12,99.1203,0.000270896,1090
2025-11-11 18:50:29.292544,99.12,99.12,3.81235e-05,1058
2025-11-11 18:50:29.294775,99.1199,99.12,0.000101051,2324
2025-11-11 18:50:29.297170,99.1199,99.12,0.000101051,2261
2025-11-11 18:50:29.299418,99.1199,99.12,0.000101051,2190
2025-11-11 18:50:29.301619,99.1199,99.12,0.000101051,2109
2025-11-11 18:50:29.304344,99.1198,99.1199,4.92546e-05,2267
2025-11-11 18:50:29.306624,99.1197,99.1198,0.000125111,2074
2025-11-11 18:50:29.308874,99.1192,99.1197,0.000464366,2117
2025-11-11 18:50:29.311122,99.1192,99.1197,0.000464366,2112
2025-11-11 18:50:29.313436,99.1192,99.1197,0.000464366,2051
2025-11-11 18:50:29.316119,99.1192,99.1197,0.000464366,1984
2025-11-11 18:50:29.318418,99.1192,99.1192,4.64967e-05,1960
2025-11-11 18:50:29.321170,99.1192,99.1192,4.64967e-05,1955
2025-11-11 18:50:29.323390,99.1192,99.1192,4.64967e-05,1797
2025-11-11 18:50:29.325732,99.1192,99.1197,0.000464366,2190
2025-11-11 18:50:29.327902,99.1192,99.1197,0.000464366,2095
2025-11-11 18:50:29.330457,99.1197,99.1198,0.000125111,2140
2025-11-11 18:50:29.332889,99.1192,99.1197,0.000464366,2000
2025-11-11 18:50:29.335075,99.1192,99.1192,4.64967e-05,2017
2025-11-11 18:50:29.337765,99.1189,99.1192,0.000234181,1684
2025-11-11 18:50:29.340148,99.1187,99.1189,0.000222065,1683
2025-11-11 18:50:29.342499,99.1187,99.1189,0.000222065,1292
2025-11-11 18:50:29.344749,99.1187,99.1187,1.37143e-05,911
2025-11-11 18:50:29.347182,99.1187,99.1189,0.000222065,1412
2025-11-11 18:50:29.349924,99.1187,99.1189,0.000222065,1263
2025-11-11 18:50:29.352231,99.1189,99.1192,0.000234181,1417
2025-11-11 18:50:29.354649,99.1189,99.1192,0.000234181,1400
2025-11-11 18:50:29.356884,99.1189,99.1192,0.000234181,1283
2025-11-11 18:50:29.359207,99.1192,99.1192,4.64967e-05,1948
2025-11-11 18:50:29.361583,99.1192,99.1192,4.64967e-05,1903
2025-11-11 18:50:29.364088,99.1192,99.1192,4.64967e-05,1730
2025-11-11 18:50:29.366552,99.1192,99.1192,4.64967e-05,1691
2025-11-11 18:50:29.368792,99.119,99.1192,0.000140385,1296
2025-11-11 18:50:29.371856,99.1192,99.1192,4.64967e-05,1978
2025-11-11 18:50:29.374130,99.1192,99.1197,0.000464366,2072
2025-11-11 18:50:29.376404,99.1192,99.1192,4.64967e-05,2179
2025-11-11 18:50:29.378634,99.1192,99.1192,4.64967e-05,2162
2025-11-11 18:50:29.381280,99.1192,99.1192,4.64967e-05,1875
2025-11-11 18:50:29.383635,99.1192,99.1192,4.64967e-05,1873
2025-11-11 18:50:29.385884,99.119,99.1192,0.000140385,1635
2025-11-11 18:50:29.388327,99.119,99.1192,0.000140385,1633
2025-11-11 18:50:29.390687,99.119,99.1192,0.000140385,1467
2025-11-11 18:50:29.393121,99.1189,99.119,9.37954e-05,1329
2025-11-11 18:50:29.395636,99.119,99.1192,0.000140385,1620
2025-11-11 18:50:29.397892,99.1192,99.1192,4.64967e-05,2128
2025-11-11 18:50:29.400068,99.1192,99.1192,4.64967e-05,1915
2025-11-11 18:50:29.402412,99.119,99.1192,0.000140385,1335
2025-11-11 18:50:29.405340,99.1189,99.119,9.37954e-05,1054
2025-11-11 18:50:29.407639,99.1189,99.119,9.37954e-05,819
2025-11-11 18:50:29.409923,99.119,99.1192,0.000140385,955
2025-11-11 18:50:29.412396,99.1189,99.119,9.37954e-05,1177
2025-11-11 18:50:29.415199,99.1187,99.1189,0.000222065,1429
2025-11-11 18:50:29.417534,99.1187,99.1189,0.000222065,1180
2025-11-11 18:50:29.420090,99.1187,99.1187,1.37143e-05,1312
2025-11-11 18:50:29.422793,99.1187,99.1187,2.45172e-05,1242
2025-11-11 18:50:29.425055,99.1187,99.1187,2.45172e-05,1184
2025-11-11 18:50:29.427389,99.1184,99.1187,0.000234197,1313
2025-11-11 18:50:29.429828,99.1187,99.1187,2.45172e-05,1202
2025-11-11 18:50:29.432235,99.1187,99.1187,1.37143e-05,1244
2025-11-11 18:50:29.434543,99.1187,99.1189,0.000222065,1547
2025-11-11 18:50:29.437056,99.1187,99.1189,0.000222065,1248
2025-11-11 18:50:29.439763,99.1187,99.1189,0.000222065,991
2025-11-11 18:50:29.442194,99.1187,99.1189,0.000222065,950
2025-11-11 18:50:29.444464,99.1189,99.119,9.37954e-05,1077
2025-11-11 18:50:29.446848,99.119,99.1192,0.000140385,846
2025-11-11 18:50:29.449530,99.1192,99.1192,2.37409e-05,1235
2025-11-11 18:50:29.451929,99.1192,99.1192,2.37409e-05,1224
2025-11-11 18:50:29.454352,99.1192,99.1192,2.27558e-05,1239
2025-11-11 18:50:29.456639,99.1192,99.1192,2.27558e-05,1206
2025-11-11 18:50:29.458887,99.1192,99.1197,0.000438882,1571
2025-11-11 18:50:29.461202,99.1192,99.1197,0.000438882,1542
2025-11-11 18:50:29.463748,99.1192,99.1192,2.27558e-05,1321
2025-11-11 18:50:29.466002,99.1192,99.1192,2.27558e-05,1293
2025-11-11 18:50:29.468350,99.1192,99.1192,2.37409e-05,1615
2025-11-11 18:50:29.471093,99.1192,99.1192,2.27558e-05,1290
2025-11-11 18:50:29.473491,99.1192,99.1197,0.000438882,1177
2025-11-11 18:50:29.475989,99.1192,99.1192,2.27558e-05,1234
2025-11-11 18:50:29.478306,99.1192,99.1197,0.000438882,1172
2025-11-11 18:50:29.480959,99.1192,99.1192,2.27558e-05,1164
2025-11-11 18:50:29.483418,99.1192,99.1192,2.37409e-05,1366
2025-11-11 18:50:29.485715,99.119,99.1192,0.000140385,1534
2025-11-11 18:50:29.488144,99.119,99.1192,0.000140385,1328
2025-11-11 18:50:29.490427,99.1192,99.1192,2.37409e-05,1256
2025-11-11 18:50:29.492740,99.1192,99.1192,2.27558e-05,1156
2025-11-11 18:50:29.494991,99.1192,99.1192,2.27558e-05,888
2025-11-11 18:50:29.497471,99.1192,99.1192,2.37409e-05,904
2025-11-11 18:50:29.499872,99.119,99.1192,0.000140385,1069
2025-11-11 18:50:29.502184,99.119,99.1192,0.000140385,1024
2025-11-11 18:50:29.505245,99.1189,99.119,9.37954e-05,1072
2025-11-11 18:50:29.507486,99.1189,99.119,9.37954e-05,886
2025-11-11 18:50:29.509746,99.119,99.1192,0.000140385,977
2025-11-11 18:50:29.512049,99.1192,99.1192,2.37409e-05,933
2025-11-11 18:50:29.514885,99.119,99.1192,0.000140385,863
2025-11-11 18:50:29.517325,99.1192,99.1192,2.37409e-05,872
2025-11-11 18:50:29.519809,99.1192,99.1192,2.37409e-05,708
2025-11-11 18:50:29.522865,99.1192,99.1192,2.27558e-05,916
2025-11-11 18:50:29.525204,99.1192,99.1192,2.37409e-05,1245
2025-11-11 18:50:29.527573,99.119,99.1192,0.000140385,1335
2025-11-11 18:50:29.530065,99.1192,99.1192,2.37409e-05,1279
2025-11-11 18:50:29.532397,99.1192,99.1192,2.37409e-05,950
2025-11-11 18:50:29.534743,99.119,99.1192,0.000140385,1198
2025-11-11 18:50:29.537496,99.1192,99.1192,2.37409e-05,933
2025-11-11 18:50:29.540108,99.1192,99.1192,2.37409e-05,921
2025-11-11 18:50:29.542504,99.1192,99.1192,2.37409e-05,713
2025-11-11 18:50:29.544725,99.1192,99.1192,2.27558e-05,862
2025-11-11 18:50:29.547296,99.1192,99.1193,5.44775e-05,903
2025-11-11 18:50:29.549907,99.1192,99.1193,5.44775e-05,871
2025-11-11 18:50:29.552318,99.1193,99.1197,0.000384405,1035
2025-11-11 18:50:29.554730,99.1192,99.1193,5.44775e-05,1074
2025-11-11 18:50:29.557010,99.1192,99.1192,2.27558e-05,1204
2025-11-11 18:50:29.559298,99.1192,99.1192,2.27558e-05,1060
2025-11-11 18:50:29.561611,99.1192,99.1192,2.27558e-05,1006
2025-11-11 18:50:29.564142,99.1192,99.1193,5.44775e-05,864
2025-11-11 18:50:29.567366,99.1192,99.1193,5.44775e-05,683
2025-11-11 18:50:29.570225,99.1192,99.1192,2.27558e-05,957
2025-11-11 18:50:29.572836,99.1192,99.1192,2.37409e-05,1013
2025-11-11 18:50:29.575097,99.119,99.1192,0.000140385,992
2025-11-11 18:50:29.577424,99.1192,99.1192,2.37409e-05,1502
2025-11-11 18:50:29.579732,99.1192,99.1192,2.37409e-05,1254
2025-11-11 18:50:29.582067,99.1192,99.1192,2.27558e-05,1607
2025-11-11 18:50:29.584490,99.1192,99.1193,5.44775e-05,1430
2025-11-11 18:50:29.587333,99.1192,99.1192,2.27558e-05,1674
2025-11-11 18:50:29.590715,99.1192,99.1193,5.44775e-05,1460
2025-11-11 18:50:29.593226,99.1193,99.1197,0.000384405,1854
2025-11-11 18:50:29.595999,99.1193,99.1197,0.000384405,1568
2025-11-11 18:50:29.598824,99.1192,99.1193,5.44775e-05,1923
2025-11-11 18:50:29.601337,99.1192,99.1193,5.44775e-05,1777
2025-11-11 18:50:29.604031,99.1192,99.1192,2.27558e-05,1742
2025-11-11 18:50:29.606335,99.1192,99.1193,5.44775e-05,2127
2025-11-11 18:50:29.609549,99.1192,99.1193,5.44775e-05,2090
2025-11-11 18:50:29.612186,99.1192,99.1193,5.44775e-05,1861
2025-11-11 18:50:29.614555,99.1192,99.1193,5.44775e-05,1748
2025-11-11 18:50:29.616883,99.1193,99.1197,0.000384405,1782
2025-11-11 18:50:29.619554,99.1193,99.1197,0.000384405,1763
2025-11-11 18:50:29.623712,99.1197,99.1197,2.54837e-05,2247
2025-11-11 18:50:29.626155,99.1193,99.1197,0.000384405,2011
2025-11-11 18:50:29.628509,99.1192,99.1193,5.44775e-05,2287
2025-11-11 18:50:29.631170,99.1192,99.1193,5.44775e-05,2172
2025-11-11 18:50:29.633552,99.1192,99.1193,5.44775e-05,1864
2025-11-11 18:50:29.636523,99.1193,99.1197,0.000384405,1722
2025-11-11 18:50:29.639173,99.1197,99.1197,2.54837e-05,1884
2025-11-11 18:50:29.641907,99.1193,99.1197,0.000384405,1520
2025-11-11 18:50:29.644793,99.1192,99.1193,5.44775e-05,1598
2025-11-11 18:50:29.647903,99.1193,99.1197,0.000384405,1486
2025-11-11 18:50:29.650773,99.1193,99.1197,0.000384405,1467
2025-11-11 18:50:29.653755,99.1192,99.1193,5.44775e-05,1463
2025-11-11 18:50:29.656563,99.1192,99.1192,2.27558e-05,1855
2025-11-11 18:50:29.659630,99.1192,99.1192,2.27558e-05,1744
2025-11-11 18:50:29.662735,99.1192,99.1192,2.27558e-05,1677
2025-11-11 18:50:29.666026,99.1192,99.1192,2.27558e-05,1655
2025-11-11 18:50:29.668537,99.1192,99.1193,5.44775e-05,1505
2025-11-11 18:50:29.671020,99.1192,99.1193,5.44775e-05,1424
2025-11-11 18:50:29.673732,99.1192,99.1193,5.44775e-05,1302
2025-11-11 18:50:29.676715,99.1192,99.1193,5.44775e-05,1315
2025-11-11 18:50:29.679373,99.1193,99.1193,3.88563e-05,1450
2025-11-11 18:50:29.681902,99.1193,99.1197,0.000345548,1441
2025-11-11 18:50:29.684343,99.1197,99.1197,2.54837e-05,1769
2025-11-11 18:50:29.686897,99.1197,99.1198,0.000125111,2406
2025-11-11 18:50:29.689709,99.1198,99.1199,4.92546e-05,2263
2025-11-11 18:50:29.692827,99.1199,99.12,9.83344e-05,2695
2025-11-11 18:50:29.695380,99.12,99.12,2.7166e-06,2576
2025-11-11 18:50:29.698235,99.1199,99.12,9.83344e-05,2753
2025-11-11 18:50:29.700719,99.1199,99.12,9.83344e-05,2608
2025-11-11 18:50:29.703157,99.12,99.12,2.7166e-06,2443
2025-11-11 18:50:29.706026,99.12,99.12,2.7166e-06,2343
2025-11-11 18:50:29.708951,99.12,99.12,3.81235e-05,1818
2025-11-11 18:50:29.711624,99.12,99.12,3.11404e-05,1422
2025-11-11 18:50:29.714764,99.12,99.1201,3.12906e-05,1625
2025-11-11 18:50:29.717197,99.12,99.1201,3.12906e-05,1003
2025-11-11 18:50:29.719708,99.1201,99.1201,2.59062e-05,909
2025-11-11 18:50:29.722714,99.1201,99.1201,2.93822e-07,1057
2025-11-11 18:50:29.725812,99.1201,99.1201,2.93822e-07,1044
2025-11-11 18:50:29.728763,99.1201,99.1201,2.59062e-05,927
2025-11-11 18:50:29.731542,99.1201,99.1201,2.93822e-07,1307
2025-11-11 18:50:29.733995,99.1201,99.1201,2.6647e-05,1123
2025-11-11 18:50:29.736547,99.1201,99.1201,2.93822e-07,1309
2025-11-11 18:50:29.739187,99.1201,99.1201,2.59062e-05,1381
2025-11-11 18:50:29.741988,99.1201,99.1201,2.59062e-05,995
2025-11-11 18:50:29.744610,99.12,99.1201,3.12906e-05,1466
2025-11-11 18:50:29.747591,99.12,99.1201,3.12906e-05,1088
2025-11-11 18:50:29.750103,99.12,99.12,3.11404e-05,1454
2025-11-11 18:50:29.752911,99.12,99.12,3.81235e-05,1283
2025-11-11 18:50:29.755792,99.12,99.12,3.11404e-05,1228
2025-11-11 18:50:29.758415,99.12,99.1201,3.12906e-05,1094
2025-11-11 18:50:29.760830,99.12,99.12,3.11404e-05,1536
2025-11-11 18:50:29.763506,99.12,99.12,3.11404e-05,1418
2025-11-11 18:50:29.766380,99.12,99.1201,3.12906e-05,934
2025-11-11 18:50:29.768872,99.12,99.1201,3.12906e-05,827
2025-11-11 18:50:29.771585,99.1201,99.1201,5.52157e-06,1116
2025-11-11 18:50:29.774165,99.1201,99.1201,2.03846e-05,1102
2025-11-11 18:50:29.776907,99.1201,99.1201,2.03846e-05,1027
2025-11-11 18:50:29.779499,99.1201,99.1201,5.52157e-06,1208
2025-11-11 18:50:29.782025,99.12,99.1201,3.12906e-05,935
2025-11-11 18:50:29.784618,99.12,99.12,3.11404e-05,2057
2025-11-11 18:50:29.787281,99.12,99.12,3.11404e-05,1674
2025-11-11 18:50:29.790075,99.12,99.12,3.81235e-05,2290
2025-11-11 18:50:29.792617,99.12,99.12,3.81235e-05,2126
2025-11-11 18:50:29.794996,99.12,99.12,3.11404e-05,1620
2025-11-11 18:50:29.797719,99.12,99.12,3.81235e-05,2000
2025-11-11 18:50:29.800267,99.12,99.12,3.81235e-05,1967
2025-11-11 18:50:29.802853,99.12,99.12,2.7166e-06,2198
2025-11-11 18:50:29.805518,99.12,99.12,3.81235e-05,1893
2025-11-11 18:50:29.808138,99.12,99.12,3.11404e-05,1760
2025-11-11 18:50:29.810553,99.12,99.1201,3.12906e-05,1081
2025-11-11 18:50:29.813183,99.1201,99.1201,5.52157e-06,1076
2025-11-11 18:50:29.815617,99.1201,99.1201,2.03846e-05,1030
2025-11-11 18:50:29.818084,99.1201,99.1201,5.52157e-06,935
2025-11-11 18:50:29.820732,99.1201,99.1201,2.03846e-05,1045
2025-11-11 18:50:29.823407,99.1201,99.1201,2.93822e-07,1020
2025-11-11 18:50:29.825842,99.1201,99.1201,2.03846e-05,1119
2025-11-11 18:50:29.828698,99.1201,99.1201,5.52157e-06,958
2025-11-11 18:50:29.831858,99.12,99.1201,3.12906e-05,1105
2025-11-11 18:50:29.834397,99.12,99.12,3.11404e-05,1568
2025-11-11 18:50:29.836919,99.12,99.12,3.11404e-05,1563
2025-11-11 18:50:29.839421,99.12,99.12,3.11404e-05,1342
2025-11-11 18:50:29.841896,99.12,99.12,3.11404e-05,1227
2025-11-11 18:50:29.844294,99.12,99.12,3.81235e-05,1575
2025-11-11 18:50:29.846887,99.12,99.12,2.7166e-06,2065
2025-11-11 18:50:29.849321,99.12,99.12,3.81235e-05,1491
2025-11-11 18:50:29.851986,99.12,99.12,3.11404e-05,1260
2025-11-11 18:50:29.854994,99.12,99.1201,3.12906e-05,1282
2025-11-11 18:50:29.857588,99.12,99.1201,3.12906e-05,1261
2025-11-11 18:50:29.860098,99.12,99.1201,3.12906e-05,1238
2025-11-11 18:50:29.862501,99.12,99.1201,3.12906e-05,1003
2025-11-11 18:50:29.865457,99.12,99.1201,3.12906e-05,874
2025-11-11 18:50:29.868026,99.12,99.12,3.11404e-05,1493
2025-11-11 18:50:29.870631,99.12,99.12,3.81235e-05,1741
2025-11-11 18:50:29.873232,99.12,99.12,2.7166e-06,2167
2025-11-11 18:50:29.875811,99.1199,99.12,3.82559e-05,2621
2025-11-11 18:50:29.878208,99.12,99.12,2.7166e-06,2442
2025-11-11 18:50:29.880817,99.1199,99.12,3.82559e-05,2708
2025-11-11 18:50:29.883393,99.1199,99.12,3.82559e-05,2679
2025-11-11 18:50:29.885848,99.1199,99.1199,6.00785e-05,2775
2025-11-11 18:50:29.889260,99.1199,99.1199,6.00785e-05,2667
2025-11-11 18:50:29.891975,99.1199,99.1199,6.00785e-05,2504
2025-11-11 18:50:29.894419,99.1199,99.12,3.82559e-05,2518
2025-11-11 18:50:29.896975,99.1199,99.1199,6.00785e-05,2363
2025-11-11 18:50:29.900038,99.1199,99.12,3.82559e-05,2907
2025-11-11 18:50:29.902661,99.12,99.12,2.7166e-06,2719
2025-11-11 18:50:29.905434,99.12,99.12,3.81235e-05,2299
2025-11-11 18:50:29.907910,99.12,99.12,3.81235e-05,2290
2025-11-11 18:50:29.910379,99.12,99.12,2.7166e-06,2613
2025-11-11 18:50:29.913239,99.12,99.12,3.81235e-05,2609
2025-11-11 18:50:29.915664,99.12,99.12,3.81235e-05,2525
2025-11-11 18:50:29.918198,99.12,99.12,3.81235e-05,2401
2025-11-11 18:50:29.921073,99.12,99.12,3.11404e-05,2588
2025-11-11 18:50:29.924243,99.12,99.12,3.11404e-05,2195
2025-11-11 18:50:29.927681,99.12,99.12,3.11404e-05,2014
2025-11-11 18:50:29.930734,99.12,99.12,3.11404e-05,1934
2025-11-11 18:50:29.933795,99.12,99.1201,3.12906e-05,1620
2025-11-11 18:50:29.936427,99.12,99.1201,3.12906e-05,1611
2025-11-11 18:50:29.939261,99.1201,99.1201,5.52157e-06,1553
2025-11-11 18:50:29.941871,99.1201,99.1201,5.52157e-06,1376
2025-11-11 18:50:29.944483,99.1201,99.1201,2.03846e-05,1049
2025-11-11 18:50:29.947235,99.1201,99.1201,5.52157e-06,2109
2025-11-11 18:50:29.950185,99.1201,99.1201,5.52157e-06,1934
2025-11-11 18:50:29.952769,99.1201,99.1201,5.52157e-06,1572
2025-11-11 18:50:29.955300,99.1201,99.1201,5.52157e-06,1470
2025-11-11 18:50:29.957762,99.12,99.1201,3.12906e-05,1921
2025-11-11 18:50:29.960213,99.1201,99.1201,5.52157e-06,1605
2025-11-11 18:50:29.962881,99.12,99.1201,3.12906e-05,2143
2025-11-11 18:50:29.965589,99.12,99.1201,3.12906e-05,2039
2025-11-11 18:50:29.968125,99.1201,99.1201,5.52157e-06,1442
2025-11-11 18:50:29.971378,99.1201,99.1201,5.52157e-06,1168
2025-11-11 18:50:29.974098,99.12,99.1201,3.12906e-05,1700
2025-11-11 18:50:29.976608,99.12,99.1201,3.12906e-05,1659
2025-11-11 18:50:29.979097,99.12,99.1201,3.12906e-05,1646
2025-11-11 18:50:29.982210,99.1201,99.1201,5.52157e-06,1158
2025-11-11 18:50:29.984748,99.12,99.1201,3.12906e-05,1562
2025-11-11 18:50:29.987474,99.12,99.1201,3.12906e-05,1538
2025-11-11 18:50:29.989984,99.1201,99.1201,5.52157e-06,1364
2025-11-11 18:50:29.992625,99.12,99.1201,3.12906e-05,1589
2025-11-11 18:50:29.995240,99.1201,99.1201,5.52157e-06,1255
2025-11-11 18:50:29.997992,99.1201,99.1201,5.52157e-06,1203
2025-11-11 18:50:30.000354,99.1201,99.1201,2.03846e-05,952
2025-11-11 18:50:30.003386,99.1201,99.1201,5.52157e-06,1153
2025-11-11 18:50:30.006532,99.1201,99.1201,2.03846e-05,901
2025-11-11 18:50:30.009006,99.1201,99.1201,2.93822e-07,966
2025-11-11 18:50:30.011552,99.1201,99.1201,2.6647e-05,1424
2025-11-11 18:50:30.014485,99.1201,99.1201,2.6647e-05,1072
2025-11-11 18:50:30.017128,99.1201,99.1201,2.93822e-07,1153
2025-11-11 18:50:30.020120,99.1201,99.1201,2.6647e-05,1190
2025-11-11 18:50:30.022998,99.1201,99.1201,2.93822e-07,1146
2025-11-11 18:50:30.025504,99.1201,99.1201,2.93822e-07,983
2025-11-11 18:50:30.027982,99.1201,99.1201,2.6647e-05,1239
2025-11-11 18:50:30.030720,99.1201,99.1201,2.93822e-07,1265
2025-11-11 18:50:30.033234,99.1201,99.1201,2.03846e-05,1128
2025-11-11 18:50:30.036212,99.1201,99.1201,2.03846e-05,1083
2025-11-11 18:50:30.039342,99.1201,99.1201,2.93822e-07,1227
2025-11-11 18:50:30.042045,99.1201,99.1201,2.93822e-07,1050
2025-11-11 18:50:30.044512,99.1201,99.1201,2.03846e-05,1245
2025-11-11 18:50:30.047222,99.1201,99.1201,2.03846e-05,1153
2025-11-11 18:50:30.050091,99.1201,99.1201,2.03846e-05,1039
2025-11-11 18:50:30.052884,99.1201,99.1201,5.52157e-06,1471
2025-11-11 18:50:30.055405,99.12,99.1201,3.12906e-05,1813
2025-11-11 18:50:30.057939,99.12,99.12,3.11404e-05,2284
2025-11-11 18:50:30.060471,99.12,99.12,3.81235e-05,2532
2025-11-11 18:50:30.063243,99.12,99.12,3.81235e-05,2241
2025-11-11 18:50:30.065831,99.12,99.12,3.11404e-05,2299
2025-11-11 18:50:30.068259,99.12,99.1201,3.12906e-05,1956
2025-11-11 18:50:30.072082,99.12,99.1201,3.12906e-05,1901
2025-11-11 18:50:30.075517,99.1201,99.1201,5.52157e-06,1573
2025-11-11 18:50:30.078239,99.1201,99.1201,2.03846e-05,1485
2025-11-11 18:50:30.081100,99.1201,99.1201,2.03846e-05,1449
2025-11-11 18:50:30.083756,99.1201,99.1201,2.93822e-07,1203
2025-11-11 18:50:30.086410,99.1201,99.1201,2.6647e-05,1180
2025-11-11 18:50:30.089181,99.1201,99.1201,8.64035e-06,1240
2025-11-11 18:50:30.092326,99.1201,99.1201,2.6647e-05,1292
2025-11-11 18:50:30.094886,99.1201,99.1201,8.64035e-06,1256
2025-11-11 18:50:30.097756,99.1201,99.1201,2.6647e-05,1250
2025-11-11 18:50:30.100535,99.1201,99.1201,2.6647e-05,1141
2025-11-11 18:50:30.103217,99.1201,99.1201,2.93822e-07,1396
2025-11-11 18:50:30.106197,99.1201,99.1201,2.93822e-07,1328
2025-11-11 18:50:30.108916,99.1201,99.1201,2.93822e-07,1082
2025-11-11 18:50:30.111491,99.1201,99.1201,2.6647e-05,1128
2025-11-11 18:50:30.114757,99.1201,99.1201,8.64035e-06,1548
2025-11-11 18:50:30.117576,99.1201,99.1201,8.64035e-06,1515
2025-11-11 18:50:30.120225,99.1201,99.1201,8.64035e-06,1210
2025-11-11 18:50:30.122912,99.1201,99.1201,8.64035e-06,1204
2025-11-11 18:50:30.125494,99.1201,99.1203,0.000138571,1276
2025-11-11 18:50:30.128007,99.1203,99.1203,8.40634e-06,1346
2025-11-11 18:50:30.130609,99.1203,99.1203,8.40634e-06,1205
2025-11-11 18:50:30.133134,99.1203,99.1203,1.94145e-05,1281
2025-11-11 18:50:30.135601,99.1203,99.1203,4.37359e-05,1435
2025-11-11 18:50:30.139237,99.1203,99.1203,4.37359e-05,1397
2025-11-11 18:50:30.141874,99.1203,99.1203,1.94145e-05,1303
2025-11-11 18:50:30.144261,99.1203,99.1203,4.37359e-05,1445
2025-11-11 18:50:30.146934,99.1203,99.1203,4.37359e-05,1278
2025-11-11 18:50:30.150196,99.1203,99.1203,1.94145e-05,1417
2025-11-11 18:50:30.153073,99.1203,99.1203,4.37359e-05,1271
2025-11-11 18:50:30.155801,99.1203,99.1204,1.91507e-05,1084
2025-11-11 18:50:30.158482,99.1203,99.1203,4.37359e-05,1255
2025-11-11 18:50:30.160969,99.1203,99.1204,1.91507e-05,1201
2025-11-11 18:50:30.163699,99.1204,99.1204,4.95602e-05,1140
2025-11-11 18:50:30.166438,99.1203,99.1204,1.91507e-05,1401
2025-11-11 18:50:30.168955,99.1203,99.1204,1.91507e-05,1193
2025-11-11 18:50:30.172744,99.1204,99.1204,4.95602e-05,1142
2025-11-11 18:50:30.176600,99.1203,99.1204,1.91507e-05,1352
2025-11-11 18:50:30.179732,99.1204,99.1204,4.95602e-05,1406
2025-11-11 18:50:30.182799,99.1204,99.1204,2.71301e-05,1058
2025-11-11 18:50:30.185455,99.1204,99.1205,2.02159e-05,1074
2025-11-11 18:50:30.188184,99.1204,99.1205,2.02159e-05,1073
2025-11-11 18:50:30.190877,99.1205,99.1205,2.86052e-05,1629
2025-11-11 18:50:30.193352,99.1205,99.1205,2.86052e-05,1103
2025-11-11 18:50:30.196081,99.1205,99.1205,1.78931e-06,1474
2025-11-11 18:50:30.198780,99.1205,99.1205,2.86052e-05,1796
2025-11-11 18:50:30.201491,99.1205,99.1205,2.86052e-05,1416
2025-11-11 18:50:30.204591,99.1205,99.1205,2.86052e-05,1360
2025-11-11 18:50:30.207364,99.1205,99.1205,1.78931e-06,1460
2025-11-11 18:50:30.210015,99.1205,99.1205,7.76578e-06,1457
2025-11-11 18:50:30.212670,99.1205,99.1205,4.9816e-05,1907
2025-11-11 18:50:30.215842,99.1205,99.1205,7.76578e-06,1611
2025-11-11 18:50:30.218484,99.1205,99.1205,1.78931e-06,1549
2025-11-11 18:50:30.221763,99.1205,99.1205,1.78931e-06,1527
2025-11-11 18:50:30.224863,99.1205,99.1205,7.76578e-06,1302
2025-11-11 18:50:30.227647,99.1205,99.1205,1.78931e-06,1678
2025-11-11 18:50:30.230568,99.1205,99.1205,1.78931e-06,1652
2025-11-11 18:50:30.233532,99.1205,99.1205,2.86052e-05,1430
2025-11-11 18:50:30.236314,99.1204,99.1205,2.02159e-05,1370
2025-11-11 18:50:30.239525,99.1205,99.1205,2.86052e-05,1372
2025-11-11 18:50:30.242339,99.1205,99.1205,1.78931e-06,1754
2025-11-11 18:50:30.244918,99.1205,99.1205,7.76578e-06,1536
2025-11-11 18:50:30.247651,99.1205,99.1205,7.76578e-06,1515
2025-11-11 18:50:30.250432,99.1205,99.1205,7.76578e-06,1508
2025-11-11 18:50:30.253313,99.1205,99.1205,4.9816e-05,1422
2025-11-11 18:50:30.255909,99.1205,99.1205,1.37631e-06,1767
2025-11-11 18:50:30.258535,99.1205,99.1206,3.0053e-05,1977
2025-11-11 18:50:30.261180,99.1205,99.1206,3.0053e-05,1573
2025-11-11 18:50:30.263910,99.1206,99.1206,7.19539e-05,1887
2025-11-11 18:50:30.266438,99.1206,99.1206,7.19539e-05,1880
2025-11-11 18:50:30.268911,99.1206,99.1206,7.19539e-05,1517
2025-11-11 18:50:30.271775,99.1206,99.1207,2.86055e-05,1394
2025-11-11 18:50:30.275132,99.1206,99.1206,7.19539e-05,1832
2025-11-11 18:50:30.277840,99.1205,99.1206,3.0053e-05,1984
2025-11-11 18:50:30.280514,99.1205,99.1205,1.37631e-06,1725
2025-11-11 18:50:30.283413,99.1205,99.1206,3.0053e-05,1830
2025-11-11 18:50:30.286129,99.1205,99.1205,1.37631e-06,2169
2025-11-11 18:50:30.289539,99.1205,99.1205,1.37631e-06,2024
2025-11-11 18:50:30.292262,99.1205,99.1205,4.9816e-05,1974
2025-11-11 18:50:30.294793,99.1205,99.1205,7.76578e-06,1856
2025-11-11 18:50:30.297722,99.1205,99.1205,1.78931e-06,2677
2025-11-11 18:50:30.300473,99.1205,99.1205,1.78931e-06,2638
2025-11-11 18:50:30.303352,99.1205,99.1205,2.86052e-05,2453
2025-11-11 18:50:30.305940,99.1205,99.1205,2.86052e-05,2400
2025-11-11 18:50:30.308469,99.1204,99.1205,2.02159e-05,2125
2025-11-11 18:50:30.311238,99.1204,99.1205,2.02159e-05,1996
2025-11-11 18:50:30.313907,99.1205,99.1205,2.86052e-05,2391
2025-11-11 18:50:30.316422,99.1205,99.1205,1.78931e-06,2372
2025-11-11 18:50:30.318881,99.1205,99.1205,2.86052e-05,2378
2025-11-11 18:50:30.322218,99.1204,99.1205,2.02159e-05,2002
2025-11-11 18:50:30.325698,99.1205,99.1205,2.86052e-05,2514
2025-11-11 18:50:30.328476,99.1205,99.1205,1.78931e-06,2773
2025-11-11 18:50:30.331556,99.1205,99.1205,1.78931e-06,2629
2025-11-11 18:50:30.334315,99.1205,99.1205,1.78931e-06,2105
2025-11-11 18:50:30.337257,99.1205,99.1205,1.78931e-06,1939
2025-11-11 18:50:30.340400,99.1205,99.1205,7.76578e-06,1846
2025-11-11 18:50:30.343193,99.1205,99.1205,4.9816e-05,1908
2025-11-11 18:50:30.346007,99.1205,99.1205,7.76578e-06,1803
2025-11-11 18:50:30.348572,99.1205,99.1205,7.76578e-06,1752
2025-11-11 18:50:30.351360,99.1205,99.1205,7.76578e-06,1661
2025-11-11 18:50:30.354333,99.1205,99.1205,4.9816e-05,1931
2025-11-11 18:50:30.357161,99.1205,99.1205,1.37631e-06,2009
2025-11-11 18:50:30.359858,99.1205,99.1205,1.37631e-06,1772
2025-11-11 18:50:30.362825,99.1205,99.1206,3.0053e-05,1717
2025-11-11 18:50:30.366053,99.1206,99.1206,4.37089e-06,1546
2025-11-11 18:50:30.368852,99.1205,99.1206,3.0053e-05,1762
2025-11-11 18:50:30.371887,99.1205,99.1205,1.37631e-06,1708
2025-11-11 18:50:30.374592,99.1205,99.1206,3.0053e-05,1642
2025-11-11 18:50:30.377305,99.1206,99.1206,4.37089e-06,1621
2025-11-11 18:50:30.380090,99.1206,99.1206,4.37089e-06,1392
2025-11-11 18:50:30.382777,99.1206,99.1206,6.7583e-05,1780
2025-11-11 18:50:30.385388,99.1206,99.1206,6.7583e-05,1673
2025-11-11 18:50:30.388937,99.1206,99.1207,2.86055e-05,1297
2025-11-11 18:50:30.391679,99.1207,99.1207,1.35388e-05,1141
2025-11-11 18:50:30.394224,99.1206,99.1207,2.86055e-05,1367
2025-11-11 18:50:30.396936,99.1206,99.1206,6.7583e-05,1526
2025-11-11 18:50:30.400137,99.1206,99.1207,2.86055e-05,1395
2025-11-11 18:50:30.403044,99.1206,99.1206,6.7583e-05,1486
2025-11-11 18:50:30.405664,99.1206,99.1206,4.37089e-06,1648
2025-11-11 18:50:30.408525,99.1205,99.1206,3.0053e-05,1752
2025-11-11 18:50:30.411438,99.1205,99.1205,1.37631e-06,1943
2025-11-11 18:50:30.414323,99.1205,99.1205,1.37631e-06,1711
2025-11-11 18:50:30.416944,99.1205,99.1205,1.37631e-06,1427
2025-11-11 18:50:30.419672,99.1205,99.1206,3.0053e-05,1370
2025-11-11 18:50:30.422903,99.1206,99.1206,4.37089e-06,1340
2025-11-11 18:50:30.425566,99.1206,99.1206,4.37089e-06,1285
2025-11-11 18:50:30.428229,99.1205,99.1206,3.0053e-05,1367
2025-11-11 18:50:30.431428,99.1206,99.1206,4.37089e-06,1505
2025-11-11 18:50:30.434153,99.1206,99.1206,4.37089e-06,1405
2025-11-11 18:50:30.436929,99.1206,99.1206,6.7583e-05,1224
2025-11-11 18:50:30.439597,99.1206,99.1207,2.86055e-05,1341
2025-11-11 18:50:30.442829,99.1206,99.1207,2.86055e-05,1316
2025-11-11 18:50:30.445692,99.1207,99.1207,1.35388e-05,1551
2025-11-11 18:50:30.448357,99.1206,99.1207,2.86055e-05,1249
2025-11-11 18:50:30.450893,99.1206,99.1207,2.86055e-05,1136
2025-11-11 18:50:30.454672,99.1207,99.1207,1.35388e-05,1382
2025-11-11 18:50:30.457480,99.1207,99.1207,1.42259e-06,1453
2025-11-11 18:50:30.460287,99.1207,99.1207,3.5657e-05,1350
2025-11-11 18:50:30.463459,99.1207,99.1207,1.42259e-06,2045
2025-11-11 18:50:30.467449,99.1207,99.1207,1.42259e-06,1781
2025-11-11 18:50:30.470759,99.1207,99.1207,3.5657e-05,1357
2025-11-11 18:50:30.473607,99.1207,99.1207,1.42259e-06,1684
2025-11-11 18:50:30.476572,99.1207,99.1207,3.5657e-05,1249
2025-11-11 18:50:30.479542,99.1207,99.1207,3.5657e-05,1207
2025-11-11 18:50:30.482526,99.1207,99.1207,1.42259e-06,1830
2025-11-11 18:50:30.485355,99.1207,99.1207,3.5657e-05,1211
2025-11-11 18:50:30.488577,99.1207,99.1207,3.5657e-05,1205
2025-11-11 18:50:30.491233,99.1207,99.1207,3.43244e-06,1261
2025-11-11 18:50:30.494129,99.1207,99.1207,3.5657e-05,1376
2025-11-11 18:50:30.497023,99.1207,99.1207,1.42259e-06,1638
2025-11-11 18:50:30.500138,99.1207,99.1207,1.42259e-06,1505
2025-11-11 18:50:30.503015,99.1207,99.1207,1.35388e-05,1576
2025-11-11 18:50:30.505692,99.1207,99.1207,1.35388e-05,1407
2025-11-11 18:50:30.510656,99.1207,99.1207,1.35388e-05,1300
2025-11-11 18:50:30.514079,99.1206,99.1207,2.86055e-05,1499
2025-11-11 18:50:30.517036,99.1206,99.1206,6.7583e-05,1589
2025-11-11 18:50:30.520321,99.1206,99.1206,6.7583e-05,1461
2025-11-11 18:50:30.523561,99.1206,99.1206,4.37089e-06,1359
2025-11-11 18:50:30.526685,99.1206,99.1206,6.7583e-05,1650
2025-11-11 18:50:30.529777,99.1206,99.1206,4.37089e-06,1274
2025-11-11 18:50:30.533238,99.1206,99.1206,6.7583e-05,1448
2025-11-11 18:50:30.536381,99.1206,99.1207,2.86055e-05,1302
2025-11-11 18:50:30.539460,99.1206,99.1206,6.7583e-05,1635
2025-11-11 18:50:30.542943,99.1206,99.1206,4.37089e-06,1485
2025-11-11 18:50:30.546080,99.1206,99.1206,4.37089e-06,1322
2025-11-11 18:50:30.549057,99.1205,99.1206,3.0053e-05,1514
2025-11-11 18:50:30.552362,99.1206,99.1206,4.37089e-06,1447
2025-11-11 18:50:30.556079,99.1206,99.1206,4.37089e-06,1301
2025-11-11 18:50:30.559043,99.1206,99.1206,6.7583e-05,1342
2025-11-11 18:50:30.562125,99.1206,99.1206,4.37089e-06,1593
2025-11-11 18:50:30.565753,99.1205,99.1206,3.0053e-05,1937
2025-11-11 18:50:30.568874,99.1205,99.1205,1.37631e-06,2110
2025-11-11 18:50:30.572625,99.1205,99.1205,4.9816e-05,2504
2025-11-11 18:50:30.575684,99.1205,99.1205,4.9816e-05,2468
2025-11-11 18:50:30.578756,99.1205,99.1205,4.9816e-05,1965
2025-11-11 18:50:30.581868,99.1205,99.1205,1.37631e-06,2327
2025-11-11 18:50:30.584865,99.1205,99.1205,1.37631e-06,2140
2025-11-11 18:50:30.588717,99.1205,99.1206,3.0053e-05,1971
2025-11-11 18:50:30.592354,99.1206,99.1206,4.37089e-06,1913
2025-11-11 18:50:30.595334,99.1206,99.1206,6.7583e-05,1645
2025-11-11 18:50:30.598856,99.1206,99.1206,6.7583e-05,1513
2025-11-11 18:50:30.601989,99.1206,99.1206,4.37089e-06,1545
2025-11-11 18:50:30.605571,99.1206,99.1206,4.37089e-06,1462
2025-11-11 18:50:30.608679,99.1206,99.1206,6.7583e-05,1551
2025-11-11 18:50:30.611984,99.1206,99.1206,6.7583e-05,1530
2025-11-11 18:50:30.614976,99.1206,99.1207,2.86055e-05,1330
2025-11-11 18:50:30.617879,99.1206,99.1207,2.86055e-05,1269
2025-11-11 18:50:30.621027,99.1206,99.1206,6.7583e-05,1298
2025-11-11 18:50:30.623878,99.1206,99.1207,2.86055e-05,1374
2025-11-11 18:50:30.626612,99.1207,99.1207,1.35388e-05,1088
2025-11-11 18:50:30.629378,99.1207,99.1207,1.42259e-06,1244
2025-11-11 18:50:30.632416,99.1207,99.1207,1.35388e-05,1470
2025-11-11 18:50:30.635215,99.1207,99.1207,1.35388e-05,1371
2025-11-11 18:50:30.638629,99.1206,99.1207,2.86055e-05,1456
2025-11-11 18:50:30.641386,99.1207,99.1207,1.35388e-05,1381
2025-11-11 18:50:30.645046,99.1206,99.1207,2.86055e-05,1914
2025-11-11 18:50:30.648611,99.1206,99.1207,2.86055e-05,1772
2025-11-11 18:50:30.652563,99.1206,99.1207,2.86055e-05,1754
2025-11-11 18:50:30.655795,99.1206,99.1207,2.86055e-05,1578
2025-11-11 18:50:30.658757,99.1206,99.1206,6.7583e-05,1610
2025-11-11 18:50:30.661808,99.1206,99.1207,2.86055e-05,1789
2025-11-11 18:50:30.665237,99.1206,99.1207,2.86055e-05,1675
2025-11-11 18:50:30.668630,99.1206,99.1207,2.86055e-05,1604
2025-11-11 18:50:30.674416,99.1206,99.1207,2.86055e-05,1581
2025-11-11 18:50:30.677992,99.1206,99.1207,2.86055e-05,1428
2025-11-11 18:50:30.681859,99.1207,99.1207,1.35388e-05,1599
2025-11-11 18:50:30.684955,99.1207,99.1207,1.35388e-05,1595
2025-11-11 18:50:30.688082,99.1207,99.1207,1.35388e-05,1307
2025-11-11 18:50:30.691133,99.1206,99.1207,2.86055e-05,1564
2025-11-11 18:50:30.694246,99.1206,99.1206,6.7583e-05,1724
2025-11-11 18:50:30.697625,99.1206,99.1206,4.37089e-06,1836
2025-11-11 18:50:30.700544,99.1206,99.1206,4.37089e-06,1824
2025-11-11 18:50:30.703512,99.1205,99.1206,3.0053e-05,1553
2025-11-11 18:50:30.706723,99.1205,99.1205,1.37631e-06,1371
2025-11-11 18:50:30.709534,99.1205,99.1206,3.0053e-05,1699
2025-11-11 18:50:30.712411,99.1205,99.1206,3.0053e-05,1631
2025-11-11 18:50:30.715592,99.1206,99.1206,4.37089e-06,1949
2025-11-11 18:50:30.718510,99.1205,99.1206,3.0053e-05,1841
2025-11-11 18:50:30.722063,99.1205,99.1205,1.37631e-06,1578
2025-11-11 18:50:30.725056,99.1205,99.1205,1.37631e-06,1556
2025-11-11 18:50:30.728015,99.1205,99.1205,4.9816e-05,1393
2025-11-11 18:50:30.731190,99.1205,99.1205,4.9816e-05,1262
2025-11-11 18:50:30.734012,99.1205,99.1205,7.76578e-06,1260
2025-11-11 18:50:30.736869,99.1205,99.1205,7.76578e-06,1136
2025-11-11 18:50:30.740250,99.1205,99.1205,4.9816e-05,1221
2025-11-11 18:50:30.743387,99.1205,99.1205,1.37631e-06,1567
2025-11-11 18:50:30.746271,99.1205,99.1205,1.37631e-06,1489
2025-11-11 18:50:30.750024,99.1205,99.1206,3.0053e-05,1843
2025-11-11 18:50:30.753257,99.1206,99.1206,4.37089e-06,1667
2025-11-11 18:50:30.756111,99.1205,99.1206,3.0053e-05,1881
2025-11-11 18:50:30.758832,99.1205,99.1205,1.37631e-06,1761
2025-11-11 18:50:30.761625,99.1205,99.1206,3.0053e-05,2097
2025-11-11 18:50:30.764663,99.1205,99.1206,3.0053e-05,1923
2025-11-11 18:50:30.767523,99.1205,99.1206,3.0053e-05,1797
2025-11-11 18:50:30.771061,99.1205,99.1205,1.37631e-06,2126
2025-11-11 18:50:30.774057,99.1205,99.1205,1.37631e-06,2100
2025-11-11 18:50:30.777029,99.1205,99.1205,1.37631e-06,2007
2025-11-11 18:50:30.780165,99.1205,99.1205,4.9816e-05,1686
2025-11-11 18:50:30.783392,99.1205,99.1205,7.76578e-06,1533
2025-11-11 18:50:30.786331,99.1205,99.1205,1.78931e-06,1683
2025-11-11 18:50:30.789249,99.1205,99.1205,1.78931e-06,1571
2025-11-11 18:50:30.792211,99.1205,99.1205,7.76578e-06,1863
2025-11-11 18:50:30.795191,99.1205,99.1205,4.9816e-05,2280
2025-11-11 18:50:30.798254,99.1205,99.1205,4.9816e-05,1936
2025-11-11 18:50:30.801193,99.1205,99.1205,1.37631e-06,2125
2025-11-11 18:50:30.804445,99.1205,99.1205,1.37631e-06,1918
2025-11-11 18:50:30.807515,99.1205,99.1206,3.0053e-05,2121
2025-11-11 18:50:30.810267,99.1206,99.1206,4.37089e-06,2157
2025-11-11 18:50:30.813354,99.1206,99.1206,6.7583e-05,1883
2025-11-11 18:50:30.816620,99.1206,99.1206,6.7583e-05,1719
2025-11-11 18:50:30.819417,99.1206,99.1206,4.37089e-06,2015
2025-11-11 18:50:30.822643,99.1206,99.1206,6.7583e-05,1735
2025-11-11 18:50:30.825565,99.1206,99.1207,2.86055e-05,1970
2025-11-11 18:50:30.828484,99.1206,99.1207,2.86055e-05,1906
2025-11-11 18:50:30.831402,99.1206,99.1207,2.86055e-05,1637
2025-11-11 18:50:30.834202,99.1206,99.1206,6.7583e-05,1480
2025-11-11 18:50:30.837340,99.1206,99.1207,2.86055e-05,1730
2025-11-11 18:50:30.840679,99.1206,99.1206,6.7583e-05,1666
2025-11-11 18:50:30.843673,99.1206,99.1206,4.37089e-06,1968
2025-11-11 18:50:30.846856,99.1206,99.1206,6.7583e-05,2000
2025-11-11 18:50:30.850641,99.1206,99.1206,4.37089e-06,1956
2025-11-11 18:50:30.853809,99.1206,99.1206,4.37089e-06,1802
2025-11-11 18:50:30.856671,99.1206,99.1206,4.37089e-06,1765
2025-11-11 18:50:30.859412,99.1205,99.1206,3.0053e-05,1682
2025-11-11 18:50:30.862454,99.1205,99.1206,3.0053e-05,1616
2025-11-11 18:50:30.865493,99.1206,99.1206,4.37089e-06,1760
2025-11-11 18:50:30.868204,99.1206,99.1206,6.7583e-05,1637
2025-11-11 18:50:30.871517,99.1206,99.1207,2.86055e-05,1710
2025-11-11 18:50:30.874514,99.1206,99.1207,2.86055e-05,1626
2025-11-11 18:50:30.877413,99.1206,99.1206,6.7583e-05,2120
2025-11-11 18:50:30.880448,99.1206,99.1206,4.37089e-06,2185
2025-11-11 18:50:30.883504,99.1205,99.1206,3.0053e-05,2104
2025-11-11 18:50:30.886550,99.1205,99.1206,3.0053e-05,1923
2025-11-11 18:50:30.889360,99.1206,99.1206,4.37089e-06,1952
2025-11-11 18:50:30.892371,99.1205,99.1206,3.0053e-05,2050
2025-11-11 18:50:30.895402,99.1206,99.1206,4.37089e-06,1930
2025-11-11 18:50:30.898238,99.1205,99.1206,3.0053e-05,1920
2025-11-11 18:50:30.900988,99.1205,99.1205,1.37631e-06,1691
2025-11-11 18:50:30.904357,99.1205,99.1206,3.0053e-05,2232
2025-11-11 18:50:30.907573,99.1206,99.1206,4.37089e-06,2421
2025-11-11 18:50:30.910405,99.1206,99.1206,6.7583e-05,2265
2025-11-11 18:50:30.913548,99.1206,99.1206,6.7583e-05,2141
2025-11-11 18:50:30.916734,99.1206,99.1206,4.37089e-06,2817
2025-11-11 18:50:30.919777,99.1206,99.1206,4.37089e-06,2583
2025-11-11 18:50:30.922736,99.1205,99.1206,3.0053e-05,2340
2025-11-11 18:50:30.925545,99.1205,99.1205,1.37631e-06,1991
2025-11-11 18:50:30.928796,99.1205,99.1205,4.9816e-05,2052
2025-11-11 18:50:30.931751,99.1205,99.1205,7.76578e-06,2257
2025-11-11 18:50:30.934673,99.1205,99.1205,7.76578e-06,1844
2025-11-11 18:50:30.938006,99.1205,99.1205,7.76578e-06,1524
2025-11-11 18:50:30.940951,99.1205,99.1205,3.03945e-05,2139
2025-11-11 18:50:30.943808,99.1205,99.1205,3.03945e-05,2134
2025-11-11 18:50:30.946887,99.1205,99.1205,7.76578e-06,1913
2025-11-11 18:50:30.950160,99.1205,99.1205,7.76578e-06,1877
2025-11-11 18:50:30.953540,99.1205,99.1205,7.76578e-06,1618
2025-11-11 18:50:30.956474,99.1205,99.1205,4.9816e-05,2183
2025-11-11 18:50:30.959558,99.1205,99.1205,7.76578e-06,1662
2025-11-11 18:50:30.962717,99.1205,99.1205,4.9816e-05,2338
2025-11-11 18:50:30.965536,99.1205,99.1205,4.9816e-05,2325
2025-11-11 18:50:30.968394,99.1205,99.1205,4.9816e-05,2188
2025-11-11 18:50:30.971671,99.1205,99.1205,1.37631e-06,2391
2025-11-11 18:50:30.974606,99.1205,99.1205,1.37631e-06,2024
2025-11-11 18:50:30.977466,99.1205,99.1205,1.37631e-06,1830
2025-11-11 18:50:30.980483,99.1205,99.1205,4.9816e-05,1898
2025-11-11 18:50:30.983465,99.1205,99.1205,7.76578e-06,1086
2025-11-11 18:50:30.986402,99.1205,99.1205,3.03945e-05,1054
2025-11-11 18:50:30.989798,99.1205,99.1205,3.03945e-05,971
2025-11-11 18:50:30.992866,99.1204,99.1205,2.02159e-05,938
2025-11-11 18:50:30.995644,99.1205,99.1205,3.03945e-05,1278
2025-11-11 18:50:30.999014,99.1205,99.1205,3.03945e-05,1245
2025-11-11 18:50:31.002121,99.1205,99.1205,3.03945e-05,1233
2025-11-11 18:50:31.005071,99.1204,99.1205,2.02159e-05,992
2025-11-11 18:50:31.008129,99.1204,99.1204,2.09295e-05,1066
2025-11-11 18:50:31.010974,99.1204,99.1204,2.09295e-05,963
2025-11-11 18:50:31.014215,99.1204,99.1204,2.09295e-05,932
2025-11-11 18:50:31.017018,99.1204,99.1205,2.02159e-05,1355
2025-11-11 18:50:31.019958,99.1205,99.1205,3.03945e-05,1062
2025-11-11 18:50:31.023460,99.1205,99.1205,7.76578e-06,1155
2025-11-11 18:50:31.026590,99.1205,99.1205,4.9816e-05,1884
2025-11-11 18:50:31.029509,99.1205,99.1205,1.37631e-06,2017
2025-11-11 18:50:31.032983,99.1205,99.1205,1.37631e-06,1944
2025-11-11 18:50:31.036131,99.1205,99.1205,4.9816e-05,1886
2025-11-11 18:50:31.039063,99.1205,99.1205,1.37631e-06,2189
2025-11-11 18:50:31.041997,99.1205,99.1206,3.0053e-05,1990
2025-11-11 18:50:31.044854,99.1206,99.1206,4.37089e-06,2050
2025-11-11 18:50:31.047924,99.1205,99.1206,3.0053e-05,2482
2025-11-11 18:50:31.051283,99.1205,99.1206,3.0053e-05,2449
2025-11-11 18:50:31.055112,99.1205,99.1205,1.37631e-06,2787
2025-11-11 18:50:31.058420,99.1205,99.1205,1.37631e-06,2175
2025-11-11 18:50:31.061668,99.1205,99.1205,1.37631e-06,1957
2025-11-11 18:50:31.065405,99.1205,99.1205,4.9816e-05,1867
2025-11-11 18:50:31.068387,99.1205,99.1205,1.37631e-06,1987
2025-11-11 18:50:31.071887,99.1205,99.1205,4.9816e-05,2028
2025-11-11 18:50:31.075812,99.1205,99.1205,7.76578e-06,2238
2025-11-11 18:50:31.080377,99.1205,99.1205,3.03945e-05,2282
2025-11-11 18:50:31.084503,99.1205,99.1205,7.76578e-06,2430
2025-11-11 18:50:31.089366,99.1205,99.1205,7.76578e-06,2202
2025-11-11 18:50:31.093530,99.1205,99.1205,7.76578e-06,2176
2025-11-11 18:50:31.098985,99.1205,99.1205,4.9816e-05,2459
2025-11-11 18:50:31.104503,99.1205,99.1205,4.9816e-05,2274
2025-11-11 18:50:31.108241,99.1205,99.1205,7.76578e-06,2090
2025-11-11 18:50:31.111370,99.1205,99.1205,4.9816e-05,2203
2025-11-11 18:50:31.115864,99.1205,99.1205,4.9816e-05,2111
2025-11-11 18:50:31.121271,99.1205,99.1205,4.9816e-05,1880
2025-11-11 18:50:31.125463,99.1205,99.1205,1.37631e-06,1334
2025-11-11 18:50:31.128408,99.1205,99.1206,3.0053e-05,2027
2025-11-11 18:50:31.131918,99.1205,99.1206,3.0053e-05,2008
2025-11-11 18:50:31.135264,99.1205,99.1206,3.0053e-05,2004
2025-11-11 18:50:31.138396,99.1205,99.1206,3.0053e-05,1878
2025-11-11 18:50:31.141427,99.1206,99.1206,4.37089e-06,1775
2025-11-11 18:50:31.144293,99.1206,99.1206,1.99785e-05,1963
2025-11-11 18:50:31.147531,99.1206,99.1206,1.99785e-05,1899
2025-11-11 18:50:31.150564,99.1206,99.1206,4.49751e-05,1912
2025-11-11 18:50:31.153659,99.1206,99.1206,2.62941e-06,2483
2025-11-11 18:50:31.157466,99.1206,99.1206,2.62941e-06,2430
2025-11-11 18:50:31.160457,99.1206,99.1206,4.49751e-05,2177
2025-11-11 18:50:31.163944,99.1206,99.1206,4.49751e-05,2120
2025-11-11 18:50:31.167320,99.1206,99.1206,2.62941e-06,2207
2025-11-11 18:50:31.170551,99.1206,99.1206,2.62941e-06,1635
2025-11-11 18:50:31.173585,99.1206,99.1206,4.49751e-05,1470
2025-11-11 18:50:31.176389,99.1206,99.1206,1.99785e-05,1467
2025-11-11 18:50:31.179408,99.1206,99.1206,1.99785e-05,1421
2025-11-11 18:50:31.182492,99.1206,99.1206,1.99785e-05,1346
2025-11-11 18:50:31.185564,99.1206,99.1206,4.49751e-05,1763
2025-11-11 18:50:31.189368,99.1206,99.1206,1.99785e-05,1567
2025-11-11 18:50:31.192391,99.1206,99.1206,1.99785e-05,1456
2025-11-11 18:50:31.195570,99.1206,99.1206,4.49751e-05,1529
2025-11-11 18:50:31.199148,99.1206,99.1206,1.99785e-05,1611
2025-11-11 18:50:31.202116,99.1206,99.1206,1.99785e-05,1434
2025-11-11 18:50:31.205169,99.1206,99.1206,4.37089e-06,1390
2025-11-11 18:50:31.208015,99.1206,99.1206,4.37089e-06,1202
2025-11-11 18:50:31.210992,99.1205,99.1206,3.0053e-05,1695
2025-11-11 18:50:31.214353,99.1205,99.1206,3.0053e-05,1684
2025-11-11 18:50:31.217195,99.1205,99.1206,3.0053e-05,1482
2025-11-11 18:50:31.220182,99.1206,99.1206,4.37089e-06,1235
2025-11-11 18:50:31.223595,99.1205,99.1206,3.0053e-05,1258
2025-11-11 18:50:31.226977,99.1205,99.1206,3.0053e-05,1119
2025-11-11 18:50:31.230619,99.1206,99.1206,4.37089e-06,1272
2025-11-11 18:50:31.234798,99.1205,99.1206,3.0053e-05,1010
2025-11-11 18:50:31.237950,99.1205,99.1205,1.37631e-06,1035
2025-11-11 18:50:31.241171,99.1205,99.1205,4.9816e-05,1812
2025-11-11 18:50:31.244150,99.1205,99.1205,4.9816e-05,1783
2025-11-11 18:50:31.247409,99.1205,99.1205,1.37631e-06,1137
2025-11-11 18:50:31.250526,99.1205,99.1205,4.9816e-05,1509
2025-11-11 18:50:31.253807,99.1205,99.1205,7.76578e-06,1340
2025-11-11 18:50:31.257478,99.1205,99.1205,7.76578e-06,1142
2025-11-11 18:50:31.260388,99.1205,99.1205,3.03945e-05,1322
2025-11-11 18:50:31.263746,99.1205,99.1205,7.76578e-06,1728
2025-11-11 18:50:31.267317,99.1205,99.1205,7.76578e-06,1386
2025-11-11 18:50:31.271508,99.1205,99.1205,7.76578e-06,1362
2025-11-11 18:50:31.275961,99.1205,99.1205,7.76578e-06,1331
2025-11-11 18:50:31.279777,99.1205,99.1205,7.76578e-06,1292
2025-11-11 18:50:31.284060,99.1205,99.1205,3.03945e-05,1324
2025-11-11 18:50:31.288010,99.1205,99.1205,7.76578e-06,1484
2025-11-11 18:50:31.291056,99.1205,99.1205,7.76578e-06,1279
2025-11-11 18:50:31.294342,99.1205,99.1205,4.9816e-05,1418
2025-11-11 18:50:31.297812,99.1205,99.1205,4.9816e-05,1383
2025-11-11 18:50:31.300854,99.1205,99.1205,7.76578e-06,1357
2025-11-11 18:50:31.304164,99.1205,99.1205,7.76578e-06,1343
2025-11-11 18:50:31.307218,99.1205,99.1205,7.76578e-06,1215
2025-11-11 18:50:31.310287,99.1205,99.1205,4.9816e-05,1746
2025-11-11 18:50:31.313601,99.1205,99.1205,4.9816e-05,1353
2025-11-11 18:50:31.316609,99.1205,99.1205,1.37631e-06,934
2025-11-11 18:50:31.319755,99.1205,99.1205,1.37631e-06,880
2025-11-11 18:50:31.323013,99.1205,99.1205,6.95176e-06,1399
2025-11-11 18:50:31.326114,99.1205,99.1206,1.83594e-05,1666
2025-11-11 18:50:31.329123,99.1205,99.1206,1.83594e-05,1664
2025-11-11 18:50:31.332280,99.1206,99.1206,4.74192e-06,1861
2025-11-11 18:50:31.335402,99.1206,99.1206,4.37089e-06,2564
2025-11-11 18:50:31.339234,99.1206,99.1206,4.37089e-06,2515
2025-11-11 18:50:31.342380,99.1206,99.1206,1.99785e-05,2763
2025-11-11 18:50:31.345707,99.1206,99.1206,4.37089e-06,2807
2025-11-11 18:50:31.349749,99.1206,99.1206,4.37089e-06,2710
2025-11-11 18:50:31.353022,99.1206,99.1206,4.37089e-06,2280
2025-11-11 18:50:31.356298,99.1206,99.1206,1.99785e-05,2316
2025-11-11 18:50:31.359608,99.1206,99.1206,4.49751e-05,1973
2025-11-11 18:50:31.362753,99.1206,99.1206,4.49751e-05,1913
2025-11-11 18:50:31.366022,99.1206,99.1206,2.62941e-06,1596
2025-11-11 18:50:31.368900,99.1206,99.1206,2.62941e-06,1549
2025-11-11 18:50:31.372820,99.1206,99.1207,2.86055e-05,1810
2025-11-11 18:50:31.375870,99.1207,99.1207,1.35388e-05,1607
2025-11-11 18:50:31.378869,99.1206,99.1207,2.86055e-05,1813
2025-11-11 18:50:31.382369,99.1206,99.1207,2.86055e-05,1774
2025-11-11 18:50:31.385369,99.1206,99.1207,2.86055e-05,1565
2025-11-11 18:50:31.388683,99.1206,99.1207,2.86055e-05,1556
2025-11-11 18:50:31.391746,99.1206,99.1207,2.86055e-05,1554
2025-11-11 18:50:31.394585,99.1207,99.1207,1.35388e-05,1253
2025-11-11 18:50:31.397713,99.1207,99.1207,1.42259e-06,1265
2025-11-11 18:50:31.400596,99.1207,99.1207,2.78166e-05,1147
2025-11-11 18:50:31.404053,99.1207,99.1207,2.78166e-05,1085
2025-11-11 18:50:31.407819,99.1207,99.1207,1.42259e-06,1351
2025-11-11 18:50:31.410910,99.1207,99.1207,1.42259e-06,1336
2025-11-11 18:50:31.414564,99.1207,99.1207,1.42259e-06,1307
2025-11-11 18:50:31.417826,99.1207,99.1207,1.35388e-05,1303
2025-11-11 18:50:31.421062,99.1207,99.1207,1.42259e-06,1436
2025-11-11 18:50:31.424144,99.1207,99.1207,1.42259e-06,1371
2025-11-11 18:50:31.427323,99.1207,99.1207,1.42259e-06,1183
2025-11-11 18:50:31.430506,99.1207,99.1207,1.42259e-06,1037
2025-11-11 18:50:31.433844,99.1207,99.1207,1.35388e-05,1353
2025-11-11 18:50:31.437154,99.1206,99.1207,2.86055e-05,1728
2025-11-11 18:50:31.440771,99.1207,99.1207,1.35388e-05,1523
2025-11-11 18:50:31.443900,99.1207,99.1207,1.35388e-05,1404
2025-11-11 18:50:31.447096,99.1207,99.1207,1.35388e-05,1371
2025-11-11 18:50:31.450502,99.1207,99.1207,1.42259e-06,1644
2025-11-11 18:50:31.453910,99.1207,99.1207,1.90646e-05,1940
2025-11-11 18:50:31.456972,99.1207,99.1207,8.75201e-06,2188
2025-11-11 18:50:31.460658,99.1207,99.1207,8.75201e-06,1893
2025-11-11 18:50:31.463968,99.1207,99.1207,1.90646e-05,2067
2025-11-11 18:50:31.466984,99.1207,99.1207,1.90646e-05,1832
2025-11-11 18:50:31.470134,99.1207,99.1207,8.75201e-06,1931
2025-11-11 18:50:31.473865,99.1207,99.1207,1.90646e-05,2364
2025-11-11 18:50:31.477115,99.1207,99.1207,1.90646e-05,2041
2025-11-11 18:50:31.480295,99.1207,99.1207,1.90646e-05,2016
2025-11-11 18:50:31.483613,99.1207,99.1207,1.90646e-05,1776
2025-11-11 18:50:31.486813,99.1207,99.1207,1.90646e-05,1632
2025-11-11 18:50:31.489815,99.1207,99.1207,8.75201e-06,1340
2025-11-11 18:50:31.493099,99.1207,99.1207,7.84046e-06,1490
2025-11-11 18:50:31.496241,99.1207,99.1207,7.84046e-06,1380
2025-11-11 18:50:31.499661,99.1207,99.1207,3.43244e-06,1570
2025-11-11 18:50:31.503335,99.1207,99.1207,1.9153e-05,1259
2025-11-11 18:50:31.507004,99.1207,99.1207,3.43244e-06,1637
2025-11-11 18:50:31.510046,99.1207,99.1207,3.43244e-06,1552
2025-11-11 18:50:31.513262,99.1207,99.1207,3.43244e-06,1299
2025-11-11 18:50:31.517055,99.1207,99.1207,7.84046e-06,1381
2025-11-11 18:50:31.520305,99.1207,99.1207,3.43244e-06,1196
2025-11-11 18:50:31.523526,99.1207,99.1207,1.9153e-05,1157
2025-11-11 18:50:31.526955,99.1207,99.1207,1.9153e-05,1010
2025-11-11 18:50:31.530786,99.1207,99.1207,1.9153e-05,968
2025-11-11 18:50:31.534646,99.1207,99.1208,1.54297e-05,1535
2025-11-11 18:50:31.538722,99.1207,99.1208,1.54297e-05,1458
2025-11-11 18:50:31.541995,99.1207,99.1208,1.54297e-05,1341
2025-11-11 18:50:31.544919,99.1207,99.1208,1.54297e-05,1207
2025-11-11 18:50:31.548633,99.1208,99.1208,5.85241e-06,1566
2025-11-11 18:50:31.551809,99.1208,99.1208,5.85241e-06,1453
2025-11-11 18:50:31.555023,99.1208,99.1208,8.84213e-06,1411
2025-11-11 18:50:31.559535,99.1208,99.1208,8.84213e-06,1380
2025-11-11 18:50:31.562978,99.1208,99.1208,7.37646e-06,1521
2025-11-11 18:50:31.566085,99.1208,99.1208,1.53811e-05,1500
2025-11-11 18:50:31.569177,99.1208,99.1208,3.71377e-05,1255
2025-11-11 18:50:31.572723,99.1208,99.1209,1.68375e-05,1259
2025-11-11 18:50:31.576140,99.1208,99.1208,3.71377e-05,1205
2025-11-11 18:50:31.579866,99.1208,99.1209,1.68375e-05,1382
2025-11-11 18:50:31.583276,99.1209,99.1209,9.05729e-06,1321
2025-11-11 18:50:31.586874,99.1209,99.1209,2.53883e-05,1772
2025-11-11 18:50:31.590859,99.1209,99.1209,1.75808e-06,2036
2025-11-11 18:50:31.594021,99.1209,99.1209,1.75808e-06,1982
2025-11-11 18:50:31.597976,99.1209,99.1209,3.38464e-06,2298
2025-11-11 18:50:31.601201,99.1209,99.1209,1.75808e-06,1958
2025-11-11 18:50:31.605198,99.1209,99.1209,3.38464e-06,2158
2025-11-11 18:50:31.609815,99.1209,99.1209,1.75808e-06,1979
2025-11-11 18:50:31.614562,99.1209,99.1209,1.75808e-06,1791
2025-11-11 18:50:31.617954,99.1209,99.1209,1.75808e-06,1684
2025-11-11 18:50:31.622713,99.1209,99.1209,2.53883e-05,1707
2025-11-11 18:50:31.626327,99.1209,99.1209,2.53883e-05,1272
2025-11-11 18:50:31.630352,99.1209,99.1209,9.05729e-06,1262
2025-11-11 18:50:31.633580,99.1209,99.1209,2.53883e-05,1479
2025-11-11 18:50:31.637835,99.1209,99.1209,1.75808e-06,1730
2025-11-11 18:50:31.641736,99.1209,99.1209,3.38464e-06,1973
2025-11-11 18:50:31.646166,99.1209,99.1209,3.38464e-06,1844
2025-11-11 18:50:31.649510,99.1209,99.1209,3.38464e-06,1734
2025-11-11 18:50:31.653080,99.1209,99.1209,1.75808e-06,2242
2025-11-11 18:50:31.656352,99.1209,99.1209,1.75808e-06,2114
2025-11-11 18:50:31.660262,99.1209,99.1209,3.38464e-06,1656
2025-11-11 18:50:31.663931,99.1209,99.1209,4.29688e-06,1535
2025-11-11 18:50:31.667061,99.1209,99.1209,6.36317e-07,1655
2025-11-11 18:50:31.671260,99.1209,99.1209,4.29688e-06,1560
2025-11-11 18:50:31.674603,99.1209,99.1209,4.29688e-06,1461
2025-11-11 18:50:31.678954,99.1209,99.1209,4.29688e-06,1334
2025-11-11 18:50:31.683464,99.1209,99.1209,6.36317e-07,1834
2025-11-11 18:50:31.687192,99.1209,99.1209,6.36317e-07,1390
2025-11-11 18:50:31.691196,99.1209,99.1209,4.29688e-06,1435
2025-11-11 18:50:31.694939,99.1209,99.1209,6.36317e-07,1312
2025-11-11 18:50:31.698657,99.1209,99.1209,4.29688e-06,1748
2025-11-11 18:50:31.702341,99.1209,99.1209,4.29688e-06,1643
2025-11-11 18:50:31.705572,99.1209,99.1209,4.29688e-06,1537
2025-11-11 18:50:31.709617,99.1209,99.1209,6.36317e-07,1358
2025-11-11 18:50:31.713201,99.1209,99.1209,4.29688e-06,1297
2025-11-11 18:50:31.717048,99.1209,99.1209,6.36317e-07,1312
2025-11-11 18:50:31.720408,99.1209,99.1209,1.1359e-05,1104
2025-11-11 18:50:31.724184,99.1209,99.1209,6.36317e-07,1278
2025-11-11 18:50:31.728629,99.1209,99.1209,4.29688e-06,1349
2025-11-11 18:50:31.732269,99.1209,99.1209,6.36317e-07,1683
2025-11-11 18:50:31.735686,99.1209,99.1209,6.36317e-07,1642
2025-11-11 18:50:31.738988,99.1209,99.1209,1.1359e-05,1523
2025-11-11 18:50:31.743376,99.1209,99.1209,9.41354e-07,1116
2025-11-11 18:50:31.747274,99.1209,99.1209,1.1359e-05,1943
2025-11-11 18:50:31.751535,99.1209,99.1209,1.1359e-05,1762
2025-11-11 18:50:31.755430,99.1209,99.1209,1.1359e-05,1402
2025-11-11 18:50:31.759175,99.1209,99.1209,9.41354e-07,1081
2025-11-11 18:50:31.762775,99.1209,99.1209,1.1359e-05,1398
2025-11-11 18:50:31.766894,99.1209,99.1209,9.41354e-07,871
2025-11-11 18:50:31.770197,99.1209,99.1209,1.1359e-05,1502
2025-11-11 18:50:31.774219,99.1209,99.1209,1.1359e-05,1496
2025-11-11 18:50:31.777607,99.1209,99.1209,9.41354e-07,993
2025-11-11 18:50:31.781655,99.1209,99.1209,6.66863e-07,1008
2025-11-11 18:50:31.784992,99.1209,99.1209,2.07076e-05,1051
2025-11-11 18:50:31.789637,99.1209,99.1209,2.07076e-05,978
2025-11-11 18:50:31.794185,99.1209,99.1209,2.07076e-05,909
2025-11-11 18:50:31.797844,99.1209,99.1209,6.66863e-07,870
2025-11-11 18:50:31.801280,99.1209,99.1209,9.41354e-07,862
2025-11-11 18:50:31.805156,99.1209,99.1209,6.66863e-07,1059
2025-11-11 18:50:31.808931,99.1209,99.1209,6.66863e-07,880
2025-11-11 18:50:31.812538,99.1209,99.1209,6.66863e-07,871
2025-11-11 18:50:31.816118,99.1209,99.1209,9.41354e-07,942
2025-11-11 18:50:31.819486,99.1209,99.1209,9.41354e-07,940
2025-11-11 18:50:31.823319,99.1209,99.1209,1.1359e-05,1556
2025-11-11 18:50:31.827133,99.1209,99.1209,1.1359e-05,1513
2025-11-11 18:50:31.830949,99.1209,99.1209,9.41354e-07,840
2025-11-11 18:50:31.834720,99.1209,99.1209,1.1359e-05,1577
2025-11-11 18:50:31.838479,99.1209,99.1209,1.1359e-05,1487
2025-11-11 18:50:31.845309,99.1209,99.1209,1.1359e-05,1394
2025-11-11 18:50:31.848730,99.1209,99.1209,1.1359e-05,1337
2025-11-11 18:50:31.852126,99.1209,99.1209,1.1359e-05,1317
2025-11-11 18:50:31.855577,99.1209,99.1209,9.41354e-07,946
2025-11-11 18:50:31.860002,99.1209,99.1209,6.66863e-07,964
2025-11-11 18:50:31.863938,99.1209,99.1209,9.41354e-07,902
2025-11-11 18:50:31.867321,99.1209,99.1209,9.41354e-07,881
2025-11-11 18:50:31.870818,99.1209,99.1209,6.66863e-07,1185
2025-11-11 18:50:31.874587,99.1209,99.1209,6.66863e-07,1109
2025-11-11 18:50:31.878159,99.1209,99.1209,1.60822e-06,855
2025-11-11 18:50:31.882207,99.1209,99.1209,1.1359e-05,1851
2025-11-11 18:50:31.885661,99.1209,99.1209,1.1359e-05,1765
2025-11-11 18:50:31.889771,99.1209,99.1209,6.36317e-07,2512
2025-11-11 18:50:31.894108,99.1209,99.1209,6.36317e-07,2482
2025-11-11 18:50:31.897737,99.1209,99.1209,6.36317e-07,2231
2025-11-11 18:50:31.901130,99.1209,99.1209,6.36317e-07,1874
2025-11-11 18:50:31.904355,99.1209,99.1209,4.29688e-06,2108
2025-11-11 18:50:31.908512,99.1209,99.1209,3.38464e-06,2548
2025-11-11 18:50:31.912071,99.1209,99.1209,4.29688e-06,2278
2025-11-11 18:50:31.915899,99.1209,99.1209,4.29688e-06,2118
2025-11-11 18:50:31.919111,99.1209,99.1209,3.38464e-06,2628
2025-11-11 18:50:31.923468,99.1209,99.1209,3.38464e-06,2622
2025-11-11 18:50:31.927595,99.1209,99.1209,1.75808e-06,2858
2025-11-11 18:50:31.931195,99.1209,99.1209,3.38464e-06,2909
2025-11-11 18:50:31.934475,99.1209,99.1209,4.29688e-06,2521
2025-11-11 18:50:31.937679,99.1209,99.1209,3.38464e-06,3271
2025-11-11 18:50:31.941319,99.1209,99.1209,3.38464e-06,3005
2025-11-11 18:50:31.944835,99.1209,99.1209,4.29688e-06,2308
2025-11-11 18:50:31.948475,99.1209,99.1209,4.29688e-06,2278
2025-11-11 18:50:31.951695,99.1209,99.1209,4.29688e-06,2240
2025-11-11 18:50:31.955568,99.1209,99.1209,3.38464e-06,2508
2025-11-11 18:50:31.959261,99.1209,99.1209,4.29688e-06,2746
2025-11-11 18:50:31.962614,99.1209,99.1209,6.36317e-07,2728
2025-11-11 18:50:31.967443,99.1209,99.1209,1.1359e-05,2140
2025-11-11 18:50:31.971036,99.1209,99.1209,1.1359e-05,1720
2025-11-11 18:50:31.974694,99.1209,99.1209,1.60822e-06,1487
2025-11-11 18:50:31.978070,99.1209,99.1209,2.07076e-05,1511
2025-11-11 18:50:31.981532,99.1209,99.1209,1.60822e-06,1807
2025-11-11 18:50:31.984907,99.1209,99.1209,1.60822e-06,1728
2025-11-11 18:50:31.988730,99.1209,99.1209,1.1359e-05,1890
2025-11-11 18:50:31.992460,99.1209,99.1209,6.36317e-07,2506
2025-11-11 18:50:31.995821,99.1209,99.1209,6.36317e-07,2459
2025-11-11 18:50:31.999795,99.1209,99.1209,4.29688e-06,2429
2025-11-11 18:50:32.003327,99.1209,99.1209,6.36317e-07,2292
2025-11-11 18:50:32.006905,99.1209,99.1209,6.36317e-07,2261
2025-11-11 18:50:32.010199,99.1209,99.1209,1.1359e-05,1809
2025-11-11 18:50:32.013626,99.1209,99.1209,1.1359e-05,1719
2025-11-11 18:50:32.017094,99.1209,99.1209,1.60822e-06,1186
2025-11-11 18:50:32.021810,99.1209,99.1209,2.07076e-05,1025
2025-11-11 18:50:32.025775,99.1209,99.1209,1.60822e-06,1238
2025-11-11 18:50:32.029673,99.1209,99.1209,1.60822e-06,1216
2025-11-11 18:50:32.033217,99.1209,99.1209,1.1359e-05,1728
2025-11-11 18:50:32.037485,99.1209,99.1209,6.36317e-07,2578
2025-11-11 18:50:32.041659,99.1209,99.1209,6.36317e-07,2108
2025-11-11 18:50:32.045293,99.1209,99.1209,1.1359e-05,1956
2025-11-11 18:50:32.048932,99.1209,99.1209,1.60822e-06,1874
2025-11-11 18:50:32.052852,99.1209,99.1209,2.07076e-05,1867
2025-11-11 18:50:32.056419,99.1209,99.1209,2.07076e-05,1723
2025-11-11 18:50:32.061142,99.1209,99.1209,1.60822e-06,1948
2025-11-11 18:50:32.065646,99.1209,99.1209,1.60822e-06,1945
2025-11-11 18:50:32.069686,99.1209,99.1209,1.60822e-06,1878
2025-11-11 18:50:32.073260,99.1209,99.1209,1.60822e-06,1698
2025-11-11 18:50:32.077972,99.1209,99.1209,1.60822e-06,1618
2025-11-11 18:50:32.082747,99.1209,99.1209,2.07076e-05,2146
2025-11-11 18:50:32.086459,99.1209,99.1209,1.11812e-05,2026
2025-11-11 18:50:32.089749,99.1209,99.121,2.89406e-05,2264
2025-11-11 18:50:32.094143,99.121,99.121,4.28958e-06,2080
2025-11-11 18:50:32.098486,99.121,99.121,2.69593e-06,1768
2025-11-11 18:50:32.102615,99.121,99.121,4.28958e-06,2677
2025-11-11 18:50:32.106290,99.121,99.121,4.28958e-06,2672
2025-11-11 18:50:32.109890,99.121,99.121,4.28958e-06,2444
2025-11-11 18:50:32.114440,99.1209,99.121,2.89406e-05,2898
2025-11-11 18:50:32.118774,99.1209,99.121,2.89406e-05,2717
2025-11-11 18:50:32.123737,99.1209,99.121,2.89406e-05,2612
2025-11-11 18:50:32.127573,99.1209,99.1209,1.11812e-05,2604
2025-11-11 18:50:32.131321,99.1209,99.121,2.89406e-05,2477
2025-11-11 18:50:32.135007,99.121,99.121,4.28958e-06,2106
2025-11-11 18:50:32.139208,99.121,99.121,4.28958e-06,2087
2025-11-11 18:50:32.143376,99.1209,99.121,2.89406e-05,2458
2025-11-11 18:50:32.147296,99.1209,99.1209,1.11812e-05,2589
2025-11-11 18:50:32.151043,99.1209,99.121,2.89406e-05,2459
2025-11-11 18:50:32.154830,99.121,99.121,4.28958e-06,2279
2025-11-11 18:50:32.159425,99.121,99.121,4.28958e-06,2057
2025-11-11 18:50:32.163309,99.121,99.121,4.28958e-06,2042
2025-11-11 18:50:32.166859,99.1209,99.121,2.89406e-05,2289
2025-11-11 18:50:32.171203,99.1209,99.1209,1.11812e-05,2536
2025-11-11 18:50:32.175870,99.1209,99.1209,1.11812e-05,2458
2025-11-11 18:50:32.179655,99.1209,99.1209,1.11812e-05,2353
2025-11-11 18:50:32.183483,99.1209,99.1209,1.11812e-05,2063
2025-11-11 18:50:32.187163,99.1209,99.1209,2.07076e-05,2921
2025-11-11 18:50:32.191764,99.1209,99.1209,2.07076e-05,2749
2025-11-11 18:50:32.195614,99.1209,99.1209,1.11812e-05,2124
2025-11-11 18:50:32.199268,99.1209,99.1209,1.11812e-05,1845
2025-11-11 18:50:32.202801,99.1209,99.1209,2.07076e-05,2545
2025-11-11 18:50:32.207212,99.1209,99.1209,2.07076e-05,2446
2025-11-11 18:50:32.210592,99.1209,99.1209,1.11812e-05,1909
2025-11-11 18:50:32.214411,99.1209,99.121,2.89406e-05,2381
2025-11-11 18:50:32.217702,99.1209,99.121,2.89406e-05,2106
2025-11-11 18:50:32.221001,99.1209,99.1209,1.11812e-05,1918
2025-11-11 18:50:32.224804,99.1209,99.1209,2.07076e-05,2452
2025-11-11 18:50:32.228531,99.1209,99.1209,2.07076e-05,2348
2025-11-11 18:50:32.232244,99.1209,99.1209,2.07076e-05,2285
2025-11-11 18:50:32.235545,99.1209,99.1209,2.07076e-05,1955
2025-11-11 18:50:32.239556,99.1209,99.1209,1.11812e-05,1425
2025-11-11 18:50:32.242927,99.1209,99.121,2.89406e-05,1625
2025-11-11 18:50:32.246630,99.121,99.121,4.28958e-06,1252
2025-11-11 18:50:32.250855,99.1209,99.121,2.89406e-05,1829
2025-11-11 18:50:32.255834,99.1209,99.121,2.89406e-05,1574
2025-11-11 18:50:32.259813,99.121,99.121,4.28958e-06,1697
2025-11-11 18:50:32.263586,99.121,99.121,4.28958e-06,1438
2025-11-11 18:50:32.266916,99.121,99.121,4.28958e-06,1376
2025-11-11 18:50:32.271468,99.121,99.121,2.69593e-06,996
2025-11-11 18:50:32.275698,99.121,99.121,2.69593e-06,913
2025-11-11 18:50:32.279779,99.121,99.121,2.69593e-06,881
2025-11-11 18:50:32.283341,99.121,99.121,7.58966e-06,943
2025-11-11 18:50:32.287184,99.121,99.121,2.69593e-06,903
2025-11-11 18:50:32.291273,99.121,99.121,2.69593e-06,828
2025-11-11 18:50:32.295697,99.121,99.121,7.58966e-06,1366
2025-11-11 18:50:32.299221,99.121,99.121,7.58966e-06,1220
2025-11-11 18:50:32.303066,99.121,99.121,7.58966e-06,991
2025-11-11 18:50:32.307439,99.121,99.121,4.26213e-07,1202
2025-11-11 18:50:32.311386,99.121,99.121,4.26213e-07,1132
2025-11-11 18:50:32.315228,99.121,99.121,7.58966e-06,1079
2025-11-11 18:50:32.318927,99.121,99.121,2.69593e-06,1248
2025-11-11 18:50:32.323054,99.121,99.121,7.58966e-06,1089
2025-11-11 18:50:32.327461,99.121,99.121,7.58966e-06,919
2025-11-11 18:50:32.332771,99.121,99.121,7.58966e-06,894
2025-11-11 18:50:32.337514,99.121,99.121,2.69593e-06,1043
2025-11-11 18:50:32.343037,99.121,99.121,4.28958e-06,1708
2025-11-11 18:50:32.347476,99.1209,99.121,2.89406e-05,2179
2025-11-11 18:50:32.353123,99.121,99.121,4.28958e-06,1555
2025-11-11 18:50:32.357452,99.121,99.121,2.69593e-06,963
2025-11-11 18:50:32.361755,99.121,99.121,4.28958e-06,1534
2025-11-11 18:50:32.366020,99.121,99.121,4.28958e-06,1347
2025-11-11 18:50:32.370752,99.121,99.121,2.69593e-06,1507
2025-11-11 18:50:32.376401,99.121,99.121,2.69593e-06,1481
2025-11-11 18:50:32.381250,99.121,99.121,2.69593e-06,1361
2025-11-11 18:50:32.386390,99.121,99.121,2.69593e-06,1296
2025-11-11 18:50:32.390341,99.121,99.121,2.69593e-06,1051
2025-11-11 18:50:32.393913,99.121,99.121,7.58966e-06,1254
2025-11-11 18:50:32.398303,99.121,99.121,7.58966e-06,1118
2025-11-11 18:50:32.401890,99.121,99.121,7.58966e-06,975
2025-11-11 18:50:32.405475,99.121,99.121,2.69593e-06,976
2025-11-11 18:50:32.408917,99.121,99.121,2.69593e-06,972
2025-11-11 18:50:32.412515,99.121,99.121,7.58966e-06,1140
2025-11-11 18:50:32.415968,99.121,99.121,2.69593e-06,1078
2025-11-11 18:50:32.419332,99.121,99.121,4.28958e-06,1389
2025-11-11 18:50:32.423552,99.1209,99.121,2.89406e-05,1961
2025-11-11 18:50:32.426923,99.1209,99.121,2.89406e-05,1924
2025-11-11 18:50:32.430404,99.1209,99.121,2.89406e-05,1765
2025-11-11 18:50:32.434317,99.121,99.121,4.28958e-06,1361
2025-11-11 18:50:32.437921,99.121,99.121,2.69593e-06,976
2025-11-11 18:50:32.441763,99.121,99.121,2.69593e-06,900
2025-11-11 18:50:32.445219,99.121,99.121,2.69593e-06,793
2025-11-11 18:50:32.448676,99.121,99.121,7.58966e-06,696
2025-11-11 18:50:32.452203,99.121,99.121,4.26213e-07,532
2025-11-11 18:50:32.456499,99.121,99.121,7.58966e-06,695
2025-11-11 18:50:32.459863,99.121,99.121,4.26213e-07,546
2025-11-11 18:50:32.463488,99.121,99.121,7.58966e-06,884
2025-11-11 18:50:32.467509,99.121,99.121,2.69593e-06,1221
2025-11-11 18:50:32.471464,99.121,99.121,7.58966e-06,952
2025-11-11 18:50:32.475157,99.121,99.121,2.69593e-06,976
2025-11-11 18:50:32.478898,99.121,99.121,4.28958e-06,1333
2025-11-11 18:50:32.482538,99.1209,99.121,2.89406e-05,1888
2025-11-11 18:50:32.486199,99.1209,99.121,2.89406e-05,1699
2025-11-11 18:50:32.490361,99.1209,99.121,2.89406e-05,1646
2025-11-11 18:50:32.493860,99.1209,99.121,2.89406e-05,1594
2025-11-11 18:50:32.497974,99.1209,99.1209,1.11812e-05,1449
2025-11-11 18:50:32.501586,99.1209,99.1209,1.11812e-05,1353
2025-11-11 18:50:32.505467,99.1209,99.1209,2.07076e-05,1759
2025-11-11 18:50:32.509073,99.1209,99.1209,2.07076e-05,1753
2025-11-11 18:50:32.513052,99.1209,99.1209,1.60822e-06,2069
2025-11-11 18:50:32.518684,99.1209,99.1209,1.60822e-06,1815
2025-11-11 18:50:32.523668,99.1209,99.1209,1.60822e-06,1737
2025-11-11 18:50:32.528406,99.1209,99.1209,1.60822e-06,1728
2025-11-11 18:50:32.532616,99.1209,99.1209,1.1359e-05,2773
2025-11-11 18:50:32.537581,99.1209,99.1209,1.1359e-05,2711
2025-11-11 18:50:32.542400,99.1209,99.1209,1.1359e-05,2251
2025-11-11 18:50:32.546815,99.1209,99.1209,1.1359e-05,2118
2025-11-11 18:50:32.550704,99.1209,99.1209,1.60822e-06,1990
2025-11-11 18:50:32.555277,99.1209,99.1209,1.60822e-06,1597
2025-11-11 18:50:32.560074,99.1209,99.1209,1.1359e-05,1831
2025-11-11 18:50:32.564786,99.1209,99.1209,1.60822e-06,1557
2025-11-11 18:50:32.569091,99.1209,99.1209,1.1359e-05,1840
2025-11-11 18:50:32.573006,99.1209,99.1209,1.1359e-05,1729
2025-11-11 18:50:32.578855,99.1209,99.1209,1.60822e-06,1950
2025-11-11 18:50:32.583710,99.1209,99.1209,2.07076e-05,2218
2025-11-11 18:50:32.587703,99.1209,99.1209,1.11812e-05,2094
2025-11-11 18:50:32.592107,99.1209,99.121,2.89406e-05,2562
2025-11-11 18:50:32.597463,99.121,99.121,4.28958e-06,2431
2025-11-11 18:50:32.601954,99.121,99.121,2.69593e-06,2271
2025-11-11 18:50:32.605657,99.121,99.121,2.69593e-06,1958
2025-11-11 18:50:32.610419,99.121,99.121,7.58966e-06,2413
2025-11-11 18:50:32.615651,99.121,99.121,7.58966e-06,2384
2025-11-11 18:50:32.619821,99.121,99.121,7.58966e-06,2286
2025-11-11 18:50:32.624573,99.121,99.121,7.58966e-06,2062
2025-11-11 18:50:32.629579,99.121,99.121,7.58966e-06,1960
2025-11-11 18:50:32.634149,99.121,99.121,4.26213e-07,1514
2025-11-11 18:50:32.639164,99.121,99.121,7.58966e-06,2189
2025-11-11 18:50:32.643516,99.121,99.121,4.26213e-07,1608
2025-11-11 18:50:32.648443,99.121,99.121,7.58966e-06,2469
2025-11-11 18:50:32.653290,99.121,99.121,7.58966e-06,2451
2025-11-11 18:50:32.658318,99.121,99.121,7.58966e-06,2264
2025-11-11 18:50:32.662469,99.121,99.121,7.58966e-06,1832
2025-11-11 18:50:32.666445,99.121,99.121,7.58966e-06,1698
2025-11-11 18:50:32.671148,99.121,99.121,7.58966e-06,1692
2025-11-11 18:50:32.675330,99.121,99.121,7.58966e-06,1518
2025-11-11 18:50:32.679153,99.121,99.121,4.26213e-07,1383
2025-11-11 18:50:32.683320,99.121,99.121,4.2277e-06,1187
2025-11-11 18:50:32.687627,99.121,99.121,4.2277e-06,933
2025-11-11 18:50:32.693239,99.121,99.121,6.02564e-07,1318
2025-11-11 18:50:32.698333,99.121,99.121,6.02564e-07,1114
2025-11-11 18:50:32.702308,99.121,99.121,4.2277e-06,1157
2025-11-11 18:50:32.707112,99.121,99.121,6.02564e-07,1277
2025-11-11 18:50:32.711121,99.121,99.121,6.02564e-07,980
2025-11-11 18:50:32.715171,99.121,99.121,4.2277e-06,1431
2025-11-11 18:50:32.719402,99.121,99.121,6.02564e-07,911
2025-11-11 18:50:32.724163,99.121,99.121,4.2277e-06,942
2025-11-11 18:50:32.728180,99.121,99.121,6.02564e-07,904
2025-11-11 18:50:32.731786,99.121,99.121,4.2277e-06,1078
2025-11-11 18:50:32.735529,99.121,99.121,4.2277e-06,1073
2025-11-11 18:50:32.739659,99.121,99.121,6.02564e-07,1141
2025-11-11 18:50:32.743533,99.121,99.121,3.73637e-05,1105
2025-11-11 18:50:32.747311,99.121,99.121,6.02564e-07,1598
2025-11-11 18:50:32.751230,99.121,99.121,6.02564e-07,1397
2025-11-11 18:50:32.755558,99.121,99.121,6.02564e-07,1341
2025-11-11 18:50:32.759741,99.121,99.121,4.2277e-06,1360
2025-11-11 18:50:32.764325,99.121,99.121,4.26213e-07,2123
2025-11-11 18:50:32.768130,99.121,99.121,7.58966e-06,2366
2025-11-11 18:50:32.772506,99.121,99.121,4.26213e-07,2058
2025-11-11 18:50:32.776581,99.121,99.121,4.26213e-07,2014
2025-11-11 18:50:32.781030,99.121,99.121,7.58966e-06,2365
2025-11-11 18:50:32.784758,99.121,99.121,2.69593e-06,2684
2025-11-11 18:50:32.788435,99.121,99.121,4.28958e-06,3141
2025-11-11 18:50:32.792231,99.1209,99.121,2.89406e-05,3172
2025-11-11 18:50:32.795940,99.1209,99.121,2.89406e-05,3060
2025-11-11 18:50:32.799316,99.1209,99.121,2.89406e-05,3024
2025-11-11 18:50:32.803119,99.1209,99.121,2.89406e-05,2937
2025-11-11 18:50:32.807261,99.121,99.121,4.28958e-06,3273
2025-11-11 18:50:32.812211,99.121,99.121,4.28958e-06,2918
2025-11-11 18:50:32.818532,99.121,99.121,2.69593e-06,2576
2025-11-11 18:50:32.823933,99.121,99.121,2.69593e-06,2436
2025-11-11 18:50:32.830029,99.121,99.121,7.58966e-06,2655
2025-11-11 18:50:32.833858,99.121,99.121,4.26213e-07,2308
2025-11-11 18:50:32.837864,99.121,99.121,4.26213e-07,2197
2025-11-11 18:50:32.842513,99.121,99.121,7.58966e-06,2832
2025-11-11 18:50:32.846362,99.121,99.121,7.58966e-06,2826
2025-11-11 18:50:32.850438,99.121,99.121,7.58966e-06,2744
2025-11-11 18:50:32.854102,99.121,99.121,7.58966e-06,2705
2025-11-11 18:50:32.857710,99.121,99.121,7.58966e-06,2617
2025-11-11 18:50:32.861140,99.121,99.121,7.58966e-06,2384
2025-11-11 18:50:32.864947,99.121,99.121,4.26213e-07,2057
2025-11-11 18:50:32.868520,99.121,99.121,4.26213e-07,1964
2025-11-11 18:50:32.872462,99.121,99.121,4.26213e-07,1930
2025-11-11 18:50:32.876033,99.121,99.121,4.26213e-07,1596
2025-11-11 18:50:32.879961,99.121,99.121,4.2277e-06,1448
2025-11-11 18:50:32.884283,99.121,99.121,4.26213e-07,1674
2025-11-11 18:50:32.887666,99.121,99.121,4.2277e-06,1406
2025-11-11 18:50:32.891351,99.121,99.121,4.26213e-07,1821
2025-11-11 18:50:32.894930,99.121,99.121,7.58966e-06,2146
2025-11-11 18:50:32.898444,99.121,99.121,2.69593e-06,2298
2025-11-11 18:50:32.902125,99.121,99.121,2.69593e-06,2208
2025-11-11 18:50:32.906415,99.121,99.121,7.58966e-06,1932
2025-11-11 18:50:32.910147,99.121,99.121,2.69593e-06,2295
2025-11-11 18:50:32.913773,99.121,99.121,7.58966e-06,2011
2025-11-11 18:50:32.917537,99.121,99.121,2.69593e-06,2149
2025-11-11 18:50:32.921409,99.121,99.121,2.69593e-06,2044
2025-11-11 18:50:32.925220,99.121,99.121,7.58966e-06,2139
2025-11-11 18:50:32.928729,99.121,99.121,2.69593e-06,2196
2025-11-11 18:50:32.932353,99.121,99.121,2.69593e-06,2127
2025-11-11 18:50:32.935820,99.121,99.121,2.69593e-06,1967
2025-11-11 18:50:32.939820,99.121,99.121,4.28958e-06,2711
2025-11-11 18:50:32.943356,99.121,99.121,4.28958e-06,2671
2025-11-11 18:50:32.946942,99.1209,99.121,2.89406e-05,2854
2025-11-11 18:50:32.950826,99.1209,99.1209,1.11812e-05,2408
2025-11-11 18:50:32.954593,99.1209,99.1209,1.11812e-05,2407
2025-11-11 18:50:32.958103,99.1209,99.121,2.89406e-05,2790
2025-11-11 18:50:32.961710,99.1209,99.121,2.89406e-05,2784
2025-11-11 18:50:32.965255,99.1209,99.1209,1.11812e-05,2629
2025-11-11 18:50:32.968645,99.1209,99.1209,2.07076e-05,2942
2025-11-11 18:50:32.972874,99.1209,99.1209,1.11812e-05,2429
2025-11-11 18:50:32.976491,99.1209,99.1209,2.07076e-05,3632
2025-11-11 18:50:32.979955,99.1209,99.1209,2.07076e-05,3373
2025-11-11 18:50:32.984121,99.1209,99.1209,1.11812e-05,2451
2025-11-11 18:50:32.987709,99.1209,99.1209,2.07076e-05,3030
2025-11-11 18:50:32.991215,99.1209,99.1209,2.07076e-05,2934
2025-11-11 18:50:32.994587,99.1209,99.1209,1.11812e-05,2644
2025-11-11 18:50:32.998199,99.1209,99.1209,1.11812e-05,2497
2025-11-11 18:50:33.001591,99.1209,99.1209,1.11812e-05,2412
2025-11-11 18:50:33.005577,99.1209,99.121,2.89406e-05,2810
2025-11-11 18:50:33.009188,99.1209,99.1209,1.11812e-05,2198
2025-11-11 18:50:33.012753,99.1209,99.1209,1.11812e-05,2106
2025-11-11 18:50:33.016796,99.1209,99.121,2.89406e-05,2783
2025-11-11 18:50:33.020411,99.121,99.121,4.28958e-06,2915
2025-11-11 18:50:33.023913,99.121,99.121,4.28958e-06,2804
2025-11-11 18:50:33.027331,99.1209,99.121,2.89406e-05,2831
2025-11-11 18:50:33.031311,99.1209,99.121,2.89406e-05,2644
2025-11-11 18:50:33.034702,99.1209,99.121,2.89406e-05,2560
2025-11-11 18:50:33.038664,99.1209,99.121,2.89406e-05,2333
2025-11-11 18:50:33.042451,99.1209,99.121,2.89406e-05,2292
2025-11-11 18:50:33.045985,99.1209,99.1209,1.11812e-05,2146
2025-11-11 18:50:33.050104,99.1209,99.121,2.89406e-05,2365
2025-11-11 18:50:33.053871,99.121,99.121,4.28958e-06,2557
2025-11-11 18:50:33.057349,99.121,99.121,4.28958e-06,2263
2025-11-11 18:50:33.060900,99.121,99.121,4.28958e-06,1891
2025-11-11 18:50:33.064679,99.1209,99.121,2.89406e-05,2377
2025-11-11 18:50:33.068052,99.1209,99.1209,1.11812e-05,2030
2025-11-11 18:50:33.071876,99.1209,99.121,2.89406e-05,2380
2025-11-11 18:50:33.076173,99.1209,99.121,2.89406e-05,1969
2025-11-11 18:50:33.080522,99.1209,99.1209,1.11812e-05,1935
2025-11-11 18:50:33.084958,99.1209,99.1209,1.11812e-05,1761
2025-11-11 18:50:33.089014,99.1209,99.121,2.89406e-05,1907
2025-11-11 18:50:33.092672,99.1209,99.1209,1.11812e-05,2100
2025-11-11 18:50:33.096072,99.1209,99.1209,2.07076e-05,2673
2025-11-11 18:50:33.100295,99.1209,99.1209,1.11812e-05,2032
2025-11-11 18:50:33.104022,99.1209,99.1209,1.11812e-05,1991
2025-11-11 18:50:33.108174,99.1209,99.1209,1.11812e-05,1928
2025-11-11 18:50:33.112118,99.1209,99.1209,1.11812e-05,1917
2025-11-11 18:50:33.116096,99.1209,99.1209,1.11812e-05,1608
2025-11-11 18:50:33.119428,99.1209,99.1209,2.07076e-05,2708
2025-11-11 18:50:33.123734,99.1209,99.1209,2.07076e-05,2646
2025-11-11 18:50:33.127450,99.1209,99.1209,2.07076e-05,2335
2025-11-11 18:50:33.131560,99.1209,99.1209,1.60822e-06,2205
2025-11-11 18:50:33.135285,99.1209,99.1209,2.07076e-05,2367
2025-11-11 18:50:33.138938,99.1209,99.1209,2.07076e-05,2241
2025-11-11 18:50:33.142432,99.1209,99.1209,2.07076e-05,2143
2025-11-11 18:50:33.145970,99.1209,99.1209,2.07076e-05,2135
2025-11-11 18:50:33.149583,99.1209,99.1209,1.60822e-06,2585
2025-11-11 18:50:33.153111,99.1209,99.1209,1.60822e-06,2576
2025-11-11 18:50:33.157273,99.1209,99.1209,1.60822e-06,2088
2025-11-11 18:50:33.160923,99.1209,99.1209,1.60822e-06,1921
2025-11-11 18:50:33.164951,99.1209,99.1209,1.1359e-05,2466
2025-11-11 18:50:33.168819,99.1209,99.1209,1.60822e-06,2185
2025-11-11 18:50:33.172777,99.1209,99.1209,1.60822e-06,2114
2025-11-11 18:50:33.176368,99.1209,99.1209,1.60822e-06,1746
2025-11-11 18:50:33.179995,99.1209,99.1209,1.60822e-06,1613
2025-11-11 18:50:33.183546,99.1209,99.1209,1.1359e-05,2044
2025-11-11 18:50:33.187483,99.1209,99.1209,1.60822e-06,1625
2025-11-11 18:50:33.191569,99.1209,99.1209,1.60822e-06,1590
2025-11-11 18:50:33.195174,99.1209,99.1209,2.07076e-05,1551
2025-11-11 18:50:33.199322,99.1209,99.1209,1.11812e-05,954
2025-11-11 18:50:33.203136,99.1209,99.121,2.89406e-05,1183
2025-11-11 18:50:33.206680,99.121,99.121,4.28958e-06,1131
2025-11-11 18:50:33.210097,99.121,99.121,2.69593e-06,1277
2025-11-11 18:50:33.213836,99.121,99.121,7.58966e-06,1256
2025-11-11 18:50:33.217335,99.121,99.121,4.26213e-07,1272
2025-11-11 18:50:33.221580,99.121,99.121,4.26213e-07,1034
2025-11-11 18:50:33.225641,99.121,99.121,4.26213e-07,1000
2025-11-11 18:50:33.229912,99.121,99.121,4.26213e-07,983
2025-11-11 18:50:33.234037,99.121,99.121,7.58966e-06,1113
2025-11-11 18:50:33.237841,99.121,99.121,4.26213e-07,1196
2025-11-11 18:50:33.241429,99.121,99.121,4.2277e-06,1500
2025-11-11 18:50:33.245238,99.121,99.121,4.2277e-06,1491
2025-11-11 18:50:33.248830,99.121,99.121,4.2277e-06,1234
2025-11-11 18:50:33.252331,99.121,99.121,4.2277e-06,1228
2025-11-11 18:50:33.256400,99.121,99.121,4.26213e-07,1255
2025-11-11 18:50:33.259916,99.121,99.121,4.2277e-06,1115
2025-11-11 18:50:33.263613,99.121,99.121,4.26213e-07,1530
2025-11-11 18:50:33.267459,99.121,99.121,7.58966e-06,1636
2025-11-11 18:50:33.271412,99.121,99.121,4.26213e-07,1394
2025-11-11 18:50:33.275259,99.121,99.121,4.26213e-07,1346
2025-11-11 18:50:33.278798,99.121,99.121,4.26213e-07,1296
2025-11-11 18:50:33.282553,99.121,99.121,7.58966e-06,1534
2025-11-11 18:50:33.286040,99.121,99.121,2.69593e-06,1677
2025-11-11 18:50:33.290553,99.121,99.121,4.28958e-06,2370
2025-11-11 18:50:33.294135,99.121,99.121,4.28958e-06,2341
2025-11-11 18:50:33.297969,99.121,99.121,4.28958e-06,2253
2025-11-11 18:50:33.301603,99.121,99.121,4.28958e-06,1678
2025-11-11 18:50:33.305396,99.121,99.121,2.69593e-06,1620
2025-11-11 18:50:33.308886,99.121,99.121,4.28958e-06,1855
2025-11-11 18:50:33.312460,99.1209,99.121,2.89406e-05,2257
2025-11-11 18:50:33.316265,99.1209,99.1209,1.11812e-05,1829
2025-11-11 18:50:33.319928,99.1209,99.1209,2.07076e-05,2316
2025-11-11 18:50:33.324214,99.1209,99.1209,1.60822e-06,2103
2025-11-11 18:50:33.327766,99.1209,99.1209,1.1359e-05,2158
2025-11-11 18:50:33.331652,99.1209,99.1209,1.1359e-05,2154
2025-11-11 18:50:33.335447,99.1209,99.1209,1.1359e-05,1922
2025-11-11 18:50:33.339043,99.1209,99.1209,1.60822e-06,1958
2025-11-11 18:50:33.342702,99.1209,99.1209,2.07076e-05,2416
2025-11-11 18:50:33.346343,99.1209,99.1209,2.07076e-05,2267
2025-11-11 18:50:33.350081,99.1209,99.1209,1.11812e-05,1957
2025-11-11 18:50:33.353842,99.1209,99.121,2.89406e-05,2285
2025-11-11 18:50:33.357790,99.1209,99.121,2.89406e-05,1919
2025-11-11 18:50:33.361409,99.1209,99.121,2.89406e-05,1893
2025-11-11 18:50:33.365400,99.121,99.121,4.28958e-06,2462
2025-11-11 18:50:33.369058,99.1209,99.121,2.89406e-05,1922
2025-11-11 18:50:33.372814,99.121,99.121,4.28958e-06,2177
2025-11-11 18:50:33.376423,99.121,99.121,4.28958e-06,2007
2025-11-11 18:50:33.380227,99.1209,99.121,2.89406e-05,1988
2025-11-11 18:50:33.383877,99.1209,99.121,2.89406e-05,1825
2025-11-11 18:50:33.387584,99.1209,99.1209,1.11812e-05,1833
2025-11-11 18:50:33.391558,99.1209,99.1209,1.11812e-05,1794
2025-11-11 18:50:33.395626,99.1209,99.121,2.89406e-05,2020
2025-11-11 18:50:33.399996,99.1209,99.121,2.89406e-05,2002
2025-11-11 18:50:33.404604,99.1209,99.1209,1.11812e-05,1474
2025-11-11 18:50:33.408291,99.1209,99.121,2.89406e-05,1936
2025-11-11 18:50:33.412077,99.1209,99.121,2.89406e-05,1904
2025-11-11 18:50:33.415668,99.1209,99.121,2.89406e-05,1808
2025-11-11 18:50:33.419292,99.121,99.121,4.28958e-06,2110
2025-11-11 18:50:33.423023,99.1209,99.121,2.89406e-05,2236
2025-11-11 18:50:33.426434,99.1209,99.121,2.89406e-05,2181
2025-11-11 18:50:33.430282,99.121,99.121,4.28958e-06,1984
2025-11-11 18:50:33.433857,99.1209,99.121,2.89406e-05,1856
2025-11-11 18:50:33.437724,99.1209,99.1209,1.11812e-05,1626
2025-11-11 18:50:33.441807,99.1209,99.121,2.89406e-05,1919
2025-11-11 18:50:33.445563,99.1209,99.1209,1.11812e-05,1600
2025-11-11 18:50:33.449732,99.1209,99.1209,1.11812e-05,1483
2025-11-11 18:50:33.453465,99.1209,99.121,2.89406e-05,2102
2025-11-11 18:50:33.457073,99.1209,99.121,2.89406e-05,2072
2025-11-11 18:50:33.460552,99.1209,99.121,2.89406e-05,1935
2025-11-11 18:50:33.464343,99.1209,99.1209,1.11812e-05,1726
2025-11-11 18:50:33.467845,99.1209,99.1209,1.11812e-05,1689
2025-11-11 18:50:33.471981,99.1209,99.121,2.89406e-05,1991
2025-11-11 18:50:33.475710,99.1209,99.1209,1.11812e-05,1502
2025-11-11 18:50:33.479419,99.1209,99.1209,2.07076e-05,1875
2025-11-11 18:50:33.483672,99.1209,99.1209,2.07076e-05,1830
2025-11-11 18:50:33.487329,99.1209,99.1209,1.11812e-05,1453
2025-11-11 18:50:33.490906,99.1209,99.121,2.89406e-05,2156
2025-11-11 18:50:33.494431,99.121,99.121,4.28958e-06,2461
2025-11-11 18:50:33.498843,99.1209,99.121,2.89406e-05,2195
2025-11-11 18:50:33.502644,99.1209,99.121,2.89406e-05,2160
2025-11-11 18:50:33.507206,99.1209,99.121,2.89406e-05,2111
2025-11-11 18:50:33.511051,99.1209,99.121,2.89406e-05,1899
2025-11-11 18:50:33.515139,99.1209,99.1209,1.11812e-05,1438
2025-11-11 18:50:33.520129,99.1209,99.121,3.32302e-05,2282
2025-11-11 18:50:33.524144,99.121,99.121,2.69593e-06,2293
2025-11-11 18:50:33.528477,99.1209,99.121,3.32302e-05,2472
2025-11-11 18:50:33.533635,99.1209,99.121,3.32302e-05,2352
2025-11-11 18:50:33.538685,99.1209,99.121,3.32302e-05,2228
2025-11-11 18:50:33.542488,99.1209,99.121,3.32302e-05,2107
2025-11-11 18:50:33.546105,99.1209,99.121,3.32302e-05,2027
2025-11-11 18:50:33.550484,99.1209,99.121,3.32302e-05,2012
2025-11-11 18:50:33.554970,99.1209,99.1209,1.11812e-05,2221
2025-11-11 18:50:33.559078,99.1209,99.1209,1.11812e-05,1941
2025-11-11 18:50:33.563305,99.1209,99.1209,2.07076e-05,2010
2025-11-11 18:50:33.567170,99.1209,99.1209,1.11812e-05,1822
2025-11-11 18:50:33.570860,99.1209,99.1209,1.11812e-05,1697
2025-11-11 18:50:33.574945,99.1209,99.121,3.32302e-05,2149
2025-11-11 18:50:33.578584,99.1209,99.121,3.32302e-05,2072
2025-11-11 18:50:33.583814,99.1209,99.121,3.32302e-05,1961
2025-11-11 18:50:33.588138,99.121,99.121,2.69593e-06,2221
2025-11-11 18:50:33.591966,99.121,99.121,7.58966e-06,2075
2025-11-11 18:50:33.596134,99.121,99.121,4.26213e-07,1726
2025-11-11 18:50:33.599822,99.121,99.121,4.26213e-07,1507
2025-11-11 18:50:33.604064,99.121,99.121,4.2277e-06,1453
2025-11-11 18:50:33.609123,99.121,99.121,4.26213e-07,1573
2025-11-11 18:50:33.613022,99.121,99.121,4.2277e-06,1836
2025-11-11 18:50:33.616934,99.121,99.121,4.2277e-06,1781
2025-11-11 18:50:33.620715,99.121,99.121,4.2277e-06,1553
2025-11-11 18:50:33.624674,99.121,99.121,4.26213e-07,1603
2025-11-11 18:50:33.628720,99.121,99.121,4.2277e-06,1478
2025-11-11 18:50:33.632679,99.121,99.121,6.02564e-07,1431
2025-11-11 18:50:33.636509,99.121,99.121,6.02564e-07,1419
2025-11-11 18:50:33.640696,99.121,99.121,6.02564e-07,1240
2025-11-11 18:50:33.644439,99.121,99.121,3.73637e-05,1018
2025-11-11 18:50:33.648194,99.121,99.1211,4.90047e-05,862
2025-11-11 18:50:33.651993,99.1211,99.1211,2.22812e-06,1493
2025-11-11 18:50:33.655757,99.1211,99.1211,2.22812e-06,1376
2025-11-11 18:50:33.659449,99.1211,99.1211,1.18746e-05,1546
2025-11-11 18:50:33.663248,99.1211,99.1211,2.22812e-06,1352
2025-11-11 18:50:33.666701,99.1211,99.1211,1.18746e-05,1361
2025-11-11 18:50:33.670334,99.1211,99.1211,1.71383e-05,1275
2025-11-11 18:50:33.674483,99.1211,99.1211,1.63393e-06,1468
2025-11-11 18:50:33.678060,99.1211,99.1211,1.50605e-05,1553
2025-11-11 18:50:33.682567,99.1211,99.1211,1.50605e-05,1530
2025-11-11 18:50:33.687417,99.1211,99.1211,1.40928e-06,996
2025-11-11 18:50:33.691706,99.1211,99.1211,8.08908e-06,1025
2025-11-11 18:50:33.695871,99.1211,99.1211,1.40928e-06,1346
2025-11-11 18:50:33.699877,99.1211,99.1211,1.40928e-06,1343
2025-11-11 18:50:33.703714,99.1211,99.1211,1.40928e-06,1268
2025-11-11 18:50:33.708206,99.1211,99.1211,1.50605e-05,2250
2025-11-11 18:50:33.711947,99.1211,99.1211,1.40928e-06,1258
2025-11-11 18:50:33.715736,99.1211,99.1211,8.08908e-06,853
2025-11-11 18:50:33.719206,99.1211,99.1211,1.40928e-06,1171
2025-11-11 18:50:33.723117,99.1211,99.1211,8.08908e-06,1001
2025-11-11 18:50:33.727171,99.1211,99.1212,5.50014e-05,1400
2025-11-11 18:50:33.731182,99.1211,99.1212,5.50014e-05,1385
2025-11-11 18:50:33.734801,99.1212,99.1212,1.99702e-05,1426
2025-11-11 18:50:33.739013,99.1212,99.1212,1.99702e-05,1389
2025-11-11 18:50:33.742892,99.1212,99.1212,1.90823e-06,1566
2025-11-11 18:50:33.746529,99.1212,99.1212,1.99702e-05,1783
2025-11-11 18:50:33.750671,99.1212,99.1212,1.99702e-05,1751
2025-11-11 18:50:33.754811,99.1212,99.1212,1.99702e-05,1702
2025-11-11 18:50:33.758474,99.1212,99.1212,1.99702e-05,1692
2025-11-11 18:50:33.762276,99.1211,99.1212,5.50014e-05,1906
2025-11-11 18:50:33.765874,99.1212,99.1212,1.99702e-05,1857
2025-11-11 18:50:33.769702,99.1212,99.1212,1.99702e-05,1750
2025-11-11 18:50:33.773682,99.1212,99.1212,1.99702e-05,1464
2025-11-11 18:50:33.777384,99.1212,99.1212,1.99702e-05,1453
2025-11-11 18:50:33.780878,99.1211,99.1212,5.50014e-05,1628
2025-11-11 18:50:33.784563,99.1211,99.1212,5.50014e-05,1501
2025-11-11 18:50:33.788892,99.1211,99.1212,5.50014e-05,1084
2025-11-11 18:50:33.792805,99.1211,99.1212,5.50014e-05,1028
2025-11-11 18:50:33.796662,99.1211,99.1212,5.50014e-05,1021
2025-11-11 18:50:33.800794,99.1212,99.1212,1.99702e-05,797
2025-11-11 18:50:33.804828,99.1212,99.1212,1.90823e-06,679
2025-11-11 18:50:33.808549,99.1212,99.1212,4.53446e-06,688
2025-11-11 18:50:33.812498,99.1212,99.1212,1.90823e-06,770
2025-11-11 18:50:33.816059,99.1212,99.1212,1.90823e-06,752
2025-11-11 18:50:33.819450,99.1212,99.1212,4.95939e-06,687
2025-11-11 18:50:33.823967,99.1212,99.1212,1.90823e-06,847
2025-11-11 18:50:33.827574,99.1212,99.1212,4.53446e-06,660
2025-11-11 18:50:33.831853,99.1212,99.1212,1.90823e-06,825
2025-11-11 18:50:33.835681,99.1212,99.1212,4.95939e-06,709
2025-11-11 18:50:33.839358,99.1212,99.1212,1.50108e-05,1005
2025-11-11 18:50:33.842965,99.1211,99.1212,5.50014e-05,1154
2025-11-11 18:50:33.846733,99.1212,99.1212,1.50108e-05,1150
2025-11-11 18:50:33.850522,99.1212,99.1212,1.50108e-05,1103
2025-11-11 18:50:33.854425,99.1212,99.1212,1.50108e-05,947
2025-11-11 18:50:33.858597,99.1212,99.1212,4.95939e-06,1068
2025-11-11 18:50:33.862628,99.1212,99.1212,1.50108e-05,1052
2025-11-11 18:50:33.866929,99.1212,99.1212,1.50108e-05,973
2025-11-11 18:50:33.870794,99.1212,99.1212,1.50108e-05,780
2025-11-11 18:50:33.874688,99.1212,99.1212,1.50108e-05,691
2025-11-11 18:50:33.878479,99.1212,99.1212,4.95939e-06,1059
2025-11-11 18:50:33.882292,99.1212,99.1212,1.50108e-05,720
2025-11-11 18:50:33.886557,99.1212,99.1212,4.95939e-06,648
2025-11-11 18:50:33.890815,99.1212,99.1212,1.90823e-06,501
2025-11-11 18:50:33.894732,99.1212,99.1212,4.53446e-06,449
2025-11-11 18:50:33.898759,99.1212,99.1212,6.51826e-06,977
2025-11-11 18:50:33.902851,99.1212,99.1212,6.51826e-06,924
2025-11-11 18:50:33.906862,99.1212,99.1212,6.51826e-06,907
2025-11-11 18:50:33.910610,99.1212,99.1212,2.52573e-05,1145
2025-11-11 18:50:33.914551,99.1212,99.1213,1.92522e-05,1184
2025-11-11 18:50:33.918230,99.1213,99.1213,4.52284e-06,1158
2025-11-11 18:50:33.922415,99.1213,99.1213,8.05926e-06,1408
2025-11-11 18:50:33.926272,99.1213,99.1213,4.52284e-06,1193
2025-11-11 18:50:33.930018,99.1213,99.1213,4.52284e-06,1151
2025-11-11 18:50:33.934521,99.1212,99.1213,1.92522e-05,1802
2025-11-11 18:50:33.938468,99.1212,99.1213,1.92522e-05,1771
2025-11-11 18:50:33.942275,99.1212,99.1213,1.92522e-05,1682
2025-11-11 18:50:33.946109,99.1212,99.1212,2.52573e-05,2095
2025-11-11 18:50:33.949855,99.1212,99.1212,2.52573e-05,1808
2025-11-11 18:50:33.953599,99.1212,99.1212,2.52573e-05,1658
2025-11-11 18:50:33.957765,99.1212,99.1212,2.52573e-05,1518
2025-11-11 18:50:33.961461,99.1212,99.1213,1.92522e-05,1693
2025-11-11 18:50:33.965571,99.1212,99.1212,2.52573e-05,2291
2025-11-11 18:50:33.969308,99.1212,99.1212,2.52573e-05,2091
2025-11-11 18:50:33.973170,99.1212,99.1212,2.52573e-05,2059
2025-11-11 18:50:33.976987,99.1212,99.1212,6.51826e-06,1977
2025-11-11 18:50:33.980893,99.1212,99.1212,6.51826e-06,1808
2025-11-11 18:50:33.984477,99.1212,99.1212,2.52573e-05,1823
2025-11-11 18:50:33.988870,99.1212,99.1212,6.51826e-06,1789
2025-11-11 18:50:33.992643,99.1212,99.1212,2.52573e-05,1787
2025-11-11 18:50:33.996292,99.1212,99.1213,1.92522e-05,1281
2025-11-11 18:50:34.000447,99.1212,99.1213,1.92522e-05,988
2025-11-11 18:50:34.004662,99.1212,99.1213,1.92522e-05,837
2025-11-11 18:50:34.008693,99.1212,99.1213,1.92522e-05,819
2025-11-11 18:50:34.012669,99.1212,99.1213,1.92522e-05,807
2025-11-11 18:50:34.016416,99.1213,99.1213,4.52284e-06,770
2025-11-11 18:50:34.020119,99.1212,99.1213,1.92522e-05,1249
2025-11-11 18:50:34.024526,99.1213,99.1213,4.52284e-06,785
2025-11-11 18:50:34.028228,99.1213,99.1213,8.05926e-06,754
2025-11-11 18:50:34.032593,99.1213,99.1213,4.52284e-06,916
2025-11-11 18:50:34.036622,99.1213,99.1213,4.52284e-06,840
2025-11-11 18:50:34.040479,99.1213,99.1213,4.52284e-06,828
2025-11-11 18:50:34.044202,99.1212,99.1213,1.92522e-05,821
2025-11-11 18:50:34.047940,99.1212,99.1212,2.52573e-05,828
2025-11-11 18:50:34.051791,99.1212,99.1213,1.92522e-05,850
2025-11-11 18:50:34.056168,99.1212,99.1212,2.52573e-05,859
2025-11-11 18:50:34.060023,99.1212,99.1212,6.51826e-06,960
2025-11-11 18:50:34.063952,99.1212,99.1212,6.51826e-06,919
2025-11-11 18:50:34.067914,99.1212,99.1212,6.51826e-06,824
2025-11-11 18:50:34.072124,99.1212,99.1212,6.51826e-06,546
2025-11-11 18:50:34.076168,99.1212,99.1212,4.53446e-06,552
2025-11-11 18:50:34.081122,99.1212,99.1212,4.53446e-06,516
2025-11-11 18:50:34.085484,99.1212,99.1212,1.90823e-06,810
2025-11-11 18:50:34.089738,99.1212,99.1212,4.95939e-06,901
2025-11-11 18:50:34.093611,99.1212,99.1212,1.90823e-06,789
2025-11-11 18:50:34.097539,99.1212,99.1212,4.53446e-06,1127
2025-11-11 18:50:34.101815,99.1212,99.1212,6.51826e-06,1156
2025-11-11 18:50:34.106269,99.1212,99.1212,4.53446e-06,1494
2025-11-11 18:50:34.110900,99.1212,99.1212,6.51826e-06,1190
2025-11-11 18:50:34.114967,99.1212,99.1212,4.53446e-06,1605
2025-11-11 18:50:34.118783,99.1212,99.1212,4.53446e-06,1538
2025-11-11 18:50:34.122600,99.1212,99.1212,4.53446e-06,1352
2025-11-11 18:50:34.126498,99.1212,99.1212,4.53446e-06,1291
2025-11-11 18:50:34.130434,99.1212,99.1212,4.53446e-06,900
2025-11-11 18:50:34.134158,99.1212,99.1212,4.53446e-06,854
2025-11-11 18:50:34.138583,99.1212,99.1212,6.51826e-06,770
2025-11-11 18:50:34.142596,99.1212,99.1212,4.53446e-06,445
2025-11-11 18:50:34.146653,99.1212,99.1212,6.51826e-06,641
2025-11-11 18:50:34.151333,99.1212,99.1212,2.52573e-05,806
2025-11-11 18:50:34.155556,99.1212,99.1213,1.92522e-05,1107
2025-11-11 18:50:34.159632,99.1213,99.1213,4.52284e-06,1261
2025-11-11 18:50:34.163654,99.1213,99.1213,4.52284e-06,1230
2025-11-11 18:50:34.167571,99.1213,99.1213,4.52284e-06,1214
2025-11-11 18:50:34.171716,99.1212,99.1213,1.92522e-05,1113
2025-11-11 18:50:34.175650,99.1212,99.1212,2.52573e-05,834
2025-11-11 18:50:34.179504,99.1212,99.1213,1.92522e-05,738
2025-11-11 18:50:34.183829,99.1213,99.1213,4.52284e-06,740
2025-11-11 18:50:34.187931,99.1212,99.1213,1.92522e-05,728
2025-11-11 18:50:34.191717,99.1213,99.1213,4.52284e-06,873
2025-11-11 18:50:34.195638,99.1213,99.1213,8.05926e-06,905
2025-11-11 18:50:34.199472,99.1213,99.1213,4.52284e-06,841
2025-11-11 18:50:34.203543,99.1213,99.1213,4.52284e-06,832
2025-11-11 18:50:34.207742,99.1213,99.1213,8.05926e-06,1180
2025-11-11 18:50:34.212038,99.1213,99.1213,8.05926e-06,1117
2025-11-11 18:50:34.216277,99.1213,99.1213,5.03724e-06,1531
2025-11-11 18:50:34.220240,99.1213,99.1213,8.55132e-06,1657
2025-11-11 18:50:34.224174,99.1213,99.1213,8.55132e-06,1310
2025-11-11 18:50:34.228306,99.1213,99.1213,5.03724e-06,1632
2025-11-11 18:50:34.232418,99.1213,99.1213,8.55132e-06,1363
2025-11-11 18:50:34.236211,99.1213,99.1213,8.93349e-07,1548
2025-11-11 18:50:34.240488,99.1213,99.1213,2.59262e-05,1449
2025-11-11 18:50:34.244399,99.1213,99.1213,8.93349e-07,2172
2025-11-11 18:50:34.248446,99.1213,99.1213,8.55132e-06,2152
2025-11-11 18:50:34.252265,99.1213,99.1213,8.93349e-07,2078
2025-11-11 18:50:34.256196,99.1213,99.1213,8.55132e-06,2164
2025-11-11 18:50:34.259845,99.1213,99.1213,8.93349e-07,2394
2025-11-11 18:50:34.263737,99.1213,99.1213,8.55132e-06,2046
2025-11-11 18:50:34.267499,99.1213,99.1213,5.03724e-06,2206
2025-11-11 18:50:34.271666,99.1213,99.1213,8.55132e-06,2064
2025-11-11 18:50:34.276241,99.1213,99.1213,8.93349e-07,2629
2025-11-11 18:50:34.280116,99.1213,99.1213,8.93349e-07,2090
2025-11-11 18:50:34.284376,99.1213,99.1213,2.59262e-05,2207
2025-11-11 18:50:34.288316,99.1213,99.1213,2.59262e-05,1941
2025-11-11 18:50:34.292004,99.1213,99.1214,3.57448e-05,1948
2025-11-11 18:50:34.295824,99.1213,99.1213,2.59262e-05,1934
2025-11-11 18:50:34.299391,99.1213,99.1214,3.57448e-05,1792
2025-11-11 18:50:34.303286,99.1213,99.1213,2.59262e-05,2011
2025-11-11 18:50:34.307857,99.1213,99.1213,8.93349e-07,2048
2025-11-11 18:50:34.312041,99.1213,99.1213,8.93349e-07,1913
2025-11-11 18:50:34.316440,99.1213,99.1213,8.93349e-07,1489
2025-11-11 18:50:34.320446,99.1213,99.1213,2.59262e-05,1404
2025-11-11 18:50:34.324654,99.1213,99.1213,2.12175e-05,932
2025-11-11 18:50:34.328590,99.1213,99.1213,2.59262e-05,1559
2025-11-11 18:50:34.332325,99.1213,99.1213,8.93349e-07,1707
2025-11-11 18:50:34.335991,99.1213,99.1213,8.55132e-06,1766
2025-11-11 18:50:34.340835,99.1213,99.1213,5.03724e-06,2165
2025-11-11 18:50:34.345058,99.1213,99.1213,8.55132e-06,1719
2025-11-11 18:50:34.349500,99.1213,99.1213,8.93349e-07,1625
2025-11-11 18:50:34.353476,99.1213,99.1213,2.59262e-05,1584
2025-11-11 18:50:34.357214,99.1213,99.1213,2.59262e-05,1471
2025-11-11 18:50:34.361007,99.1213,99.1213,2.59262e-05,1334
2025-11-11 18:50:34.364982,99.1213,99.1213,2.12175e-05,1091
2025-11-11 18:50:34.368680,99.1213,99.1213,2.12175e-05,820
2025-11-11 18:50:34.372961,99.1213,99.1213,2.59262e-05,1325
2025-11-11 18:50:34.376865,99.1213,99.1213,8.93349e-07,1473
2025-11-11 18:50:34.380769,99.1213,99.1213,8.93349e-07,1427
2025-11-11 18:50:34.384786,99.1213,99.1213,2.59262e-05,1593
2025-11-11 18:50:34.388747,99.1213,99.1213,2.59262e-05,1421
2025-11-11 18:50:34.392542,99.1213,99.1213,2.12175e-05,1143
2025-11-11 18:50:34.396272,99.1213,99.1214,1.45273e-05,708
2025-11-11 18:50:34.399881,99.1214,99.1214,3.70845e-07,760
2025-11-11 18:50:34.403685,99.1214,99.1214,1.99079e-07,818
2025-11-11 18:50:34.407984,99.1214,99.1214,2.13469e-06,771
2025-11-11 18:50:34.412238,99.1214,99.1214,1.99079e-07,951
2025-11-11 18:50:34.416683,99.1214,99.1214,1.99079e-07,926
2025-11-11 18:50:34.420698,99.1214,99.1214,1.99079e-07,881
2025-11-11 18:50:34.424613,99.1214,99.1214,3.70845e-07,1008
2025-11-11 18:50:34.428425,99.1213,99.1214,1.45273e-05,1260
2025-11-11 18:50:34.432190,99.1213,99.1213,2.12175e-05,1712
2025-11-11 18:50:34.436846,99.1213,99.1214,1.45273e-05,1423
2025-11-11 18:50:34.441189,99.1214,99.1214,3.70845e-07,1150
2025-11-11 18:50:34.444977,99.1214,99.1214,3.70845e-07,1009
2025-11-11 18:50:34.449108,99.1213,99.1214,1.45273e-05,1158
2025-11-11 18:50:34.453007,99.1213,99.1214,1.45273e-05,1005
2025-11-11 18:50:34.456809,99.1213,99.1213,2.12175e-05,1409
2025-11-11 18:50:34.460622,99.1213,99.1213,2.12175e-05,1317
2025-11-11 18:50:34.464532,99.1213,99.1213,2.59262e-05,2669
2025-11-11 18:50:34.468315,99.1213,99.1213,8.93349e-07,3072
2025-11-11 18:50:34.472812,99.1213,99.1213,8.93349e-07,2548
2025-11-11 18:50:34.476702,99.1213,99.1213,2.59262e-05,2775
2025-11-11 18:50:34.480597,99.1213,99.1213,2.59262e-05,2715
2025-11-11 18:50:34.484391,99.1213,99.1213,2.59262e-05,2600
2025-11-11 18:50:34.488830,99.1213,99.1213,2.59262e-05,2576
2025-11-11 18:50:34.492843,99.1213,99.1213,8.93349e-07,2470
2025-11-11 18:50:34.496564,99.1213,99.1213,8.55132e-06,2755
2025-11-11 18:50:34.500897,99.1213,99.1213,8.55132e-06,2740
2025-11-11 18:50:34.504848,99.1213,99.1213,5.03724e-06,2704
2025-11-11 18:50:34.508649,99.1213,99.1213,8.55132e-06,3414
2025-11-11 18:50:34.512435,99.1213,99.1213,8.55132e-06,3039
2025-11-11 18:50:34.516408,99.1213,99.1213,8.55132e-06,2967
2025-11-11 18:50:34.520479,99.1213,99.1213,8.55132e-06,2805
2025-11-11 18:50:34.524903,99.1213,99.1213,8.55132e-06,2801
2025-11-11 18:50:34.528756,99.1213,99.1213,8.93349e-07,2773
2025-11-11 18:50:34.533368,99.1213,99.1213,2.59262e-05,2905
2025-11-11 18:50:34.537414,99.1213,99.1213,2.59262e-05,2856
2025-11-11 18:50:34.541153,99.1213,99.1213,2.59262e-05,2800
2025-11-11 18:50:34.544791,99.1213,99.1213,2.59262e-05,2634
2025-11-11 18:50:34.548635,99.1213,99.1213,2.59262e-05,2565
2025-11-11 18:50:34.552312,99.1213,99.1213,2.59262e-05,2514
2025-11-11 18:50:34.556892,99.1213,99.1213,8.93349e-07,2685
2025-11-11 18:50:34.560749,99.1213,99.1213,2.59262e-05,2733
2025-11-11 18:50:34.565111,99.1213,99.1213,2.59262e-05,2591
2025-11-11 18:50:34.569049,99.1213,99.1213,2.59262e-05,2460
2025-11-11 18:50:34.573423,99.1213,99.1213,2.59262e-05,2300
2025-11-11 18:50:34.577175,99.1213,99.1213,8.93349e-07,2530
2025-11-11 18:50:34.581255,99.1213,99.1213,8.93349e-07,2494
2025-11-11 18:50:34.585272,99.1213,99.1213,2.59262e-05,2301
2025-11-11 18:50:34.590461,99.1213,99.1213,8.93349e-07,2341
2025-11-11 18:50:34.594516,99.1213,99.1213,2.59262e-05,2345
2025-11-11 18:50:34.598803,99.1213,99.1213,2.59262e-05,2040
2025-11-11 18:50:34.602942,99.1213,99.1213,8.93349e-07,2070
2025-11-11 18:50:34.607503,99.1213,99.1213,2.59262e-05,2052
2025-11-11 18:50:34.611697,99.1213,99.1213,8.93349e-07,2071
2025-11-11 18:50:34.615689,99.1213,99.1213,8.93349e-07,2025
2025-11-11 18:50:34.619385,99.1213,99.1213,2.59262e-05,1935
2025-11-11 18:50:34.624170,99.1213,99.1213,2.59262e-05,1776
2025-11-11 18:50:34.628003,99.1213,99.1213,2.12175e-05,1405
2025-11-11 18:50:34.632390,99.1213,99.1214,1.45273e-05,1312
2025-11-11 18:50:34.636379,99.1213,99.1214,1.45273e-05,927
2025-11-11 18:50:34.640300,99.1213,99.1213,2.12175e-05,1639
2025-11-11 18:50:34.644115,99.1213,99.1214,1.45273e-05,1037
2025-11-11 18:50:34.648369,99.1213,99.1213,2.12175e-05,1526
2025-11-11 18:50:34.652195,99.1213,99.1214,1.45273e-05,992
2025-11-11 18:50:34.656562,99.1213,99.1214,1.45273e-05,931
2025-11-11 18:50:34.660531,99.1213,99.1213,2.12175e-05,1348
2025-11-11 18:50:34.664744,99.1213,99.1214,1.45273e-05,1005
2025-11-11 18:50:34.669041,99.1214,99.1214,3.70845e-07,813
2025-11-11 18:50:34.673313,99.1213,99.1214,1.45273e-05,1014
2025-11-11 18:50:34.677268,99.1214,99.1214,3.70845e-07,942
2025-11-11 18:50:34.681347,99.1214,99.1214,3.70845e-07,930
2025-11-11 18:50:34.685647,99.1213,99.1214,1.45273e-05,991
2025-11-11 18:50:34.690963,99.1213,99.1214,1.45273e-05,880
2025-11-11 18:50:34.694913,99.1213,99.1214,1.45273e-05,850
2025-11-11 18:50:34.699086,99.1213,99.1214,1.45273e-05,806
2025-11-11 18:50:34.703106,99.1214,99.1214,3.70845e-07,914
2025-11-11 18:50:34.706980,99.1214,99.1214,3.70845e-07,786
2025-11-11 18:50:34.710766,99.1213,99.1214,1.45273e-05,818
2025-11-11 18:50:34.714787,99.1214,99.1214,3.70845e-07,608
2025-11-11 18:50:34.718774,99.1214,99.1214,3.70845e-07,583
2025-11-11 18:50:34.723645,99.1213,99.1214,1.45273e-05,823
2025-11-11 18:50:34.728011,99.1213,99.1214,1.45273e-05,817
2025-11-11 18:50:34.732555,99.1214,99.1214,3.70845e-07,690
2025-11-11 18:50:34.736588,99.1213,99.1214,1.45273e-05,924
2025-11-11 18:50:34.740855,99.1213,99.1213,2.12175e-05,2207
2025-11-11 18:50:34.744711,99.1213,99.1213,2.59262e-05,2508
2025-11-11 18:50:34.749097,99.1213,99.1213,8.93349e-07,3092
2025-11-11 18:50:34.753394,99.1213,99.1213,8.93349e-07,3003
2025-11-11 18:50:34.757792,99.1213,99.1213,8.55132e-06,3325
2025-11-11 18:50:34.761643,99.1213,99.1213,5.03724e-06,3451
2025-11-11 18:50:34.765910,99.1213,99.1213,5.03724e-06,3274
2025-11-11 18:50:34.769842,99.1213,99.1213,5.03724e-06,3147
2025-11-11 18:50:34.774074,99.1213,99.1213,5.03724e-06,2832
2025-11-11 18:50:34.778491,99.1213,99.1213,5.03724e-06,2705
2025-11-11 18:50:34.783291,99.1213,99.1213,8.55132e-06,3269
2025-11-11 18:50:34.787719,99.1213,99.1213,8.93349e-07,2919
2025-11-11 18:50:34.792205,99.1213,99.1213,8.55132e-06,3299
2025-11-11 18:50:34.796514,99.1213,99.1213,5.03724e-06,2692
2025-11-11 18:50:34.801173,99.1213,99.1213,6.08282e-06,1890
2025-11-11 18:50:34.805619,99.1213,99.1213,5.03724e-06,2885
2025-11-11 18:50:34.809699,99.1213,99.1213,6.08282e-06,1745
2025-11-11 18:50:34.813917,99.1213,99.1213,6.08282e-06,1736
2025-11-11 18:50:34.818053,99.1213,99.1213,5.03724e-06,2625
2025-11-11 18:50:34.822545,99.1213,99.1213,6.08282e-06,2036
2025-11-11 18:50:34.826781,99.1213,99.1213,1.97644e-06,1946
2025-11-11 18:50:34.831070,99.1213,99.1213,1.97644e-06,1903
2025-11-11 18:50:34.835108,99.1213,99.1213,6.08282e-06,2216
2025-11-11 18:50:34.839985,99.1213,99.1213,5.03724e-06,2769
2025-11-11 18:50:34.844148,99.1213,99.1213,8.55132e-06,3103
2025-11-11 18:50:34.848638,99.1213,99.1213,8.55132e-06,2978
2025-11-11 18:50:34.853100,99.1213,99.1213,8.93349e-07,2976
2025-11-11 18:50:34.857595,99.1213,99.1213,8.93349e-07,2696
2025-11-11 18:50:34.862159,99.1213,99.1213,8.55132e-06,3037
2025-11-11 18:50:34.866400,99.1213,99.1213,8.93349e-07,2753
2025-11-11 18:50:34.870637,99.1213,99.1213,2.59262e-05,2167
2025-11-11 18:50:34.875354,99.1213,99.1213,2.59262e-05,2068
2025-11-11 18:50:34.879512,99.1213,99.1213,2.59262e-05,2061
2025-11-11 18:50:34.884284,99.1213,99.1213,8.93349e-07,2414
2025-11-11 18:50:34.888602,99.1213,99.1213,2.59262e-05,2090
2025-11-11 18:50:34.892711,99.1213,99.1213,8.93349e-07,2577
2025-11-11 18:50:34.897673,99.1213,99.1213,8.55132e-06,3085
2025-11-11 18:50:34.901993,99.1213,99.1213,8.55132e-06,2929
2025-11-11 18:50:34.906967,99.1213,99.1213,8.55132e-06,2796
2025-11-11 18:50:34.911239,99.1213,99.1213,5.03724e-06,2459
2025-11-11 18:50:34.915954,99.1213,99.1213,8.55132e-06,2936
2025-11-11 18:50:34.920272,99.1213,99.1213,8.55132e-06,2683
2025-11-11 18:50:34.924858,99.1213,99.1213,5.03724e-06,3092
2025-11-11 18:50:34.929257,99.1213,99.1213,5.03724e-06,2894
2025-11-11 18:50:34.933358,99.1213,99.1213,5.03724e-06,2527
2025-11-11 18:50:34.937368,99.1213,99.1213,5.03724e-06,2422
2025-11-11 18:50:34.941918,99.1213,99.1213,8.55132e-06,2803
2025-11-11 18:50:34.945805,99.1213,99.1213,8.55132e-06,2778
2025-11-11 18:50:34.950336,99.1213,99.1213,5.03724e-06,2509
2025-11-11 18:50:34.954511,99.1213,99.1213,5.03724e-06,2488
2025-11-11 18:50:34.958283,99.1213,99.1213,8.55132e-06,2757
2025-11-11 18:50:34.962221,99.1213,99.1213,8.93349e-07,2506
2025-11-11 18:50:34.965960,99.1213,99.1213,8.55132e-06,2628
2025-11-11 18:50:34.969740,99.1213,99.1213,8.93349e-07,2834
2025-11-11 18:50:34.974471,99.1213,99.1213,2.59262e-05,2385
2025-11-11 18:50:34.978430,99.1213,99.1213,8.93349e-07,2976
2025-11-11 18:50:34.983161,99.1213,99.1213,2.59262e-05,2403
2025-11-11 18:50:34.987250,99.1213,99.1213,8.93349e-07,2646
2025-11-11 18:50:34.991283,99.1213,99.1213,8.93349e-07,2495
2025-11-11 18:50:34.995257,99.1213,99.1213,8.55132e-06,2540
2025-11-11 18:50:34.999106,99.1213,99.1213,8.55132e-06,2477
2025-11-11 18:50:35.003058,99.1213,99.1213,5.03724e-06,2542
2025-11-11 18:50:35.007462,99.1213,99.1213,5.03724e-06,2228
2025-11-11 18:50:35.011366,99.1213,99.1213,8.55132e-06,2723
2025-11-11 18:50:35.015661,99.1213,99.1213,8.93349e-07,2548
2025-11-11 18:50:35.019534,99.1213,99.1213,8.93349e-07,2478
2025-11-11 18:50:35.024013,99.1213,99.1213,8.55132e-06,2558
2025-11-11 18:50:35.027993,99.1213,99.1213,8.93349e-07,2583
2025-11-11 18:50:35.032056,99.1213,99.1213,5.34467e-06,2295
2025-11-11 18:50:35.035940,99.1213,99.1213,5.34467e-06,2254
2025-11-11 18:50:35.040532,99.1213,99.1213,8.93349e-07,2639
2025-11-11 18:50:35.044496,99.1213,99.1213,5.34467e-06,2185
2025-11-11 18:50:35.048681,99.1213,99.1213,8.93349e-07,2571
2025-11-11 18:50:35.052753,99.1213,99.1213,8.93349e-07,2509
2025-11-11 18:50:35.056911,99.1213,99.1213,5.34467e-06,2182
2025-11-11 18:50:35.060764,99.1213,99.1213,2.05816e-05,2437
2025-11-11 18:50:35.064952,99.1213,99.1213,5.34467e-06,2298
2025-11-11 18:50:35.068868,99.1213,99.1213,5.34467e-06,2213
2025-11-11 18:50:35.073659,99.1213,99.1213,2.05816e-05,2034
2025-11-11 18:50:35.078136,99.1213,99.1213,5.34467e-06,2146
2025-11-11 18:50:35.083204,99.1213,99.1213,2.05816e-05,2051
2025-11-11 18:50:35.087447,99.1213,99.1213,2.05816e-05,1977
2025-11-11 18:50:35.091801,99.1213,99.1213,5.34467e-06,2105
2025-11-11 18:50:35.096031,99.1213,99.1213,8.93349e-07,2841
2025-11-11 18:50:35.099890,99.1213,99.1213,8.55132e-06,3528
2025-11-11 18:50:35.104238,99.1213,99.1213,5.03724e-06,2360
2025-11-11 18:50:35.109266,99.1213,99.1213,5.03724e-06,2342
2025-11-11 18:50:35.113504,99.1213,99.1213,8.55132e-06,3274
2025-11-11 18:50:35.117544,99.1213,99.1213,8.55132e-06,3203
2025-11-11 18:50:35.121405,99.1213,99.1213,5.03724e-06,2334
2025-11-11 18:50:35.125560,99.1213,99.1213,6.08282e-06,2806
2025-11-11 18:50:35.129882,99.1213,99.1213,6.08282e-06,2699
2025-11-11 18:50:35.133967,99.1213,99.1213,6.08282e-06,2652
2025-11-11 18:50:35.138415,99.1213,99.1213,6.08282e-06,2385
2025-11-11 18:50:35.142751,99.1213,99.1213,6.08282e-06,2341
2025-11-11 18:50:35.146631,99.1213,99.1213,5.03724e-06,2311
2025-11-11 18:50:35.151377,99.1213,99.1213,8.55132e-06,3263
2025-11-11 18:50:35.155563,99.1213,99.1213,5.03724e-06,2286
2025-11-11 18:50:35.159561,99.1213,99.1213,6.08282e-06,2385
2025-11-11 18:50:35.163623,99.1213,99.1213,1.97644e-06,2181
2025-11-11 18:50:35.167360,99.1213,99.1213,1.97644e-06,1983
2025-11-11 18:50:35.171426,99.1213,99.1213,1.97644e-06,1978
2025-11-11 18:50:35.175430,99.1213,99.1213,4.52284e-06,1769
2025-11-11 18:50:35.179306,99.1213,99.1213,4.52284e-06,1640
2025-11-11 18:50:35.183180,99.1213,99.1213,4.52284e-06,1552
2025-11-11 18:50:35.187175,99.1213,99.1213,1.97644e-06,1910
2025-11-11 18:50:35.191725,99.1213,99.1213,6.08282e-06,2348
2025-11-11 18:50:35.195752,99.1213,99.1213,1.35886e-05,3566
2025-11-11 18:50:35.200580,99.1213,99.1213,1.35886e-05,3477
2025-11-11 18:50:35.204916,99.1213,99.1213,1.35886e-05,3420
2025-11-11 18:50:35.208848,99.1213,99.1213,1.35886e-05,3358
2025-11-11 18:50:35.212961,99.1213,99.1213,1.35886e-05,3177
2025-11-11 18:50:35.216879,99.1213,99.1213,1.35886e-05,3177
2025-11-11 18:50:35.220939,99.1213,99.1213,1.35886e-05,3152
2025-11-11 18:50:35.225395,99.1213,99.1213,1.35886e-05,2786
2025-11-11 18:50:35.229481,99.1213,99.1213,8.93349e-07,3030
2025-11-11 18:50:35.234441,99.1213,99.1213,8.93349e-07,2708
2025-11-11 18:50:35.238664,99.1213,99.1213,8.93349e-07,2613
2025-11-11 18:50:35.242875,99.1213,99.1213,8.93349e-07,2608
2025-11-11 18:50:35.247080,99.1213,99.1213,1.35886e-05,2470
2025-11-11 18:50:35.251006,99.1213,99.1213,1.35886e-05,2428
2025-11-11 18:50:35.255331,99.1213,99.1213,6.08282e-06,1814
2025-11-11 18:50:35.259563,99.1213,99.1213,6.08282e-06,1619
2025-11-11 18:50:35.263766,99.1213,99.1213,6.08282e-06,1511
2025-11-11 18:50:35.268143,99.1213,99.1213,6.08282e-06,1503
2025-11-11 18:50:35.272497,99.1213,99.1213,6.08282e-06,1467
2025-11-11 18:50:35.276295,99.1213,99.1213,6.08282e-06,1373
2025-11-11 18:50:35.280237,99.1213,99.1213,6.08282e-06,1330
2025-11-11 18:50:35.284103,99.1213,99.1213,6.08282e-06,1217
2025-11-11 18:50:35.288567,99.1213,99.1213,1.35886e-05,2050
2025-11-11 18:50:35.293014,99.1213,99.1213,1.35886e-05,1971
2025-11-11 18:50:35.297154,99.1213,99.1213,6.08282e-06,1822
2025-11-11 18:50:35.301600,99.1213,99.1213,1.97644e-06,1997
2025-11-11 18:50:35.305866,99.1213,99.1213,1.97644e-06,1889
2025-11-11 18:50:35.309934,99.1213,99.1213,4.52284e-06,2004
2025-11-11 18:50:35.313923,99.1213,99.1213,6.76863e-07,1797
2025-11-11 18:50:35.317666,99.1213,99.1213,4.52284e-06,2034
2025-11-11 18:50:35.322284,99.1213,99.1213,4.52284e-06,1906
2025-11-11 18:50:35.326869,99.1213,99.1213,4.52284e-06,1829
2025-11-11 18:50:35.331190,99.1213,99.1213,6.76863e-07,1643
2025-11-11 18:50:35.335929,99.1213,99.1213,1.32078e-05,1539
2025-11-11 18:50:35.340103,99.1213,99.1213,6.76863e-07,1730
2025-11-11 18:50:35.344161,99.1213,99.1213,6.49928e-06,2210
2025-11-11 18:50:35.348424,99.1213,99.1213,6.08282e-06,2231
2025-11-11 18:50:35.352447,99.1213,99.1213,6.08282e-06,2177
2025-11-11 18:50:35.357279,99.1213,99.1213,6.49928e-06,2264
2025-11-11 18:50:35.361615,99.1213,99.1213,6.49928e-06,2130
2025-11-11 18:50:35.366110,99.1213,99.1213,6.08282e-06,2139
2025-11-11 18:50:35.370273,99.1213,99.1213,6.49928e-06,2000
2025-11-11 18:50:35.374651,99.1213,99.1213,6.76863e-07,1712
2025-11-11 18:50:35.378873,99.1213,99.1213,1.32078e-05,1412
2025-11-11 18:50:35.382962,99.1213,99.1213,6.76863e-07,1722
2025-11-11 18:50:35.387076,99.1213,99.1213,6.76863e-07,1587
2025-11-11 18:50:35.391799,99.1213,99.1213,1.32078e-05,1307
2025-11-11 18:50:35.395898,99.1213,99.1213,6.76863e-07,1763
2025-11-11 18:50:35.400617,99.1213,99.1213,1.32078e-05,1511
2025-11-11 18:50:35.404878,99.1212,99.1213,5.36762e-06,1606
2025-11-11 18:50:35.408861,99.1212,99.1212,2.52573e-05,1429
2025-11-11 18:50:35.412971,99.1212,99.1212,2.52573e-05,1298
2025-11-11 18:50:35.416821,99.1212,99.1212,6.51826e-06,1496
2025-11-11 18:50:35.421126,99.1212,99.1212,6.51826e-06,1467
2025-11-11 18:50:35.425833,99.1212,99.1212,6.51826e-06,1422
2025-11-11 18:50:35.429954,99.1212,99.1212,6.51826e-06,1235
2025-11-11 18:50:35.434516,99.1212,99.1212,4.53446e-06,1316
2025-11-11 18:50:35.438993,99.1212,99.1212,1.90823e-06,1340
2025-11-11 18:50:35.443268,99.1212,99.1212,4.95939e-06,1551
2025-11-11 18:50:35.447367,99.1212,99.1212,1.90823e-06,1588
2025-11-11 18:50:35.451242,99.1212,99.1212,4.53446e-06,1596
2025-11-11 18:50:35.455454,99.1212,99.1212,1.90823e-06,1596
2025-11-11 18:50:35.459677,99.1212,99.1212,1.90823e-06,1542
2025-11-11 18:50:35.463790,99.1212,99.1212,1.90823e-06,1509
2025-11-11 18:50:35.468214,99.1212,99.1212,4.95939e-06,1302
2025-11-11 18:50:35.472552,99.1212,99.1212,5.37558e-06,1435
2025-11-11 18:50:35.476689,99.1212,99.1212,9.63521e-06,2268
2025-11-11 18:50:35.480796,99.1212,99.1212,2.67869e-05,2670
2025-11-11 18:50:35.484803,99.1212,99.1212,2.67869e-05,2524
2025-11-11 18:50:35.489425,99.1212,99.1212,2.67869e-05,2335
2025-11-11 18:50:35.493520,99.1211,99.1212,2.63171e-05,2221
2025-11-11 18:50:35.497926,99.1211,99.1211,1.89741e-06,2016
2025-11-11 18:50:35.502126,99.1211,99.1212,2.63171e-05,2288
2025-11-11 18:50:35.506455,99.1212,99.1212,2.67869e-05,2350
2025-11-11 18:50:35.510379,99.1211,99.1212,2.63171e-05,2413
2025-11-11 18:50:35.514657,99.1212,99.1212,2.67869e-05,2582
2025-11-11 18:50:35.518743,99.1212,99.1212,9.63521e-06,2437
2025-11-11 18:50:35.522994,99.1212,99.1212,2.67869e-05,2897
2025-11-11 18:50:35.526940,99.1212,99.1212,2.67869e-05,2853
2025-11-11 18:50:35.530711,99.1211,99.1212,2.63171e-05,2503
2025-11-11 18:50:35.534984,99.1212,99.1212,2.67869e-05,2649
2025-11-11 18:50:35.539793,99.1212,99.1212,2.67869e-05,2643
2025-11-11 18:50:35.544242,99.1211,99.1212,2.63171e-05,2608
2025-11-11 18:50:35.548706,99.1211,99.1211,1.89741e-06,2398
2025-11-11 18:50:35.553244,99.1211,99.1211,6.28571e-06,2146
2025-11-11 18:50:35.557767,99.1211,99.1211,1.89741e-06,2525
2025-11-11 18:50:35.562084,99.1211,99.1212,2.63171e-05,2897
2025-11-11 18:50:35.566235,99.1212,99.1212,2.67869e-05,3131
2025-11-11 18:50:35.570316,99.1212,99.1212,2.67869e-05,2974
2025-11-11 18:50:35.574964,99.1212,99.1212,9.63521e-06,2957
2025-11-11 18:50:35.579176,99.1212,99.1212,9.63521e-06,2310
2025-11-11 18:50:35.585558,99.1212,99.1212,9.63521e-06,2137
2025-11-11 18:50:35.590400,99.1212,99.1212,9.63521e-06,2053
2025-11-11 18:50:35.595207,99.1212,99.1212,5.37558e-06,1940
2025-11-11 18:50:35.599357,99.1212,99.1212,5.37558e-06,1549
2025-11-11 18:50:35.603563,99.1212,99.1212,5.37558e-06,1430
2025-11-11 18:50:35.608651,99.1212,99.1212,4.95939e-06,2066
2025-11-11 18:50:35.613159,99.1212,99.1212,4.95939e-06,1956
2025-11-11 18:50:35.617406,99.1212,99.1212,4.95939e-06,1798
2025-11-11 18:50:35.621972,99.1212,99.1212,5.37558e-06,1347
2025-11-11 18:50:35.627336,99.1212,99.1212,4.95939e-06,1636
2025-11-11 18:50:35.631907,99.1212,99.1212,5.37558e-06,1307
2025-11-11 18:50:35.636156,99.1212,99.1212,9.63521e-06,1349
2025-11-11 18:50:35.641152,99.1212,99.1212,2.67869e-05,1507
2025-11-11 18:50:35.645392,99.1212,99.1212,9.63521e-06,1743
2025-11-11 18:50:35.649894,99.1212,99.1212,9.63521e-06,1646
2025-11-11 18:50:35.654329,99.1212,99.1212,5.37558e-06,2073
2025-11-11 18:50:35.658381,99.1212,99.1212,4.95939e-06,2420
2025-11-11 18:50:35.662535,99.1212,99.1212,5.37558e-06,2758
2025-11-11 18:50:35.666720,99.1212,99.1212,5.37558e-06,2554
2025-11-11 18:50:35.671562,99.1212,99.1212,5.37558e-06,2191
2025-11-11 18:50:35.677936,99.1212,99.1212,5.37558e-06,2053
2025-11-11 18:50:35.683607,99.1212,99.1212,9.63521e-06,2157
2025-11-11 18:50:35.687933,99.1212,99.1212,5.37558e-06,2132
2025-11-11 18:50:35.692153,99.1212,99.1212,5.37558e-06,2042
2025-11-11 18:50:35.696310,99.1212,99.1212,5.37558e-06,1943
2025-11-11 18:50:35.700159,99.1212,99.1212,9.63521e-06,2029
2025-11-11 18:50:35.704589,99.1212,99.1212,5.37558e-06,2332
2025-11-11 18:50:35.709036,99.1212,99.1212,5.37558e-06,2248
2025-11-11 18:50:35.713328,99.1212,99.1212,5.37558e-06,2247
2025-11-11 18:50:35.718106,99.1212,99.1212,5.37558e-06,2046
2025-11-11 18:50:35.722821,99.1212,99.1212,5.37558e-06,1712
2025-11-11 18:50:35.727081,99.1212,99.1212,4.95939e-06,1820
2025-11-11 18:50:35.731433,99.1212,99.1212,1.90823e-06,1899
2025-11-11 18:50:35.735646,99.1212,99.1212,1.90823e-06,1830
2025-11-11 18:50:35.741498,99.1212,99.1212,4.53446e-06,1840
2025-11-11 18:50:35.746172,99.1212,99.1212,4.53446e-06,1749
2025-11-11 18:50:35.750667,99.1212,99.1212,6.51826e-06,1649
2025-11-11 18:50:35.755356,99.1212,99.1212,2.52573e-05,2036
2025-11-11 18:50:35.759651,99.1212,99.1212,2.52573e-05,1651
2025-11-11 18:50:35.763955,99.1212,99.1212,6.51826e-06,1884
2025-11-11 18:50:35.768107,99.1212,99.1212,6.51826e-06,1854
2025-11-11 18:50:35.773065,99.1212,99.1212,2.52573e-05,1764
2025-11-11 18:50:35.777244,99.1212,99.1212,2.52573e-05,1410
2025-11-11 18:50:35.781830,99.1212,99.1213,5.36762e-06,2083
2025-11-11 18:50:35.786442,99.1212,99.1213,5.36762e-06,2058
2025-11-11 18:50:35.790643,99.1212,99.1212,2.52573e-05,1629
2025-11-11 18:50:35.794666,99.1212,99.1212,2.52573e-05,1446
2025-11-11 18:50:35.798955,99.1212,99.1213,5.36762e-06,1905
2025-11-11 18:50:35.803226,99.1212,99.1212,2.52573e-05,1146
2025-11-11 18:50:35.808127,99.1212,99.1213,5.36762e-06,1850
2025-11-11 18:50:35.812325,99.1212,99.1213,5.36762e-06,1632
2025-11-11 18:50:35.817186,99.1212,99.1212,2.52573e-05,969
2025-11-11 18:50:35.821647,99.1212,99.1213,1.85754e-05,2229
2025-11-11 18:50:35.825827,99.1212,99.1213,1.85754e-05,2152
2025-11-11 18:50:35.830092,99.1212,99.1213,1.85754e-05,1979
2025-11-11 18:50:35.834189,99.1212,99.1213,1.85754e-05,1758
2025-11-11 18:50:35.838726,99.1212,99.1213,1.85754e-05,1635
2025-11-11 18:50:35.843041,99.1212,99.1213,1.85754e-05,1617
2025-11-11 18:50:35.847321,99.1212,99.1213,1.85754e-05,1497
2025-11-11 18:50:35.851987,99.1212,99.1212,2.52573e-05,1411
2025-11-11 18:50:35.856367,99.1212,99.1212,6.51826e-06,906
2025-11-11 18:50:35.860406,99.1212,99.1212,2.52573e-05,1477
2025-11-11 18:50:35.864672,99.1212,99.1213,1.85754e-05,1462
2025-11-11 18:50:35.868491,99.1212,99.1212,2.52573e-05,1451
2025-11-11 18:50:35.872941,99.1212,99.1212,2.52573e-05,1380
2025-11-11 18:50:35.876905,99.1212,99.1212,2.52573e-05,1256
2025-11-11 18:50:35.881031,99.1212,99.1213,1.85754e-05,1896
2025-11-11 18:50:35.884820,99.1213,99.1213,6.76863e-07,2180
2025-11-11 18:50:35.889588,99.1213,99.1213,6.49928e-06,2713
2025-11-11 18:50:35.894075,99.1213,99.1213,6.49928e-06,2468
2025-11-11 18:50:35.898611,99.1213,99.1213,6.08282e-06,3049
2025-11-11 18:50:35.902801,99.1213,99.1213,6.08282e-06,2918
2025-11-11 18:50:35.907076,99.1213,99.1213,6.08282e-06,2910
2025-11-11 18:50:35.911177,99.1213,99.1213,6.08282e-06,2821
2025-11-11 18:50:35.915551,99.1213,99.1213,6.08282e-06,2394
2025-11-11 18:50:35.919599,99.1213,99.1213,6.49928e-06,2423
2025-11-11 18:50:35.924427,99.1213,99.1213,6.49928e-06,2191
2025-11-11 18:50:35.929034,99.1213,99.1213,6.49928e-06,2108
2025-11-11 18:50:35.934079,99.1213,99.1213,6.76863e-07,2308
2025-11-11 18:50:35.938266,99.1212,99.1213,1.85754e-05,2322
2025-11-11 18:50:35.942441,99.1212,99.1213,1.85754e-05,1986
2025-11-11 18:50:35.946605,99.1212,99.1213,1.85754e-05,1836
2025-11-11 18:50:35.950562,99.1212,99.1213,1.85754e-05,1608
2025-11-11 18:50:35.955301,99.1213,99.1213,6.76863e-07,2266
2025-11-11 18:50:35.959667,99.1213,99.1213,6.49928e-06,2385
2025-11-11 18:50:35.964088,99.1213,99.1213,6.49928e-06,2232
2025-11-11 18:50:35.968426,99.1213,99.1213,6.49928e-06,2224
2025-11-11 18:50:35.973060,99.1213,99.1213,6.08282e-06,2205
2025-11-11 18:50:35.977431,99.1213,99.1213,6.49928e-06,2311
2025-11-11 18:50:35.981620,99.1213,99.1213,6.49928e-06,2295
2025-11-11 18:50:35.985979,99.1213,99.1213,6.76863e-07,2517
2025-11-11 18:50:35.990974,99.1213,99.1213,6.76863e-07,2286
2025-11-11 18:50:35.995204,99.1213,99.1213,6.49928e-06,2173
2025-11-11 18:50:35.999980,99.1213,99.1213,6.08282e-06,1952
2025-11-11 18:50:36.004350,99.1213,99.1213,6.08282e-06,1901
2025-11-11 18:50:36.008482,99.1213,99.1213,6.08282e-06,1788
2025-11-11 18:50:36.012931,99.1213,99.1213,6.08282e-06,1774
2025-11-11 18:50:36.016940,99.1213,99.1213,6.49928e-06,2183
2025-11-11 18:50:36.021602,99.1213,99.1213,6.49928e-06,2065
2025-11-11 18:50:36.026057,99.1213,99.1213,6.76863e-07,2339
2025-11-11 18:50:36.030638,99.1213,99.1213,6.76863e-07,2335
2025-11-11 18:50:36.035413,99.1213,99.1213,6.76863e-07,1904
2025-11-11 18:50:36.039870,99.1213,99.1213,6.76863e-07,1860
2025-11-11 18:50:36.044038,99.1213,99.1213,6.76863e-07,1763
2025-11-11 18:50:36.048289,99.1212,99.1213,1.85754e-05,1657
2025-11-11 18:50:36.052242,99.1212,99.1213,1.85754e-05,1577
2025-11-11 18:50:36.057627,99.1213,99.1213,6.76863e-07,1976
2025-11-11 18:50:36.061881,99.1213,99.1213,6.76863e-07,1876
2025-11-11 18:50:36.066668,99.1212,99.1213,1.85754e-05,1488
2025-11-11 18:50:36.071034,99.1212,99.1212,2.52573e-05,1999
2025-11-11 18:50:36.075338,99.1212,99.1212,6.51826e-06,2107
2025-11-11 18:50:36.080844,99.1212,99.1212,6.51826e-06,2015
2025-11-11 18:50:36.086931,99.1212,99.1212,4.53446e-06,2181
2025-11-11 18:50:36.091888,99.1212,99.1212,4.53446e-06,2028
2025-11-11 18:50:36.096712,99.1212,99.1212,6.51826e-06,2038
2025-11-11 18:50:36.101249,99.1212,99.1212,6.51826e-06,1960
2025-11-11 18:50:36.106019,99.1212,99.1212,4.53446e-06,2500
2025-11-11 18:50:36.110611,99.1212,99.1212,1.90823e-06,2361
2025-11-11 18:50:36.115089,99.1212,99.1212,4.95939e-06,2374
2025-11-11 18:50:36.119096,99.1212,99.1212,1.90823e-06,2461
2025-11-11 18:50:36.123785,99.1212,99.1212,1.90823e-06,2292
2025-11-11 18:50:36.128324,99.1212,99.1212,1.90823e-06,2274
2025-11-11 18:50:36.133007,99.1212,99.1212,4.95939e-06,2462
2025-11-11 18:50:36.137415,99.1212,99.1212,5.37558e-06,2419
2025-11-11 18:50:36.141751,99.1212,99.1212,5.37558e-06,2164
2025-11-11 18:50:36.146340,99.1212,99.1212,4.95939e-06,2490
2025-11-11 18:50:36.150735,99.1212,99.1212,5.37558e-06,1988
2025-11-11 18:50:36.155751,99.1212,99.1212,4.95939e-06,2611
2025-11-11 18:50:36.160296,99.1212,99.1212,5.37558e-06,2118
2025-11-11 18:50:36.164930,99.1212,99.1212,9.63521e-06,2259
2025-11-11 18:50:36.169535,99.1212,99.1212,9.63521e-06,2080
2025-11-11 18:50:36.174552,99.1212,99.1212,9.63521e-06,1944
2025-11-11 18:50:36.179180,99.1212,99.1212,5.37558e-06,2097
2025-11-11 18:50:36.184024,99.1212,99.1212,9.63521e-06,2180
2025-11-11 18:50:36.188469,99.1212,99.1212,1.63455e-06,1685
2025-11-11 18:50:36.192945,99.1212,99.1212,1.63455e-06,1585
2025-11-11 18:50:36.197637,99.1212,99.1212,9.63521e-06,2195
2025-11-11 18:50:36.201995,99.1212,99.1212,1.63455e-06,1959
2025-11-11 18:50:36.206349,99.1212,99.1212,2.51524e-05,2355
2025-11-11 18:50:36.210330,99.1212,99.1212,2.51524e-05,2170
2025-11-11 18:50:36.214993,99.1211,99.1212,2.63171e-05,2023
2025-11-11 18:50:36.219063,99.1211,99.1211,1.89741e-06,1670
2025-11-11 18:50:36.223563,99.1211,99.1212,2.63171e-05,2123
2025-11-11 18:50:36.227840,99.1211,99.1212,2.63171e-05,2122
2025-11-11 18:50:36.232410,99.1211,99.1212,2.63171e-05,1953
2025-11-11 18:50:36.236819,99.1212,99.1212,2.51524e-05,2018
2025-11-11 18:50:36.241680,99.1212,99.1212,1.63455e-06,1760
2025-11-11 18:50:36.245999,99.1212,99.1212,1.63455e-06,1423
2025-11-11 18:50:36.250807,99.1212,99.1212,1.63455e-06,1371
2025-11-11 18:50:36.255523,99.1212,99.1212,9.63521e-06,1926
2025-11-11 18:50:36.259960,99.1212,99.1212,9.63521e-06,1642
2025-11-11 18:50:36.264373,99.1212,99.1212,1.63455e-06,1277
2025-11-11 18:50:36.268232,99.1212,99.1212,9.63521e-06,1713
2025-11-11 18:50:36.273487,99.1212,99.1212,9.63521e-06,1654
2025-11-11 18:50:36.278118,99.1212,99.1212,9.63521e-06,1524
2025-11-11 18:50:36.283073,99.1212,99.1212,5.37558e-06,1608
2025-11-11 18:50:36.287846,99.1212,99.1212,4.95939e-06,2131
2025-11-11 18:50:36.292343,99.1212,99.1212,4.95939e-06,2037
2025-11-11 18:50:36.296784,99.1212,99.1212,1.90823e-06,2282
2025-11-11 18:50:36.301149,99.1212,99.1212,4.95939e-06,2165
2025-11-11 18:50:36.305820,99.1212,99.1212,4.95939e-06,2029
2025-11-11 18:50:36.310537,99.1212,99.1212,4.95939e-06,1888
2025-11-11 18:50:36.315204,99.1212,99.1212,5.37558e-06,1552
2025-11-11 18:50:36.320056,99.1212,99.1212,4.95939e-06,2225
2025-11-11 18:50:36.324817,99.1212,99.1212,1.90823e-06,2218
2025-11-11 18:50:36.329481,99.1212,99.1212,4.95939e-06,2579
2025-11-11 18:50:36.333911,99.1212,99.1212,1.90823e-06,2417
2025-11-11 18:50:36.338587,99.1212,99.1212,4.53446e-06,2594
2025-11-11 18:50:36.343333,99.1212,99.1212,4.53446e-06,2489
2025-11-11 18:50:36.347914,99.1212,99.1212,4.53446e-06,2481
2025-11-11 18:50:36.353218,99.1212,99.1212,1.90823e-06,2457
2025-11-11 18:50:36.358010,99.1212,99.1212,1.90823e-06,2324
2025-11-11 18:50:36.362575,99.1212,99.1212,1.90823e-06,2314
2025-11-11 18:50:36.367150,99.1212,99.1212,4.53446e-06,2520
2025-11-11 18:50:36.371998,99.1212,99.1212,4.53446e-06,2397
2025-11-11 18:50:36.376769,99.1212,99.1212,6.51826e-06,2412
2025-11-11 18:50:36.381316,99.1212,99.1212,6.51826e-06,2246
2025-11-11 18:50:36.386128,99.1212,99.1212,4.53446e-06,2498
2025-11-11 18:50:36.391851,99.1212,99.1212,4.53446e-06,2449
2025-11-11 18:50:36.396558,99.1212,99.1212,6.51826e-06,2200
2025-11-11 18:50:36.401013,99.1212,99.1212,6.51826e-06,1933
2025-11-11 18:50:36.405670,99.1212,99.1212,4.53446e-06,2050
2025-11-11 18:50:36.410518,99.1212,99.1212,4.53446e-06,2007
2025-11-11 18:50:36.415084,99.1212,99.1212,1.90823e-06,2173
2025-11-11 18:50:36.419623,99.1212,99.1212,1.90823e-06,2001
2025-11-11 18:50:36.424482,99.1212,99.1212,4.95939e-06,1832
2025-11-11 18:50:36.429306,99.1212,99.1212,1.90823e-06,1876
2025-11-11 18:50:36.434020,99.1212,99.1212,4.53446e-06,2000
2025-11-11 18:50:36.440045,99.1212,99.1212,4.53446e-06,1949
2025-11-11 18:50:36.445104,99.1212,99.1212,1.90823e-06,1884
2025-11-11 18:50:36.449501,99.1212,99.1212,4.95939e-06,1991
2025-11-11 18:50:36.454096,99.1212,99.1212,4.95939e-06,1813
2025-11-11 18:50:36.459017,99.1212,99.1212,4.95939e-06,1809
2025-11-11 18:50:36.463875,99.1212,99.1212,4.95939e-06,1750
2025-11-11 18:50:36.468329,99.1212,99.1212,5.37558e-06,1821
2025-11-11 18:50:36.473097,99.1212,99.1212,9.63521e-06,1926
2025-11-11 18:50:36.478223,99.1212,99.1212,5.37558e-06,1940
2025-11-11 18:50:36.482872,99.1212,99.1212,5.37558e-06,1839
2025-11-11 18:50:36.487444,99.1212,99.1212,5.37558e-06,1638
2025-11-11 18:50:36.491831,99.1212,99.1212,9.63521e-06,1606
2025-11-11 18:50:36.497166,99.1212,99.1212,5.37558e-06,1516
2025-11-11 18:50:36.501689,99.1212,99.1212,4.95939e-06,1589
2025-11-11 18:50:36.506687,99.1212,99.1212,5.37558e-06,1515
2025-11-11 18:50:36.511324,99.1212,99.1212,9.63521e-06,1795
2025-11-11 18:50:36.515716,99.1212,99.1212,1.63455e-06,1779
2025-11-11 18:50:36.520613,99.1212,99.1212,2.51524e-05,2504
2025-11-11 18:50:36.525535,99.1211,99.1212,2.63171e-05,2428
2025-11-11 18:50:36.530345,99.1211,99.1211,1.89741e-06,1924
2025-11-11 18:50:36.534764,99.1211,99.1211,1.89741e-06,1916
2025-11-11 18:50:36.539702,99.1211,99.1212,2.63171e-05,2418
2025-11-11 18:50:36.545261,99.1211,99.1211,1.89741e-06,1831
2025-11-11 18:50:36.550197,99.1211,99.1211,1.89741e-06,1802
2025-11-11 18:50:36.555014,99.1211,99.1212,2.63171e-05,2218
2025-11-11 18:50:36.560995,99.1211,99.1211,1.89741e-06,1994
2025-11-11 18:50:36.565544,99.1211,99.1211,1.89741e-06,1955
2025-11-11 18:50:36.570191,99.1211,99.1212,2.63171e-05,2283
2025-11-11 18:50:36.575628,99.1211,99.1211,1.89741e-06,1916
2025-11-11 18:50:36.580523,99.1211,99.1212,2.63171e-05,2443
2025-11-11 18:50:36.585325,99.1212,99.1212,2.51524e-05,2759
2025-11-11 18:50:36.590691,99.1212,99.1212,2.51524e-05,2707
2025-11-11 18:50:36.595836,99.1211,99.1212,2.63171e-05,2418
2025-11-11 18:50:36.600370,99.1212,99.1212,2.51524e-05,3292
2025-11-11 18:50:36.605076,99.1212,99.1212,2.51524e-05,3256
2025-11-11 18:50:36.609913,99.1212,99.1212,2.51524e-05,2971
2025-11-11 18:50:36.614581,99.1212,99.1212,2.51524e-05,2932
2025-11-11 18:50:36.618688,99.1212,99.1212,2.51524e-05,2666
2025-11-11 18:50:36.624803,99.1212,99.1212,1.63455e-06,2508
2025-11-11 18:50:36.629621,99.1212,99.1212,2.51524e-05,2935
2025-11-11 18:50:36.634098,99.1212,99.1212,2.51524e-05,2362
2025-11-11 18:50:36.638927,99.1212,99.1212,2.51524e-05,2347
2025-11-11 18:50:36.643440,99.1212,99.1212,1.63455e-06,2003
2025-11-11 18:50:36.648389,99.1212,99.1212,1.63455e-06,1959
2025-11-11 18:50:36.653266,99.1212,99.1212,9.63521e-06,2048
2025-11-11 18:50:36.658085,99.1212,99.1212,9.63521e-06,1984
2025-11-11 18:50:36.662988,99.1212,99.1212,9.63521e-06,1912
2025-11-11 18:50:36.668281,99.1212,99.1212,5.37558e-06,1809
2025-11-11 18:50:36.673019,99.1212,99.1212,9.63521e-06,1775
2025-11-11 18:50:36.677582,99.1212,99.1212,9.63521e-06,1762
2025-11-11 18:50:36.682556,99.1212,99.1212,5.37558e-06,1801
2025-11-11 18:50:36.687185,99.1212,99.1212,9.63521e-06,1840
2025-11-11 18:50:36.691686,99.1212,99.1212,1.63455e-06,1725
2025-11-11 18:50:36.696159,99.1212,99.1212,2.51524e-05,1746
2025-11-11 18:50:36.700820,99.1212,99.1212,1.63455e-06,1787
2025-11-11 18:50:36.705545,99.1212,99.1212,2.51524e-05,1610
2025-11-11 18:50:36.709875,99.1212,99.1212,2.51524e-05,1558
2025-11-11 18:50:36.714258,99.1212,99.1212,1.63455e-06,2047
2025-11-11 18:50:36.718307,99.1212,99.1212,2.51524e-05,1574
2025-11-11 18:50:36.723631,99.1212,99.1212,2.51524e-05,1435
2025-11-11 18:50:36.728462,99.1211,99.1212,2.63171e-05,1774
2025-11-11 18:50:36.733373,99.1211,99.1212,2.63171e-05,1693
2025-11-11 18:50:36.738009,99.1211,99.1211,1.89741e-06,1230
2025-11-11 18:50:36.742583,99.1211,99.1212,2.82145e-05,1551
2025-11-11 18:50:36.747135,99.1211,99.1211,6.28571e-06,1400
2025-11-11 18:50:36.751784,99.1211,99.1211,6.28571e-06,1355
2025-11-11 18:50:36.757048,99.1211,99.1211,1.80338e-06,1558
2025-11-11 18:50:36.761641,99.1211,99.1211,1.80338e-06,1444
2025-11-11 18:50:36.766915,99.1211,99.1211,1.80338e-06,1393
2025-11-11 18:50:36.771407,99.1211,99.1211,6.28571e-06,1350
2025-11-11 18:50:36.775992,99.1211,99.1211,1.80338e-06,1701
2025-11-11 18:50:36.780587,99.1211,99.1211,1.29873e-06,2154
2025-11-11 18:50:36.785508,99.1211,99.1211,1.1055e-07,2342
2025-11-11 18:50:36.790385,99.1211,99.1211,1.29873e-06,2321
2025-11-11 18:50:36.794776,99.1211,99.1211,1.1055e-07,2523
2025-11-11 18:50:36.799442,99.1211,99.1211,1.50605e-05,2396
2025-11-11 18:50:36.804245,99.1211,99.1211,1.63393e-06,2772
2025-11-11 18:50:36.808648,99.1211,99.1211,1.50605e-05,2447
2025-11-11 18:50:36.813130,99.1211,99.1211,1.50605e-05,2330
2025-11-11 18:50:36.817226,99.1211,99.1211,1.50605e-05,2189
2025-11-11 18:50:36.821870,99.1211,99.1211,1.50605e-05,2160
2025-11-11 18:50:36.826557,99.1211,99.1211,1.1055e-07,2464
2025-11-11 18:50:36.831088,99.1211,99.1211,1.50605e-05,2244
2025-11-11 18:50:36.835804,99.1211,99.1211,1.50605e-05,2202
2025-11-11 18:50:36.840323,99.1211,99.1211,1.63393e-06,2436
2025-11-11 18:50:36.844723,99.1211,99.1211,6.07192e-08,2027
2025-11-11 18:50:36.849179,99.1211,99.1211,1.70776e-05,1875
2025-11-11 18:50:36.853771,99.1211,99.1211,1.18746e-05,1578
2025-11-11 18:50:36.858936,99.1211,99.1211,2.22812e-06,2019
2025-11-11 18:50:36.863662,99.1211,99.1211,2.22812e-06,1584
2025-11-11 18:50:36.868399,99.1211,99.1211,1.18746e-05,1880
2025-11-11 18:50:36.872948,99.1211,99.1211,1.70776e-05,2067
2025-11-11 18:50:36.877533,99.1211,99.1211,1.18746e-05,1816
2025-11-11 18:50:36.882008,99.1211,99.1211,1.18746e-05,1711
2025-11-11 18:50:36.886227,99.1211,99.1211,1.70776e-05,2275
2025-11-11 18:50:36.891773,99.1211,99.1211,1.70776e-05,1946
2025-11-11 18:50:36.896216,99.1211,99.1211,1.70776e-05,1808
2025-11-11 18:50:36.901031,99.1211,99.1211,1.18746e-05,2003
2025-11-11 18:50:36.905603,99.1211,99.1211,2.22812e-06,2161
2025-11-11 18:50:36.910085,99.1211,99.1211,2.22812e-06,2040
2025-11-11 18:50:36.914588,99.1211,99.1211,2.22812e-06,1768
2025-11-11 18:50:36.918902,99.1211,99.1211,1.18746e-05,1701
2025-11-11 18:50:36.923490,99.1211,99.1211,1.18746e-05,1606
2025-11-11 18:50:36.928079,99.1211,99.1211,1.18746e-05,1344
2025-11-11 18:50:36.932401,99.1211,99.1211,2.22812e-06,1622
2025-11-11 18:50:36.937044,99.1211,99.1211,2.22812e-06,1416
2025-11-11 18:50:36.942240,99.1211,99.1211,2.22812e-06,1395
2025-11-11 18:50:36.946996,99.1211,99.1211,2.22812e-06,1291
2025-11-11 18:50:36.951787,99.1211,99.1211,1.18746e-05,1547
2025-11-11 18:50:36.956647,99.1211,99.1211,2.22812e-06,1407
2025-11-11 18:50:36.961228,99.1211,99.1211,2.22812e-06,1406
2025-11-11 18:50:36.965832,99.1211,99.1211,2.22812e-06,1033
2025-11-11 18:50:36.970843,99.1211,99.1211,2.22812e-06,965
2025-11-11 18:50:36.975760,99.1211,99.1211,4.64176e-06,1574
2025-11-11 18:50:36.980533,99.121,99.1211,3.34075e-05,1474
2025-11-11 18:50:36.985148,99.1211,99.1211,4.64176e-06,1889
2025-11-11 18:50:36.989665,99.1211,99.1211,4.64176e-06,1426
2025-11-11 18:50:36.994205,99.121,99.1211,3.34075e-05,933
2025-11-11 18:50:36.998707,99.121,99.121,2.53798e-06,877
2025-11-11 18:50:37.002942,99.121,99.121,8.41748e-06,796
2025-11-11 18:50:37.008024,99.121,99.121,9.73047e-06,754
2025-11-11 18:50:37.012455,99.121,99.121,8.41748e-06,741
2025-11-11 18:50:37.017423,99.121,99.121,8.41748e-06,712
2025-11-11 18:50:37.021923,99.121,99.121,9.73047e-06,1131
2025-11-11 18:50:37.026333,99.121,99.121,9.73047e-06,1007
2025-11-11 18:50:37.030916,99.121,99.121,5.91849e-06,1293
2025-11-11 18:50:37.035227,99.121,99.121,4.02432e-06,1339
2025-11-11 18:50:37.040661,99.121,99.121,5.15146e-06,1605
2025-11-11 18:50:37.045172,99.121,99.121,5.15146e-06,1247
2025-11-11 18:50:37.050040,99.121,99.121,1.65633e-05,1363
2025-11-11 18:50:37.054668,99.121,99.121,5.15146e-06,1617
2025-11-11 18:50:37.058932,99.121,99.121,1.65633e-05,1413
2025-11-11 18:50:37.063491,99.121,99.121,5.15146e-06,1728
2025-11-11 18:50:37.067894,99.121,99.121,4.02432e-06,2157
2025-11-11 18:50:37.073460,99.121,99.121,1.89416e-06,1976
2025-11-11 18:50:37.077835,99.121,99.121,1.89416e-06,1805
2025-11-11 18:50:37.084246,99.121,99.121,9.73047e-06,1954
2025-11-11 18:50:37.088897,99.121,99.121,9.73047e-06,1809
2025-11-11 18:50:37.093476,99.121,99.121,9.73047e-06,1687
2025-11-11 18:50:37.098689,99.121,99.121,9.73047e-06,1595
2025-11-11 18:50:37.103344,99.121,99.121,9.73047e-06,1502
2025-11-11 18:50:37.108452,99.121,99.121,1.89416e-06,1847
2025-11-11 18:50:37.112844,99.121,99.121,4.02432e-06,2156
2025-11-11 18:50:37.117876,99.121,99.121,4.02432e-06,1777
2025-11-11 18:50:37.122799,99.121,99.121,1.89416e-06,1479
2025-11-11 18:50:37.127589,99.121,99.121,1.89416e-06,1443
2025-11-11 18:50:37.132461,99.121,99.121,4.02432e-06,1889
2025-11-11 18:50:37.136750,99.121,99.121,4.02432e-06,1648
2025-11-11 18:50:37.141706,99.121,99.121,5.15146e-06,1872
2025-11-11 18:50:37.146373,99.121,99.121,4.02432e-06,2027
2025-11-11 18:50:37.151340,99.121,99.121,1.89416e-06,2355
2025-11-11 18:50:37.156020,99.121,99.121,9.73047e-06,2022
2025-11-11 18:50:37.160366,99.121,99.121,9.73047e-06,2004
2025-11-11 18:50:37.165079,99.121,99.121,8.41748e-06,2460
2025-11-11 18:50:37.169404,99.121,99.121,8.41748e-06,2229
2025-11-11 18:50:37.174591,99.121,99.121,2.53798e-06,2101
2025-11-11 18:50:37.178982,99.121,99.121,2.53798e-06,2092
2025-11-11 18:50:37.183744,99.121,99.121,2.53798e-06,1863
2025-11-11 18:50:37.188391,99.121,99.1211,3.34075e-05,1920
2025-11-11 18:50:37.192877,99.1211,99.1211,4.64176e-06,1938
2025-11-11 18:50:37.197356,99.1211,99.1211,4.64176e-06,1823
2025-11-11 18:50:37.201676,99.1211,99.1211,2.22812e-06,1815
2025-11-11 18:50:37.206707,99.1211,99.1211,2.22812e-06,1736
2025-11-11 18:50:37.211204,99.1211,99.1211,2.22812e-06,1556
2025-11-11 18:50:37.216128,99.1211,99.1211,4.64176e-06,2087
2025-11-11 18:50:37.220736,99.1211,99.1211,4.64176e-06,1981
2025-11-11 18:50:37.225526,99.121,99.1211,3.34075e-05,2153
2025-11-11 18:50:37.230107,99.121,99.1211,3.34075e-05,2069
2025-11-11 18:50:37.234847,99.1211,99.1211,4.64176e-06,1830
2025-11-11 18:50:37.239701,99.1211,99.1211,4.64176e-06,1463
2025-11-11 18:50:37.244351,99.121,99.1211,3.34075e-05,2160
2025-11-11 18:50:37.249270,99.121,99.1211,3.34075e-05,1691
2025-11-11 18:50:37.254019,99.1211,99.1211,4.64176e-06,1282
2025-11-11 18:50:37.258346,99.121,99.1211,3.34075e-05,1748
2025-11-11 18:50:37.262903,99.121,99.1211,3.34075e-05,1420
2025-11-11 18:50:37.267201,99.1211,99.1211,4.64176e-06,1275
2025-11-11 18:50:37.271699,99.1211,99.1211,4.64176e-06,1072
2025-11-11 18:50:37.276368,99.1211,99.1211,2.22812e-06,1044
2025-11-11 18:50:37.280856,99.1211,99.1211,1.18746e-05,1437
2025-11-11 18:50:37.285321,99.1211,99.1211,1.70776e-05,1518
2025-11-11 18:50:37.290505,99.1211,99.1211,6.07192e-08,1887
2025-11-11 18:50:37.295145,99.1211,99.1211,1.70776e-05,1600
2025-11-11 18:50:37.300114,99.1211,99.1211,1.70776e-05,1461
2025-11-11 18:50:37.304840,99.1211,99.1211,6.07192e-08,1877
2025-11-11 18:50:37.309264,99.1211,99.1211,1.63393e-06,2478
2025-11-11 18:50:37.314796,99.1211,99.1211,1.50605e-05,2996
2025-11-11 18:50:37.319368,99.1211,99.1211,1.63393e-06,2575
2025-11-11 18:50:37.325156,99.1211,99.1211,1.63393e-06,2488
2025-11-11 18:50:37.329937,99.1211,99.1211,1.50605e-05,2841
2025-11-11 18:50:37.335260,99.1211,99.1211,1.50605e-05,2719
2025-11-11 18:50:37.340184,99.1211,99.1211,1.1055e-07,2341
2025-11-11 18:50:37.344882,99.1211,99.1211,1.50605e-05,2935
2025-11-11 18:50:37.349487,99.1211,99.1211,1.50605e-05,2837
2025-11-11 18:50:37.354845,99.1211,99.1211,1.50605e-05,2708
2025-11-11 18:50:37.359785,99.1211,99.1211,1.63393e-06,2549
2025-11-11 18:50:37.364731,99.1211,99.1211,1.63393e-06,2396
2025-11-11 18:50:37.369530,99.1211,99.1211,1.63393e-06,2344
2025-11-11 18:50:37.374398,99.1211,99.1211,1.63393e-06,2258
2025-11-11 18:50:37.379441,99.1211,99.1211,6.07192e-08,1684
2025-11-11 18:50:37.385375,99.1211,99.1211,1.69465e-06,2080
2025-11-11 18:50:37.390969,99.1211,99.1211,1.69465e-06,2070
2025-11-11 18:50:37.395710,99.1211,99.1211,1.70776e-05,1527
2025-11-11 18:50:37.400987,99.1211,99.1211,1.69465e-06,2229
2025-11-11 18:50:37.405930,99.1211,99.1211,1.70776e-05,1525
2025-11-11 18:50:37.410554,99.1211,99.1211,1.69465e-06,2051
2025-11-11 18:50:37.415342,99.1211,99.1211,1.70776e-05,1580
2025-11-11 18:50:37.419769,99.1211,99.1211,1.70776e-05,1553
2025-11-11 18:50:37.425051,99.1211,99.1211,1.18746e-05,1342
2025-11-11 18:50:37.429753,99.1211,99.1211,1.18746e-05,1297
2025-11-11 18:50:37.435352,99.1211,99.1211,1.70776e-05,1716
2025-11-11 18:50:37.440208,99.1211,99.1211,1.69465e-06,2489
2025-11-11 18:50:37.445288,99.1211,99.1211,1.69465e-06,2354
2025-11-11 18:50:37.449926,99.1211,99.1211,1.50605e-05,2853
2025-11-11 18:50:37.454919,99.1211,99.1211,1.50605e-05,2788
2025-11-11 18:50:37.459867,99.1211,99.1211,1.50605e-05,2511
2025-11-11 18:50:37.464988,99.1211,99.1211,1.69465e-06,2607
2025-11-11 18:50:37.469991,99.1211,99.1211,1.50605e-05,2816
2025-11-11 18:50:37.474842,99.1211,99.1211,1.1055e-07,2745
2025-11-11 18:50:37.480008,99.1211,99.1211,1.29873e-06,2816
2025-11-11 18:50:37.484479,99.1211,99.1211,1.29873e-06,2798
2025-11-11 18:50:37.489977,99.1211,99.1211,1.80338e-06,2400
2025-11-11 18:50:37.494596,99.1211,99.1211,1.80338e-06,2284
2025-11-11 18:50:37.499660,99.1211,99.1211,1.29873e-06,2457
2025-11-11 18:50:37.504190,99.1211,99.1211,1.80338e-06,2222
2025-11-11 18:50:37.508638,99.1211,99.1211,6.28571e-06,1924
2025-11-11 18:50:37.513358,99.1211,99.1211,1.80338e-06,2157
2025-11-11 18:50:37.517757,99.1211,99.1211,1.29873e-06,2472
2025-11-11 18:50:37.522689,99.1211,99.1211,1.29873e-06,2381
2025-11-11 18:50:37.527822,99.1211,99.1211,1.80338e-06,2019
2025-11-11 18:50:37.533063,99.1211,99.1211,1.80338e-06,1825
2025-11-11 18:50:37.537738,99.1211,99.1211,1.29873e-06,2408
2025-11-11 18:50:37.542474,99.1211,99.1211,1.1055e-07,2593
2025-11-11 18:50:37.547028,99.1211,99.1211,1.50605e-05,2520
2025-11-11 18:50:37.551487,99.1211,99.1211,1.50605e-05,2409
2025-11-11 18:50:37.556548,99.1211,99.1211,1.1055e-07,2902
2025-11-11 18:50:37.561170,99.1211,99.1211,1.1055e-07,2711
2025-11-11 18:50:37.566058,99.1211,99.1211,1.1055e-07,2663
2025-11-11 18:50:37.570640,99.1211,99.1211,1.1055e-07,2471
2025-11-11 18:50:37.575203,99.1211,99.1211,1.1055e-07,2145
2025-11-11 18:50:37.580271,99.1211,99.1211,1.50605e-05,2292
2025-11-11 18:50:37.584807,99.1211,99.1211,1.50605e-05,2225
2025-11-11 18:50:37.590103,99.1211,99.1211,1.50605e-05,2170
2025-11-11 18:50:37.594751,99.1211,99.1211,1.50605e-05,1968
2025-11-11 18:50:37.600475,99.1211,99.1211,1.69465e-06,1987
2025-11-11 18:50:37.605283,99.1211,99.1211,1.70776e-05,2028
2025-11-11 18:50:37.609727,99.1211,99.1211,1.70776e-05,2027
2025-11-11 18:50:37.614281,99.1211,99.1211,1.70776e-05,1964
2025-11-11 18:50:37.618461,99.1211,99.1211,1.69465e-06,1892
2025-11-11 18:50:37.623478,99.1211,99.1211,1.50605e-05,1801
2025-11-11 18:50:37.628534,99.1211,99.1211,1.50605e-05,1793
2025-11-11 18:50:37.633340,99.1211,99.1211,1.1055e-07,1788
2025-11-11 18:50:37.638024,99.1211,99.1211,1.50605e-05,1979
2025-11-11 18:50:37.643162,99.1211,99.1211,1.69465e-06,2362
2025-11-11 18:50:37.648082,99.1211,99.1211,1.69465e-06,2115
2025-11-11 18:50:37.652843,99.1211,99.1211,1.69465e-06,1976
2025-11-11 18:50:37.657871,99.1211,99.1211,1.69465e-06,1952
2025-11-11 18:50:37.662851,99.1211,99.1211,1.50605e-05,2104
2025-11-11 18:50:37.667346,99.1211,99.1211,1.1055e-07,2264
2025-11-11 18:50:37.672329,99.1211,99.1211,1.1055e-07,2212
2025-11-11 18:50:37.677002,99.1211,99.1211,1.1055e-07,2084
2025-11-11 18:50:37.682582,99.1211,99.1211,1.50605e-05,2173
2025-11-11 18:50:37.687392,99.1211,99.1211,1.1055e-07,1958
2025-11-11 18:50:37.692425,99.1211,99.1211,1.1055e-07,1940
2025-11-11 18:50:37.697244,99.1211,99.1211,1.29873e-06,2161
2025-11-11 18:50:37.701803,99.1211,99.1211,1.29873e-06,2031
2025-11-11 18:50:37.706975,99.1211,99.1211,1.80338e-06,1441
2025-11-11 18:50:37.711669,99.1211,99.1211,1.80338e-06,1390
2025-11-11 18:50:37.716952,99.1211,99.1211,1.29873e-06,1839
2025-11-11 18:50:37.721946,99.1211,99.1211,1.29873e-06,1837
2025-11-11 18:50:37.726550,99.1211,99.1211,1.80338e-06,1496
2025-11-11 18:50:37.731470,99.1211,99.1211,1.29873e-06,1906
2025-11-11 18:50:37.736390,99.1211,99.1211,1.29873e-06,1874
2025-11-11 18:50:37.741752,99.1211,99.1211,1.80338e-06,1616
2025-11-11 18:50:37.746894,99.1211,99.1211,6.28571e-06,1376
2025-11-11 18:50:37.752043,99.1211,99.1211,1.23386e-05,1149
2025-11-11 18:50:37.757137,99.1211,99.1212,1.58759e-05,1980
2025-11-11 18:50:37.762219,99.1211,99.1212,1.58759e-05,1862
2025-11-11 18:50:37.766773,99.1211,99.1212,1.58759e-05,1649
2025-11-11 18:50:37.773456,99.1211,99.1211,1.23386e-05,1267
2025-11-11 18:50:37.778770,99.1211,99.1211,1.23386e-05,1116
2025-11-11 18:50:37.784185,99.1211,99.1212,1.58759e-05,1607
2025-11-11 18:50:37.789911,99.1211,99.1212,1.58759e-05,1531
2025-11-11 18:50:37.795084,99.1211,99.1212,1.58759e-05,1490
2025-11-11 18:50:37.799615,99.1211,99.1212,1.58759e-05,1465
2025-11-11 18:50:37.804336,99.1211,99.1212,1.58759e-05,1268
2025-11-11 18:50:37.809693,99.1211,99.1211,1.23386e-05,1410
2025-11-11 18:50:37.814615,99.1211,99.1211,6.28571e-06,1461
2025-11-11 18:50:37.819339,99.1211,99.1211,1.23386e-05,1560
2025-11-11 18:50:37.824093,99.1211,99.1211,1.23386e-05,1103
2025-11-11 18:50:37.829568,99.1211,99.1211,1.23386e-05,936
2025-11-11 18:50:37.834217,99.1211,99.1211,1.23386e-05,933
2025-11-11 18:50:37.838908,99.1211,99.1212,1.58759e-05,1272
2025-11-11 18:50:37.843701,99.1211,99.1212,1.58759e-05,1143
2025-11-11 18:50:37.849072,99.1211,99.1211,1.23386e-05,852
2025-11-11 18:50:37.854234,99.1211,99.1211,6.28571e-06,1295
2025-11-11 18:50:37.858819,99.1211,99.1211,6.28571e-06,1257
2025-11-11 18:50:37.864062,99.1211,99.1211,1.80338e-06,1643
2025-11-11 18:50:37.868741,99.1211,99.1211,1.80338e-06,1499
2025-11-11 18:50:37.873458,99.1211,99.1211,1.80338e-06,1397
2025-11-11 18:50:37.878750,99.1211,99.1211,1.29873e-06,2021
2025-11-11 18:50:37.884437,99.1211,99.1211,1.1055e-07,2434
2025-11-11 18:50:37.889499,99.1211,99.1211,1.1055e-07,2416
2025-11-11 18:50:37.895669,99.1211,99.1211,1.50605e-05,2485
2025-11-11 18:50:37.901567,99.1211,99.1211,1.69465e-06,2214
2025-11-11 18:50:37.906401,99.1211,99.1211,1.69465e-06,2163
2025-11-11 18:50:37.912135,99.1211,99.1211,1.70776e-05,2052
2025-11-11 18:50:37.917097,99.1211,99.1211,1.70776e-05,2005
2025-11-11 18:50:37.921702,99.1211,99.1211,1.70776e-05,1995
2025-11-11 18:50:37.927369,99.1211,99.1211,1.70776e-05,1909
2025-11-11 18:50:37.932614,99.1211,99.1211,1.70776e-05,1788
2025-11-11 18:50:37.937149,99.1211,99.1211,1.69465e-06,1886
2025-11-11 18:50:37.942419,99.1211,99.1211,1.69465e-06,1773
2025-11-11 18:50:37.947378,99.1211,99.1211,1.50605e-05,2247
2025-11-11 18:50:37.952087,99.1211,99.1211,1.1055e-07,2112
2025-11-11 18:50:37.957238,99.1211,99.1211,1.1055e-07,2048
2025-11-11 18:50:37.962515,99.1211,99.1211,1.50605e-05,2551
2025-11-11 18:50:37.967514,99.1211,99.1211,1.50605e-05,2485
2025-11-11 18:50:37.972710,99.1211,99.1211,1.69465e-06,2376
2025-11-11 18:50:37.978054,99.1211,99.1211,1.69465e-06,2370
2025-11-11 18:50:37.982978,99.1211,99.1211,1.69465e-06,2184
2025-11-11 18:50:37.988269,99.1211,99.1211,1.70776e-05,2308
2025-11-11 18:50:37.993381,99.1211,99.1211,1.18746e-05,1677
2025-11-11 18:50:37.998241,99.1211,99.1211,1.18746e-05,1416
2025-11-11 18:50:38.002920,99.1211,99.1211,1.70776e-05,2505
2025-11-11 18:50:38.008389,99.1211,99.1211,1.70776e-05,2335
2025-11-11 18:50:38.013601,99.1211,99.1211,1.70776e-05,2126
2025-11-11 18:50:38.018341,99.1211,99.1211,1.69465e-06,2195
2025-11-11 18:50:38.024115,99.1211,99.1211,1.70776e-05,2346
2025-11-11 18:50:38.030903,99.1211,99.1211,1.70776e-05,2267
2025-11-11 18:50:38.036386,99.1211,99.1211,1.70776e-05,2226
2025-11-11 18:50:38.042098,99.1211,99.1211,1.70776e-05,2037
2025-11-11 18:50:38.047148,99.1211,99.1211,1.69465e-06,2156
2025-11-11 18:50:38.051840,99.1211,99.1211,1.70776e-05,2390
2025-11-11 18:50:38.057687,99.1211,99.1211,1.18746e-05,2005
2025-11-11 18:50:38.062858,99.1211,99.1211,1.18746e-05,1993
2025-11-11 18:50:38.067712,99.1211,99.1211,1.18746e-05,1965
2025-11-11 18:50:38.072793,99.1211,99.1211,1.18746e-05,1873
2025-11-11 18:50:38.078150,99.1211,99.1211,1.70776e-05,2271
2025-11-11 18:50:38.084634,99.1211,99.1211,1.70776e-05,2257
2025-11-11 18:50:38.090544,99.1211,99.1211,1.18746e-05,1718
2025-11-11 18:50:38.095577,99.1211,99.1211,1.70776e-05,2454
2025-11-11 18:50:38.100711,99.1211,99.1211,1.70776e-05,2140
2025-11-11 18:50:38.106336,99.1211,99.1211,1.18746e-05,1965
2025-11-11 18:50:38.112442,99.1211,99.1211,2.22812e-06,1983
2025-11-11 18:50:38.117186,99.1211,99.1211,4.64176e-06,1983
2025-11-11 18:50:38.122662,99.1211,99.1211,2.22812e-06,1886
2025-11-11 18:50:38.128002,99.1211,99.1211,2.22812e-06,1882
2025-11-11 18:50:38.132959,99.1211,99.1211,1.18746e-05,1922
2025-11-11 18:50:38.138172,99.1211,99.1211,1.18746e-05,1498
2025-11-11 18:50:38.143611,99.1211,99.1211,1.18746e-05,1386
2025-11-11 18:50:38.148542,99.1211,99.1211,1.70776e-05,1850
2025-11-11 18:50:38.153333,99.1211,99.1211,1.69465e-06,1805
2025-11-11 18:50:38.158436,99.1211,99.1211,1.70776e-05,1796
2025-11-11 18:50:38.163423,99.1211,99.1211,1.18746e-05,1522
2025-11-11 18:50:38.168815,99.1211,99.1211,2.22812e-06,1435
2025-11-11 18:50:38.173781,99.1211,99.1211,2.22812e-06,1433
2025-11-11 18:50:38.178524,99.1211,99.1211,2.22812e-06,1419
2025-11-11 18:50:38.183171,99.1211,99.1211,4.64176e-06,1221
2025-11-11 18:50:38.188242,99.1211,99.1211,2.22812e-06,1873
2025-11-11 18:50:38.193613,99.1211,99.1211,1.18746e-05,1917
2025-11-11 18:50:38.198415,99.1211,99.1211,1.70776e-05,2317
2025-11-11 18:50:38.203435,99.1211,99.1211,1.70776e-05,2306
2025-11-11 18:50:38.208151,99.1211,99.1211,1.18746e-05,1768
2025-11-11 18:50:38.213427,99.1211,99.1211,1.18746e-05,1748
2025-11-11 18:50:38.218790,99.1211,99.1211,2.22812e-06,1755
2025-11-11 18:50:38.224111,99.1211,99.1211,1.18746e-05,2253
2025-11-11 18:50:38.229145,99.1211,99.1211,1.70776e-05,2774
2025-11-11 18:50:38.234285,99.1211,99.1211,1.69465e-06,3192
2025-11-11 18:50:38.239171,99.1211,99.1211,1.50605e-05,3469
2025-11-11 18:50:38.244012,99.1211,99.1211,1.50605e-05,3194
2025-11-11 18:50:38.248953,99.1211,99.1211,1.69465e-06,3159
2025-11-11 18:50:38.253858,99.1211,99.1211,1.69465e-06,3140
2025-11-11 18:50:38.259192,99.1211,99.1211,1.69465e-06,2836
2025-11-11 18:50:38.264086,99.1211,99.1211,1.69465e-06,2759
2025-11-11 18:50:38.269188,99.1211,99.1211,1.50605e-05,3074
2025-11-11 18:50:38.274478,99.1211,99.1211,1.50605e-05,2914
2025-11-11 18:50:38.279423,99.1211,99.1211,1.69465e-06,2582
2025-11-11 18:50:38.284079,99.1211,99.1211,1.69465e-06,2572
2025-11-11 18:50:38.289058,99.1211,99.1211,1.69465e-06,2561
2025-11-11 18:50:38.294027,99.1211,99.1211,1.69465e-06,2274
2025-11-11 18:50:38.299095,99.1211,99.1211,1.50605e-05,3245
2025-11-11 18:50:38.303994,99.1211,99.1211,1.1055e-07,3009
2025-11-11 18:50:38.308921,99.1211,99.1211,1.1055e-07,3000
2025-11-11 18:50:38.313827,99.1211,99.1211,1.29873e-06,2754
2025-11-11 18:50:38.318417,99.1211,99.1211,1.29873e-06,2470
2025-11-11 18:50:38.323615,99.1211,99.1211,1.1055e-07,3320
2025-11-11 18:50:38.328449,99.1211,99.1211,1.29873e-06,2539
2025-11-11 18:50:38.333312,99.1211,99.1211,1.1055e-07,3223
2025-11-11 18:50:38.338543,99.1211,99.1211,1.29873e-06,2681
2025-11-11 18:50:38.343654,99.1211,99.1211,1.29873e-06,2574
2025-11-11 18:50:38.349119,99.1211,99.1211,1.29873e-06,2461
2025-11-11 18:50:38.354172,99.1211,99.1211,1.29873e-06,2319
2025-11-11 18:50:38.358860,99.1211,99.1211,1.80338e-06,2281
2025-11-11 18:50:38.363971,99.1211,99.1211,1.80338e-06,2200
2025-11-11 18:50:38.368672,99.1211,99.1211,1.29873e-06,2427
2025-11-11 18:50:38.374217,99.1211,99.1211,1.29873e-06,2210
2025-11-11 18:50:38.379154,99.1211,99.1211,1.29873e-06,2126
2025-11-11 18:50:38.384713,99.1211,99.1211,1.80338e-06,2566
2025-11-11 18:50:38.389854,99.1211,99.1211,1.80338e-06,2537
2025-11-11 18:50:38.394917,99.1211,99.1211,1.80338e-06,2515
2025-11-11 18:50:38.399678,99.1211,99.1211,6.28571e-06,2413
2025-11-11 18:50:38.405008,99.1211,99.1211,1.80338e-06,2552
2025-11-11 18:50:38.409986,99.1211,99.1211,6.28571e-06,2427
2025-11-11 18:50:38.415681,99.1211,99.1211,6.28571e-06,2243
2025-11-11 18:50:38.420655,99.1211,99.1211,6.28571e-06,2207
2025-11-11 18:50:38.425625,99.1211,99.1211,6.28571e-06,2111
2025-11-11 18:50:38.430548,99.1211,99.1211,1.80338e-06,2303
2025-11-11 18:50:38.435443,99.1211,99.1211,1.80338e-06,1897
2025-11-11 18:50:38.440763,99.1211,99.1211,1.80338e-06,1895
2025-11-11 18:50:38.445449,99.1211,99.1211,1.29873e-06,2050
2025-11-11 18:50:38.450590,99.1211,99.1211,1.1055e-07,2354
2025-11-11 18:50:38.455467,99.1211,99.1211,1.29873e-06,1809
2025-11-11 18:50:38.460143,99.1211,99.1211,1.29873e-06,1787
2025-11-11 18:50:38.464838,99.1211,99.1211,1.29873e-06,1768
2025-11-11 18:50:38.469181,99.1211,99.1211,1.29873e-06,1735
2025-11-11 18:50:38.475018,99.1211,99.1211,1.1055e-07,2299
2025-11-11 18:50:38.480013,99.1211,99.1211,1.50605e-05,2988
2025-11-11 18:50:38.485263,99.1211,99.1211,1.50605e-05,2748
2025-11-11 18:50:38.490006,99.1211,99.1211,1.50605e-05,2384
2025-11-11 18:50:38.494581,99.1211,99.1211,1.50605e-05,2186
2025-11-11 18:50:38.499639,99.1211,99.1211,1.69465e-06,2037
2025-11-11 18:50:38.504633,99.1211,99.1211,1.69465e-06,1924
2025-11-11 18:50:38.509565,99.1211,99.1211,1.70776e-05,1954
2025-11-11 18:50:38.514909,99.1211,99.1211,1.18746e-05,1753
2025-11-11 18:50:38.519647,99.1211,99.1211,1.18746e-05,1562
2025-11-11 18:50:38.524634,99.1211,99.1211,1.18746e-05,1390
2025-11-11 18:50:38.529574,99.1211,99.1211,1.18746e-05,1349
2025-11-11 18:50:38.534433,99.1211,99.1211,1.18746e-05,1221
2025-11-11 18:50:38.539468,99.1211,99.1211,1.18746e-05,1208
2025-11-11 18:50:38.544475,99.1211,99.1211,1.18746e-05,1135
2025-11-11 18:50:38.549335,99.1211,99.1211,2.22812e-06,1305
2025-11-11 18:50:38.554074,99.1211,99.1211,1.18746e-05,1218
2025-11-11 18:50:38.558630,99.1211,99.1211,1.70776e-05,1368
2025-11-11 18:50:38.563223,99.1211,99.1211,1.69465e-06,1606
2025-11-11 18:50:38.567870,99.1211,99.1211,1.69465e-06,1593
2025-11-11 18:50:38.573379,99.1211,99.1211,1.69465e-06,1592
2025-11-11 18:50:38.578266,99.1211,99.1211,1.50605e-05,2055
2025-11-11 18:50:38.584597,99.1211,99.1211,1.50605e-05,1839
2025-11-11 18:50:38.589709,99.1211,99.1211,1.50605e-05,1795
2025-11-11 18:50:38.595143,99.1211,99.1211,1.50605e-05,1733
2025-11-11 18:50:38.600446,99.1211,99.1211,1.50605e-05,1710
2025-11-11 18:50:38.605429,99.1211,99.1211,1.69465e-06,1659
2025-11-11 18:50:38.610275,99.1211,99.1211,1.50605e-05,1679
2025-11-11 18:50:38.615273,99.1211,99.1211,1.50605e-05,1638
2025-11-11 18:50:38.620045,99.1211,99.1211,1.69465e-06,1462
2025-11-11 18:50:38.624846,99.1211,99.1211,1.50605e-05,1644
2025-11-11 18:50:38.629467,99.1211,99.1211,1.1055e-07,1361
2025-11-11 18:50:38.634472,99.1211,99.1211,1.50605e-05,1544
2025-11-11 18:50:38.639477,99.1211,99.1211,1.1055e-07,1276
2025-11-11 18:50:38.644259,99.1211,99.1211,1.1055e-07,1238
2025-11-11 18:50:38.649213,99.1211,99.1211,1.29873e-06,1227
2025-11-11 18:50:38.654014,99.1211,99.1211,1.80338e-06,1498
2025-11-11 18:50:38.658673,99.1211,99.1211,1.80338e-06,1185
2025-11-11 18:50:38.663419,99.1211,99.1211,6.28571e-06,1038
2025-11-11 18:50:38.667973,99.1211,99.1211,6.28571e-06,773
2025-11-11 18:50:38.672589,99.1211,99.1211,6.28571e-06,623
2025-11-11 18:50:38.676946,99.1211,99.1211,1.80338e-06,1231
2025-11-11 18:50:38.681489,99.1211,99.1211,1.29873e-06,1261
2025-11-11 18:50:38.686237,99.1211,99.1211,1.29873e-06,1115
2025-11-11 18:50:38.691641,99.1211,99.1211,1.1055e-07,1123
2025-11-11 18:50:38.696349,99.1211,99.1211,1.50605e-05,1600
2025-11-11 18:50:38.701946,99.1211,99.1211,1.50605e-05,1561
2025-11-11 18:50:38.706924,99.1211,99.1211,1.1055e-07,1056
2025-11-11 18:50:38.711579,99.1211,99.1211,1.29873e-06,1062
2025-11-11 18:50:38.716074,99.1211,99.1211,1.1055e-07,1149
2025-11-11 18:50:38.720800,99.1211,99.1211,1.50605e-05,1970
2025-11-11 18:50:38.726162,99.1211,99.1211,1.50605e-05,1736
2025-11-11 18:50:38.731199,99.1211,99.1211,1.69465e-06,2250
2025-11-11 18:50:38.736272,99.1211,99.1211,1.50605e-05,1689
2025-11-11 18:50:38.741174,99.1211,99.1211,1.69465e-06,2116
2025-11-11 18:50:38.746079,99.1211,99.1211,1.69465e-06,1810
2025-11-11 18:50:38.750968,99.1211,99.1211,1.69465e-06,1436
2025-11-11 18:50:38.756326,99.1211,99.1211,1.50605e-05,1459
2025-11-11 18:50:38.761169,99.1211,99.1211,1.69465e-06,1385
2025-11-11 18:50:38.766234,99.1211,99.1211,1.70776e-05,1208
2025-11-11 18:50:38.771188,99.1211,99.1211,1.18746e-05,1354
2025-11-11 18:50:38.775984,99.1211,99.1211,2.22812e-06,1563
2025-11-11 18:50:38.780785,99.1211,99.1211,2.22812e-06,1547
2025-11-11 18:50:38.785629,99.1211,99.1211,2.22812e-06,1302
2025-11-11 18:50:38.791230,99.1211,99.1211,2.22812e-06,1252
2025-11-11 18:50:38.796248,99.1211,99.1211,1.18746e-05,1348
2025-11-11 18:50:38.801973,99.1211,99.1211,1.70776e-05,1193
2025-11-11 18:50:38.806845,99.1211,99.1211,1.18746e-05,1372
2025-11-11 18:50:38.811601,99.1211,99.1211,2.22812e-06,1097
2025-11-11 18:50:38.816093,99.1211,99.1211,2.22812e-06,1013
2025-11-11 18:50:38.820834,99.1211,99.1211,1.18746e-05,1272
2025-11-11 18:50:38.826153,99.1211,99.1211,1.18746e-05,930
2025-11-11 18:50:38.831126,99.1211,99.1211,1.70776e-05,964
2025-11-11 18:50:38.835955,99.1211,99.1211,1.18746e-05,1216
2025-11-11 18:50:38.841149,99.1211,99.1211,2.22812e-06,1118
2025-11-11 18:50:38.846017,99.1211,99.1211,7.81552e-07,1631
2025-11-11 18:50:38.850773,99.1211,99.1211,3.86021e-06,2039
2025-11-11 18:50:38.855870,99.1211,99.1211,1.12032e-05,2075
2025-11-11 18:50:38.860756,99.1211,99.1211,1.12032e-05,1924
2025-11-11 18:50:38.865986,99.1211,99.1211,3.86021e-06,2758
2025-11-11 18:50:38.870879,99.1211,99.1211,3.86021e-06,2730
2025-11-11 18:50:38.875747,99.1211,99.1211,3.86021e-06,2328
2025-11-11 18:50:38.880508,99.1211,99.1211,3.86021e-06,1943
2025-11-11 18:50:38.885194,99.1211,99.1211,3.86021e-06,1819
2025-11-11 18:50:38.890372,99.1211,99.1211,2.95074e-06,1956
2025-11-11 18:50:38.895521,99.1211,99.1211,8.25243e-06,1615
2025-11-11 18:50:38.900524,99.1211,99.1211,2.95074e-06,2020
2025-11-11 18:50:38.906419,99.1211,99.1211,3.86021e-06,1763
2025-11-11 18:50:38.911771,99.1211,99.1211,7.81552e-07,2007
2025-11-11 18:50:38.916572,99.1211,99.1211,7.81552e-07,1451
2025-11-11 18:50:38.921676,99.1211,99.1211,3.86021e-06,1929
2025-11-11 18:50:38.926810,99.1211,99.1211,3.86021e-06,1723
2025-11-11 18:50:38.932425,99.1211,99.1211,2.95074e-06,1823
2025-11-11 18:50:38.937417,99.1211,99.1211,8.25243e-06,1597
2025-11-11 18:50:38.942402,99.1211,99.1211,8.25243e-06,1382
2025-11-11 18:50:38.947401,99.1211,99.1211,8.25243e-06,1356
2025-11-11 18:50:38.952195,99.121,99.1211,2.22044e-05,1980
2025-11-11 18:50:38.957325,99.121,99.121,2.53798e-06,1759
2025-11-11 18:50:38.962052,99.121,99.121,2.53798e-06,1694
2025-11-11 18:50:38.967382,99.121,99.121,8.41748e-06,1870
2025-11-11 18:50:38.972314,99.121,99.121,9.73047e-06,2368
2025-11-11 18:50:38.977198,99.121,99.121,1.89416e-06,2312
2025-11-11 18:50:38.982136,99.121,99.121,1.89416e-06,2271
2025-11-11 18:50:38.986672,99.121,99.121,1.89416e-06,2045
2025-11-11 18:50:38.992030,99.121,99.121,1.89416e-06,1784
2025-11-11 18:50:38.997212,99.121,99.121,4.02432e-06,1924
2025-11-11 18:50:39.002285,99.121,99.121,2.49226e-06,1847
2025-11-11 18:50:39.007690,99.121,99.121,2.49226e-06,1807
2025-11-11 18:50:39.012573,99.121,99.121,4.02432e-06,1683
2025-11-11 18:50:39.017218,99.121,99.121,1.89416e-06,1609
2025-11-11 18:50:39.022824,99.121,99.121,4.02432e-06,1862
2025-11-11 18:50:39.027775,99.121,99.121,2.49226e-06,1797
2025-11-11 18:50:39.032887,99.121,99.121,2.65921e-06,1678
2025-11-11 18:50:39.037891,99.121,99.121,2.49226e-06,2068
2025-11-11 18:50:39.042949,99.121,99.121,2.65921e-06,1509
2025-11-11 18:50:39.048189,99.121,99.121,2.49226e-06,1785
2025-11-11 18:50:39.052862,99.121,99.121,2.65921e-06,1881
2025-11-11 18:50:39.057639,99.121,99.121,2.65921e-06,1686
2025-11-11 18:50:39.062297,99.121,99.121,2.65921e-06,1266
2025-11-11 18:50:39.066937,99.121,99.121,1.65633e-05,1523
2025-11-11 18:50:39.072314,99.121,99.121,2.65921e-06,1527
2025-11-11 18:50:39.077214,99.121,99.121,2.49226e-06,1848
2025-11-11 18:50:39.082430,99.121,99.121,4.02432e-06,2096
2025-11-11 18:50:39.088831,99.121,99.121,4.02432e-06,1969
2025-11-11 18:50:39.093811,99.121,99.121,2.49226e-06,1849
2025-11-11 18:50:39.099154,99.121,99.121,2.65921e-06,1497
2025-11-11 18:50:39.104268,99.121,99.121,2.65921e-06,1220
2025-11-11 18:50:39.109685,99.121,99.121,2.65921e-06,1066
2025-11-11 18:50:39.114599,99.121,99.121,2.49226e-06,1988
2025-11-11 18:50:39.119475,99.121,99.121,2.49226e-06,1944
2025-11-11 18:50:39.124655,99.121,99.121,2.49226e-06,1587
2025-11-11 18:50:39.129881,99.121,99.121,4.02432e-06,1488
2025-11-11 18:50:39.134889,99.121,99.121,4.02432e-06,1377
2025-11-11 18:50:39.140111,99.121,99.121,4.02432e-06,1248
2025-11-11 18:50:39.144979,99.121,99.121,1.89416e-06,1255
2025-11-11 18:50:39.151425,99.121,99.121,4.02432e-06,1451
2025-11-11 18:50:39.156560,99.121,99.121,4.02432e-06,1421
2025-11-11 18:50:39.161236,99.121,99.121,4.02432e-06,1395
2025-11-11 18:50:39.166104,99.121,99.121,2.49226e-06,1507
2025-11-11 18:50:39.171045,99.121,99.121,2.65921e-06,1099
2025-11-11 18:50:39.176246,99.121,99.121,1.65633e-05,1782
2025-11-11 18:50:39.181439,99.121,99.121,6.02564e-07,1922
2025-11-11 18:50:39.186527,99.121,99.121,4.2277e-06,1705
2025-11-11 18:50:39.191210,99.121,99.121,4.2277e-06,1623
2025-11-11 18:50:39.196125,99.121,99.121,4.26213e-07,1690
2025-11-11 18:50:39.200647,99.121,99.121,4.2277e-06,1516
2025-11-11 18:50:39.206311,99.121,99.121,4.26213e-07,1715
2025-11-11 18:50:39.211285,99.121,99.121,7.58966e-06,2098
2025-11-11 18:50:39.216672,99.121,99.121,7.58966e-06,1979
2025-11-11 18:50:39.221685,99.121,99.121,7.58966e-06,1948
2025-11-11 18:50:39.226524,99.121,99.121,2.69593e-06,1298
2025-11-11 18:50:39.231402,99.121,99.121,7.58966e-06,1862
2025-11-11 18:50:39.236084,99.121,99.121,2.69593e-06,1143
2025-11-11 18:50:39.241784,99.121,99.121,7.58966e-06,2245
2025-11-11 18:50:39.246624,99.121,99.121,4.26213e-07,2097
2025-11-11 18:50:39.251990,99.121,99.121,7.58966e-06,2110
2025-11-11 18:50:39.256977,99.121,99.121,7.58966e-06,2047
2025-11-11 18:50:39.261778,99.121,99.121,4.26213e-07,1947
2025-11-11 18:50:39.266366,99.121,99.121,7.58966e-06,2647
2025-11-11 18:50:39.271409,99.121,99.121,7.58966e-06,2403
2025-11-11 18:50:39.276674,99.121,99.121,7.58966e-06,2325
2025-11-11 18:50:39.282070,99.121,99.121,2.69593e-06,2113
2025-11-11 18:50:39.286970,99.121,99.121,2.69593e-06,1922
2025-11-11 18:50:39.291933,99.121,99.121,7.58966e-06,2531
2025-11-11 18:50:39.296925,99.121,99.121,7.58966e-06,2352
2025-11-11 18:50:39.301631,99.121,99.121,7.58966e-06,2237
2025-11-11 18:50:39.307282,99.121,99.121,7.58966e-06,2071
2025-11-11 18:50:39.312306,99.121,99.121,7.58966e-06,1988
2025-11-11 18:50:39.317490,99.121,99.121,2.69593e-06,1150
2025-11-11 18:50:39.322391,99.121,99.121,6.75326e-06,1090
2025-11-11 18:50:39.327250,99.1209,99.121,2.57298e-05,1216
2025-11-11 18:50:39.332098,99.1209,99.121,2.57298e-05,1043
2025-11-11 18:50:39.336775,99.121,99.121,6.75326e-06,1155
2025-11-11 18:50:39.342537,99.121,99.121,6.75326e-06,1047
2025-11-11 18:50:39.347668,99.1209,99.121,2.57298e-05,1176
2025-11-11 18:50:39.352835,99.1209,99.1209,7.47126e-07,1212
2025-11-11 18:50:39.357979,99.1209,99.1209,7.47126e-07,1134
2025-11-11 18:50:39.362908,99.1209,99.121,2.57298e-05,1218
2025-11-11 18:50:39.367615,99.1209,99.1209,7.47126e-07,1002
2025-11-11 18:50:39.372980,99.1209,99.121,2.57298e-05,1222
2025-11-11 18:50:39.377862,99.1209,99.1209,7.47126e-07,1048
2025-11-11 18:50:39.383172,99.1209,99.1209,1.11812e-05,1000
2025-11-11 18:50:39.388144,99.1209,99.1209,1.11812e-05,863
2025-11-11 18:50:39.392936,99.1209,99.1209,1.11812e-05,812
2025-11-11 18:50:39.398005,99.1209,99.1209,7.47126e-07,1211
2025-11-11 18:50:39.402573,99.1209,99.1209,1.11812e-05,818
2025-11-11 18:50:39.407742,99.1209,99.1209,7.47126e-07,1005
2025-11-11 18:50:39.412902,99.1209,99.121,2.57298e-05,1228
2025-11-11 18:50:39.417661,99.1209,99.1209,7.47126e-07,1140
2025-11-11 18:50:39.422842,99.1209,99.1209,7.47126e-07,1121
2025-11-11 18:50:39.427673,99.1209,99.121,2.57298e-05,1189
2025-11-11 18:50:39.433042,99.121,99.121,6.75326e-06,1117
2025-11-11 18:50:39.438067,99.1209,99.121,2.57298e-05,1135
2025-11-11 18:50:39.443037,99.121,99.121,6.75326e-06,1028
2025-11-11 18:50:39.447881,99.121,99.121,2.69593e-06,1242
2025-11-11 18:50:39.452533,99.121,99.121,7.58966e-06,2088
2025-11-11 18:50:39.457927,99.121,99.121,7.58966e-06,1908
2025-11-11 18:50:39.462759,99.121,99.121,7.58966e-06,1836
2025-11-11 18:50:39.467910,99.121,99.121,4.26213e-07,2314
2025-11-11 18:50:39.472900,99.121,99.121,4.2277e-06,1963
2025-11-11 18:50:39.477940,99.121,99.121,4.26213e-07,2342
2025-11-11 18:50:39.482921,99.121,99.121,7.58966e-06,2840
2025-11-11 18:50:39.488016,99.121,99.121,7.58966e-06,2452
2025-11-11 18:50:39.493199,99.121,99.121,2.69593e-06,1889
2025-11-11 18:50:39.498360,99.121,99.121,2.69593e-06,1762
2025-11-11 18:50:39.503500,99.121,99.121,6.75326e-06,1683
2025-11-11 18:50:39.508439,99.121,99.121,2.69593e-06,2320
2025-11-11 18:50:39.513657,99.121,99.121,7.58966e-06,3044
2025-11-11 18:50:39.518500,99.121,99.121,7.58966e-06,2814
2025-11-11 18:50:39.524080,99.121,99.121,4.26213e-07,3164
2025-11-11 18:50:39.529062,99.121,99.121,7.58966e-06,2890
2025-11-11 18:50:39.534727,99.121,99.121,4.26213e-07,3434
2025-11-11 18:50:39.539705,99.121,99.121,4.26213e-07,3412
2025-11-11 18:50:39.544938,99.121,99.121,4.26213e-07,3380
2025-11-11 18:50:39.549761,99.121,99.121,4.26213e-07,2873
2025-11-11 18:50:39.555812,99.121,99.121,4.26213e-07,2838
2025-11-11 18:50:39.560740,99.121,99.121,7.58966e-06,2336
2025-11-11 18:50:39.566088,99.121,99.121,7.58966e-06,2229
2025-11-11 18:50:39.571217,99.121,99.121,7.58966e-06,2206
2025-11-11 18:50:39.576249,99.121,99.121,4.26213e-07,2374
2025-11-11 18:50:39.581094,99.121,99.121,7.58966e-06,2288
2025-11-11 18:50:39.585891,99.121,99.121,7.58966e-06,2146
2025-11-11 18:50:39.591272,99.121,99.121,4.26213e-07,2563
2025-11-11 18:50:39.596255,99.121,99.121,7.58966e-06,2574
2025-11-11 18:50:39.601695,99.121,99.121,2.69593e-06,2035
2025-11-11 18:50:39.606802,99.121,99.121,2.69593e-06,1856
2025-11-11 18:50:39.612111,99.121,99.121,2.69593e-06,1630
2025-11-11 18:50:39.617312,99.121,99.121,7.58966e-06,2334
2025-11-11 18:50:39.622529,99.121,99.121,7.58966e-06,2191
2025-11-11 18:50:39.627499,99.121,99.121,4.26213e-07,2047
2025-11-11 18:50:39.632744,99.121,99.121,7.58966e-06,1992
2025-11-11 18:50:39.637746,99.121,99.121,7.58966e-06,1855
2025-11-11 18:50:39.642472,99.121,99.121,2.69593e-06,1559
2025-11-11 18:50:39.647344,99.121,99.121,6.75326e-06,1388
2025-11-11 18:50:39.651906,99.1209,99.121,2.57298e-05,1411
2025-11-11 18:50:39.657405,99.121,99.121,6.75326e-06,1644
2025-11-11 18:50:39.662411,99.121,99.121,2.69593e-06,1913
2025-11-11 18:50:39.668146,99.121,99.121,6.75326e-06,2198
2025-11-11 18:50:39.673275,99.121,99.121,6.75326e-06,1839
2025-11-11 18:50:39.678531,99.121,99.121,6.75326e-06,1665
2025-11-11 18:50:39.683386,99.121,99.121,6.75326e-06,1499
2025-11-11 18:50:39.688436,99.121,99.121,6.75326e-06,1284
2025-11-11 18:50:39.693508,99.1209,99.121,2.57298e-05,1409
2025-11-11 18:50:39.698543,99.1209,99.1209,7.47126e-07,1765
2025-11-11 18:50:39.703824,99.1209,99.121,2.57298e-05,1318
2025-11-11 18:50:39.708687,99.1209,99.121,2.57298e-05,1239
2025-11-11 18:50:39.713653,99.1209,99.1209,7.47126e-07,1868
2025-11-11 18:50:39.718531,99.1209,99.1209,1.11812e-05,1865
2025-11-11 18:50:39.724161,99.1209,99.1209,9.1174e-08,1642
2025-11-11 18:50:39.729044,99.1209,99.1209,8.38341e-06,1931
2025-11-11 18:50:39.734485,99.1209,99.1209,1.94079e-06,1809
2025-11-11 18:50:39.739510,99.1209,99.1209,1.94079e-06,1740
2025-11-11 18:50:39.744551,99.1209,99.1209,8.38341e-06,1871
2025-11-11 18:50:39.749506,99.1209,99.1209,8.38341e-06,1515
2025-11-11 18:50:39.754548,99.1209,99.1209,8.38341e-06,1454
2025-11-11 18:50:39.759476,99.1209,99.1209,1.94079e-06,1417
2025-11-11 18:50:39.764266,99.1209,99.1209,4.89383e-06,1231
2025-11-11 18:50:39.768891,99.1209,99.1209,1.94079e-06,1508
2025-11-11 18:50:39.774856,99.1209,99.1209,1.94079e-06,1424
2025-11-11 18:50:39.779955,99.1209,99.1209,8.38341e-06,1975
2025-11-11 18:50:39.786087,99.1209,99.1209,8.38341e-06,1510
2025-11-11 18:50:39.791344,99.1209,99.1209,1.94079e-06,1452
2025-11-11 18:50:39.796402,99.1209,99.1209,4.89383e-06,822
2025-11-11 18:50:39.801096,99.1209,99.1209,5.39836e-06,1441
2025-11-11 18:50:39.806252,99.1209,99.1209,5.39836e-06,1432
2025-11-11 18:50:39.811190,99.1209,99.1209,5.39836e-06,1370
2025-11-11 18:50:39.816528,99.1209,99.1209,1.60822e-06,1453
2025-11-11 18:50:39.821569,99.1209,99.1209,1.60822e-06,1427
2025-11-11 18:50:39.826546,99.1209,99.1209,1.60822e-06,1405
2025-11-11 18:50:39.831407,99.1209,99.1209,6.88908e-07,1699
2025-11-11 18:50:39.836423,99.1209,99.1209,6.88908e-07,1624
2025-11-11 18:50:39.842170,99.1209,99.1209,2.33044e-06,1975
2025-11-11 18:50:39.847005,99.1209,99.1209,6.88908e-07,1682
2025-11-11 18:50:39.852185,99.1209,99.1209,1.60822e-06,1704
2025-11-11 18:50:39.857221,99.1209,99.1209,1.60822e-06,1444
2025-11-11 18:50:39.862091,99.1209,99.1209,5.39836e-06,1824
2025-11-11 18:50:39.866889,99.1209,99.1209,5.39836e-06,1614
2025-11-11 18:50:39.872026,99.1209,99.1209,5.39836e-06,1538
2025-11-11 18:50:39.877307,99.1209,99.1209,5.39836e-06,1508
2025-11-11 18:50:39.882812,99.1209,99.1209,4.89383e-06,1448
2025-11-11 18:50:39.887943,99.1209,99.1209,1.94079e-06,2285
2025-11-11 18:50:39.892841,99.1209,99.1209,8.38341e-06,2535
2025-11-11 18:50:39.897721,99.1209,99.1209,9.1174e-08,2511
2025-11-11 18:50:39.902490,99.1209,99.1209,8.38341e-06,2529
2025-11-11 18:50:39.908015,99.1209,99.1209,1.94079e-06,2361
2025-11-11 18:50:39.912957,99.1209,99.1209,1.94079e-06,2296
2025-11-11 18:50:39.918431,99.1209,99.1209,1.94079e-06,2175
2025-11-11 18:50:39.923507,99.1209,99.1209,8.38341e-06,2144
2025-11-11 18:50:39.929349,99.1209,99.1209,1.94079e-06,2431
2025-11-11 18:50:39.934253,99.1209,99.1209,1.94079e-06,2380
2025-11-11 18:50:39.939554,99.1209,99.1209,1.94079e-06,2225
2025-11-11 18:50:39.944632,99.1209,99.1209,4.89383e-06,1656
2025-11-11 18:50:39.949912,99.1209,99.1209,1.94079e-06,2178
2025-11-11 18:50:39.955010,99.1209,99.1209,1.94079e-06,2098
2025-11-11 18:50:39.959784,99.1209,99.1209,8.38341e-06,2071
2025-11-11 18:50:39.964699,99.1209,99.1209,1.94079e-06,2008
2025-11-11 18:50:39.969216,99.1209,99.1209,4.89383e-06,1784
2025-11-11 18:50:39.974942,99.1209,99.1209,1.94079e-06,1991
2025-11-11 18:50:39.980196,99.1209,99.1209,8.38341e-06,1981
2025-11-11 18:50:39.985585,99.1209,99.1209,1.94079e-06,2215
2025-11-11 18:50:39.990625,99.1209,99.1209,1.94079e-06,2139
2025-11-11 18:50:39.995858,99.1209,99.1209,4.89383e-06,1753
2025-11-11 18:50:40.000701,99.1209,99.1209,4.89383e-06,1592
2025-11-11 18:50:40.006150,99.1209,99.1209,4.89383e-06,1434
2025-11-11 18:50:40.011127,99.1209,99.1209,1.94079e-06,1984
2025-11-11 18:50:40.016530,99.1209,99.1209,1.94079e-06,1748
2025-11-11 18:50:40.021871,99.1209,99.1209,4.89383e-06,1293
2025-11-11 18:50:40.026985,99.1209,99.1209,1.03242e-05,2434
2025-11-11 18:50:40.032481,99.1209,99.1209,1.03242e-05,2227
2025-11-11 18:50:40.037847,99.1209,99.1209,1.03242e-05,2038
2025-11-11 18:50:40.043100,99.1209,99.1209,4.89383e-06,1882
2025-11-11 18:50:40.048003,99.1209,99.1209,5.39836e-06,1532
2025-11-11 18:50:40.052905,99.1209,99.1209,4.89383e-06,1882
2025-11-11 18:50:40.057847,99.1209,99.1209,5.39836e-06,1580
2025-11-11 18:50:40.062702,99.1209,99.1209,5.39836e-06,1438
2025-11-11 18:50:40.067400,99.1209,99.1209,5.39836e-06,1225
2025-11-11 18:50:40.072883,99.1209,99.1209,4.89383e-06,1793
2025-11-11 18:50:40.077850,99.1209,99.1209,1.03242e-05,1921
2025-11-11 18:50:40.084105,99.1209,99.1209,1.03242e-05,1775
2025-11-11 18:50:40.089621,99.1209,99.1209,4.89383e-06,1789
2025-11-11 18:50:40.094819,99.1209,99.1209,4.89383e-06,1680
2025-11-11 18:50:40.099693,99.1209,99.1209,1.03242e-05,1665
2025-11-11 18:50:40.104708,99.1209,99.1209,1.03242e-05,1613
2025-11-11 18:50:40.109474,99.1209,99.1209,9.1174e-08,2279
2025-11-11 18:50:40.114351,99.1209,99.1209,9.1174e-08,2016
2025-11-11 18:50:40.119410,99.1209,99.1209,9.1174e-08,1893
2025-11-11 18:50:40.125235,99.1209,99.1209,1.11812e-05,2007
2025-11-11 18:50:40.130226,99.1209,99.1209,9.1174e-08,2259
2025-11-11 18:50:40.135919,99.1209,99.1209,9.1174e-08,2020
2025-11-11 18:50:40.140856,99.1209,99.1209,1.03242e-05,1860
2025-11-11 18:50:40.145893,99.1209,99.1209,4.89383e-06,2397
2025-11-11 18:50:40.150618,99.1209,99.1209,5.39836e-06,2047
2025-11-11 18:50:40.157592,99.1209,99.1209,5.39836e-06,1952
2025-11-11 18:50:40.162881,99.1209,99.1209,4.89383e-06,2262
2025-11-11 18:50:40.168412,99.1209,99.1209,5.39836e-06,2062
2025-11-11 18:50:40.173946,99.1209,99.1209,5.39836e-06,1992
2025-11-11 18:50:40.179174,99.1209,99.1209,1.60822e-06,2108
2025-11-11 18:50:40.185276,99.1209,99.1209,6.88908e-07,1784
2025-11-11 18:50:40.191036,99.1209,99.1209,1.60822e-06,1928
2025-11-11 18:50:40.196150,99.1209,99.1209,6.88908e-07,1850
2025-11-11 18:50:40.201804,99.1209,99.1209,2.33044e-06,2101
2025-11-11 18:50:40.207308,99.1209,99.1209,6.88908e-07,1948
2025-11-11 18:50:40.212643,99.1209,99.1209,6.88908e-07,1838
2025-11-11 18:50:40.217571,99.1209,99.1209,2.33044e-06,2181
2025-11-11 18:50:40.223383,99.1209,99.1209,2.33044e-06,1956
2025-11-11 18:50:40.229032,99.1209,99.1209,2.33044e-06,1953
2025-11-11 18:50:40.235033,99.1209,99.1209,6.59932e-06,1464
2025-11-11 18:50:40.240377,99.1209,99.1209,5.31299e-07,1496
2025-11-11 18:50:40.245824,99.1209,99.1209,1.20905e-06,1345
2025-11-11 18:50:40.250859,99.1209,99.1209,5.31299e-07,1483
2025-11-11 18:50:40.256658,99.1209,99.1209,5.31299e-07,1418
2025-11-11 18:50:40.262015,99.1209,99.1209,6.59932e-06,1496
2025-11-11 18:50:40.267898,99.1209,99.1209,2.33044e-06,2502
2025-11-11 18:50:40.273348,99.1209,99.1209,6.88908e-07,2339
2025-11-11 18:50:40.278669,99.1209,99.1209,2.33044e-06,2580
2025-11-11 18:50:40.283794,99.1209,99.1209,2.33044e-06,2355
2025-11-11 18:50:40.289732,99.1209,99.1209,6.88908e-07,2441
2025-11-11 18:50:40.295053,99.1209,99.1209,1.60822e-06,2402
2025-11-11 18:50:40.300810,99.1209,99.1209,1.60822e-06,2185
2025-11-11 18:50:40.306092,99.1209,99.1209,6.88908e-07,2329
2025-11-11 18:50:40.311128,99.1209,99.1209,6.88908e-07,2219
2025-11-11 18:50:40.316361,99.1209,99.1209,6.88908e-07,2031
2025-11-11 18:50:40.321843,99.1209,99.1209,6.88908e-07,1906
2025-11-11 18:50:40.327422,99.1209,99.1209,1.60822e-06,1995
2025-11-11 18:50:40.333005,99.1209,99.1209,5.39836e-06,2292
2025-11-11 18:50:40.338218,99.1209,99.1209,1.60822e-06,1979
2025-11-11 18:50:40.343437,99.1209,99.1209,5.39836e-06,2319
2025-11-11 18:50:40.348669,99.1209,99.1209,5.39836e-06,2220
2025-11-11 18:50:40.353643,99.1209,99.1209,4.89383e-06,2783
2025-11-11 18:50:40.359131,99.1209,99.1209,4.89383e-06,2453
2025-11-11 18:50:40.364269,99.1209,99.1209,4.89383e-06,2286
2025-11-11 18:50:40.369312,99.1209,99.1209,5.39836e-06,1935
2025-11-11 18:50:40.374431,99.1209,99.1209,4.89383e-06,2288
2025-11-11 18:50:40.379260,99.1209,99.1209,4.89383e-06,2098
2025-11-11 18:50:40.383992,99.1209,99.1209,5.39836e-06,1641
2025-11-11 18:50:40.389602,99.1209,99.1209,1.60822e-06,1519
2025-11-11 18:50:40.395034,99.1209,99.1209,6.88908e-07,1546
2025-11-11 18:50:40.400802,99.1209,99.1209,6.88908e-07,1345
2025-11-11 18:50:40.405891,99.1209,99.1209,1.60822e-06,1520
2025-11-11 18:50:40.410842,99.1209,99.1209,6.88908e-07,1961
2025-11-11 18:50:40.416013,99.1209,99.1209,6.88908e-07,1790
2025-11-11 18:50:40.421046,99.1209,99.1209,6.88908e-07,1783
2025-11-11 18:50:40.426556,99.1209,99.1209,6.88908e-07,1657
2025-11-11 18:50:40.431692,99.1209,99.1209,6.88908e-07,1493
2025-11-11 18:50:40.436817,99.1209,99.1209,2.33044e-06,1392
2025-11-11 18:50:40.442348,99.1209,99.1209,6.59932e-06,932
2025-11-11 18:50:40.447541,99.1209,99.1209,5.31299e-07,1216
2025-11-11 18:50:40.452415,99.1209,99.1209,5.31299e-07,1089
2025-11-11 18:50:40.457288,99.1209,99.1209,1.20905e-06,1274
2025-11-11 18:50:40.462273,99.1209,99.1209,1.20905e-06,1180
2025-11-11 18:50:40.466971,99.1209,99.1209,4.9332e-06,1003
2025-11-11 18:50:40.472465,99.1209,99.1209,1.20905e-06,1583
2025-11-11 18:50:40.477589,99.1209,99.1209,4.9332e-06,1046
2025-11-11 18:50:40.482910,99.1209,99.1209,4.9332e-06,1016
2025-11-11 18:50:40.487975,99.1209,99.1209,1.20905e-06,1474
2025-11-11 18:50:40.492906,99.1209,99.1209,4.9332e-06,1079
2025-11-11 18:50:40.498129,99.1209,99.1209,1.20905e-06,1255
2025-11-11 18:50:40.502829,99.1209,99.1209,4.9332e-06,1082
2025-11-11 18:50:40.508467,99.1209,99.1209,4.9332e-06,1027
2025-11-11 18:50:40.513631,99.1209,99.1209,3.38464e-06,1232
2025-11-11 18:50:40.518830,99.1209,99.1209,4.9332e-06,1145
2025-11-11 18:50:40.524028,99.1209,99.1209,3.38464e-06,1535
2025-11-11 18:50:40.529210,99.1209,99.1209,1.75808e-06,1791
2025-11-11 18:50:40.534103,99.1209,99.1209,5.57526e-06,1832
2025-11-11 18:50:40.539772,99.1209,99.1209,9.99459e-06,1637
2025-11-11 18:50:40.544989,99.1209,99.1209,4.10344e-06,1868
2025-11-11 18:50:40.551053,99.1209,99.1209,5.715e-06,1659
2025-11-11 18:50:40.556206,99.1209,99.1209,5.715e-06,1603
2025-11-11 18:50:40.561148,99.1209,99.1209,4.10344e-06,1934
2025-11-11 18:50:40.566209,99.1209,99.1209,4.10344e-06,1821
2025-11-11 18:50:40.571125,99.1209,99.1209,4.10344e-06,1716
2025-11-11 18:50:40.576730,99.1209,99.1209,9.99459e-06,1732
2025-11-11 18:50:40.582752,99.1209,99.1209,9.99459e-06,1719
2025-11-11 18:50:40.587995,99.1209,99.1209,4.10344e-06,1663
2025-11-11 18:50:40.593058,99.1209,99.1209,9.99459e-06,1969
2025-11-11 18:50:40.598198,99.1209,99.1209,5.57526e-06,2560
2025-11-11 18:50:40.603423,99.1209,99.1209,1.75808e-06,2414
2025-11-11 18:50:40.609185,99.1209,99.1209,3.38464e-06,2532
2025-11-11 18:50:40.614324,99.1209,99.1209,3.38464e-06,2361
2025-11-11 18:50:40.619431,99.1209,99.1209,3.38464e-06,2150
2025-11-11 18:50:40.624816,99.1209,99.1209,1.75808e-06,1788
2025-11-11 18:50:40.629852,99.1209,99.1209,3.38464e-06,1919
2025-11-11 18:50:40.634764,99.1209,99.1209,1.75808e-06,1769
2025-11-11 18:50:40.640265,99.1209,99.1209,3.38464e-06,1997
2025-11-11 18:50:40.645664,99.1209,99.1209,3.38464e-06,1873
2025-11-11 18:50:40.651078,99.1209,99.1209,3.38464e-06,1756
2025-11-11 18:50:40.656330,99.1209,99.1209,1.75808e-06,1985
2025-11-11 18:50:40.661137,99.1209,99.1209,1.75808e-06,1940
2025-11-11 18:50:40.666356,99.1209,99.1209,3.38464e-06,1601
2025-11-11 18:50:40.671847,99.1209,99.1209,1.75808e-06,1707
2025-11-11 18:50:40.676998,99.1209,99.1209,5.57526e-06,1719
2025-11-11 18:50:40.682460,99.1209,99.1209,5.57526e-06,1637
2025-11-11 18:50:40.687710,99.1209,99.1209,5.57526e-06,1265
2025-11-11 18:50:40.692753,99.1209,99.1209,9.99459e-06,1211
2025-11-11 18:50:40.697919,99.1209,99.1209,9.99459e-06,1104
2025-11-11 18:50:40.702701,99.1209,99.1209,5.57526e-06,1427
2025-11-11 18:50:40.708519,99.1209,99.1209,1.75808e-06,1368
2025-11-11 18:50:40.713688,99.1209,99.1209,3.38464e-06,1463
2025-11-11 18:50:40.718895,99.1209,99.1209,3.38464e-06,1446
2025-11-11 18:50:40.724137,99.1209,99.1209,4.9332e-06,1559
2025-11-11 18:50:40.729217,99.1209,99.1209,4.9332e-06,1403
2025-11-11 18:50:40.734101,99.1209,99.1209,4.9332e-06,1215
2025-11-11 18:50:40.739658,99.1209,99.1209,1.20905e-06,1635
2025-11-11 18:50:40.744702,99.1209,99.1209,5.31299e-07,1473
2025-11-11 18:50:40.750657,99.1209,99.1209,1.20905e-06,1563
2025-11-11 18:50:40.756694,99.1209,99.1209,1.20905e-06,1508
2025-11-11 18:50:40.761977,99.1209,99.1209,1.20905e-06,1203
2025-11-11 18:50:40.766959,99.1209,99.1209,5.31299e-07,1383
2025-11-11 18:50:40.772073,99.1209,99.1209,1.20905e-06,1313
2025-11-11 18:50:40.776925,99.1209,99.1209,1.20905e-06,1267
2025-11-11 18:50:40.782008,99.1209,99.1209,5.31299e-07,1241
2025-11-11 18:50:40.787177,99.1209,99.1209,1.20905e-06,1216
2025-11-11 18:50:40.792760,99.1209,99.1209,1.20905e-06,1027
2025-11-11 18:50:40.797928,99.1209,99.1209,1.20905e-06,1017
2025-11-11 18:50:40.803138,99.1209,99.1209,5.31299e-07,1419
2025-11-11 18:50:40.808336,99.1209,99.1209,6.59932e-06,1508
2025-11-11 18:50:40.813464,99.1209,99.1209,5.31299e-07,2125
2025-11-11 18:50:40.818271,99.1209,99.1209,5.31299e-07,1645
2025-11-11 18:50:40.823978,99.1209,99.1209,1.20905e-06,1696
2025-11-11 18:50:40.829246,99.1209,99.1209,4.9332e-06,2529
2025-11-11 18:50:40.834727,99.1209,99.1209,3.38464e-06,2634
2025-11-11 18:50:40.839873,99.1209,99.1209,4.9332e-06,2637
2025-11-11 18:50:40.845132,99.1209,99.1209,4.9332e-06,2275
2025-11-11 18:50:40.849888,99.1209,99.1209,4.9332e-06,2119
2025-11-11 18:50:40.856094,99.1209,99.1209,4.9332e-06,1873
2025-11-11 18:50:40.861279,99.1209,99.1209,3.38464e-06,2075
2025-11-11 18:50:40.866915,99.1209,99.1209,3.38464e-06,1937
2025-11-11 18:50:40.872016,99.1209,99.1209,3.38464e-06,1904
2025-11-11 18:50:40.877232,99.1209,99.1209,3.38464e-06,1784
2025-11-11 18:50:40.882380,99.1209,99.1209,4.9332e-06,1674
2025-11-11 18:50:40.887332,99.1209,99.1209,4.9332e-06,1574
2025-11-11 18:50:40.892957,99.1209,99.1209,1.20905e-06,1928
2025-11-11 18:50:40.898136,99.1209,99.1209,5.31299e-07,2041
2025-11-11 18:50:40.903689,99.1209,99.1209,5.31299e-07,1981
2025-11-11 18:50:40.908723,99.1209,99.1209,5.31299e-07,1870
2025-11-11 18:50:40.913742,99.1209,99.1209,1.20905e-06,1945
2025-11-11 18:50:40.918679,99.1209,99.1209,1.20905e-06,1753
2025-11-11 18:50:40.924431,99.1209,99.1209,1.20905e-06,1687
2025-11-11 18:50:40.929478,99.1209,99.1209,5.31299e-07,1987
2025-11-11 18:50:40.935152,99.1209,99.1209,5.31299e-07,1672
2025-11-11 18:50:40.940307,99.1209,99.1209,5.31299e-07,1218
2025-11-11 18:50:40.945550,99.1209,99.1209,1.20905e-06,1758
2025-11-11 18:50:40.950424,99.1209,99.1209,1.20905e-06,1604
2025-11-11 18:50:40.956255,99.1209,99.1209,1.20905e-06,1429
2025-11-11 18:50:40.961375,99.1209,99.1209,1.20905e-06,1290
2025-11-11 18:50:40.967230,99.1209,99.1209,5.31299e-07,972
2025-11-11 18:50:40.972517,99.1209,99.1209,5.31299e-07,810
2025-11-11 18:50:40.977597,99.1209,99.1209,6.59932e-06,817
2025-11-11 18:50:40.982645,99.1209,99.1209,2.33044e-06,1154
2025-11-11 18:50:40.987914,99.1209,99.1209,6.88908e-07,1233
2025-11-11 18:50:40.993616,99.1209,99.1209,1.60822e-06,1159
2025-11-11 18:50:40.998956,99.1209,99.1209,6.88908e-07,993
2025-11-11 18:50:41.004383,99.1209,99.1209,2.33044e-06,1474
2025-11-11 18:50:41.009460,99.1209,99.1209,6.59932e-06,1120
2025-11-11 18:50:41.014605,99.1209,99.1209,6.59932e-06,1070
2025-11-11 18:50:41.019368,99.1209,99.1209,2.33044e-06,1493
2025-11-11 18:50:41.025225,99.1209,99.1209,2.33044e-06,1476
2025-11-11 18:50:41.030511,99.1209,99.1209,2.33044e-06,959
2025-11-11 18:50:41.035910,99.1209,99.1209,6.88908e-07,1517
2025-11-11 18:50:41.041205,99.1209,99.1209,1.60822e-06,1831
2025-11-11 18:50:41.046441,99.1209,99.1209,1.60822e-06,1666
2025-11-11 18:50:41.051624,99.1209,99.1209,1.60822e-06,1653
2025-11-11 18:50:41.057234,99.1209,99.1209,1.60822e-06,1568
2025-11-11 18:50:41.062537,99.1209,99.1209,6.88908e-07,1850
2025-11-11 18:50:41.067949,99.1209,99.1209,6.88908e-07,1553
2025-11-11 18:50:41.073152,99.1209,99.1209,6.88908e-07,1233
2025-11-11 18:50:41.078621,99.1209,99.1209,1.60822e-06,1886
2025-11-11 18:50:41.084789,99.1209,99.1209,1.60822e-06,1408
2025-11-11 18:50:41.090744,99.1209,99.1209,1.60822e-06,1344
2025-11-11 18:50:41.095984,99.1209,99.1209,1.60822e-06,1288
2025-11-11 18:50:41.101705,99.1209,99.1209,5.39836e-06,1868
2025-11-11 18:50:41.107043,99.1209,99.1209,5.39836e-06,1716
2025-11-11 18:50:41.112241,99.1209,99.1209,4.89383e-06,2072
2025-11-11 18:50:41.117231,99.1209,99.1209,4.89383e-06,1818
2025-11-11 18:50:41.122472,99.1209,99.1209,5.39836e-06,1951
2025-11-11 18:50:41.127870,99.1209,99.1209,5.39836e-06,1910
2025-11-11 18:50:41.133304,99.1209,99.1209,5.39836e-06,1874
2025-11-11 18:50:41.138665,99.1209,99.1209,1.60822e-06,1462
2025-11-11 18:50:41.143759,99.1209,99.1209,1.60822e-06,1417
2025-11-11 18:50:41.148950,99.1209,99.1209,5.39836e-06,1793
2025-11-11 18:50:41.154036,99.1209,99.1209,5.39836e-06,1746
2025-11-11 18:50:41.159576,99.1209,99.1209,1.60822e-06,1955
2025-11-11 18:50:41.164733,99.1209,99.1209,1.60822e-06,1763
2025-11-11 18:50:41.169895,99.1209,99.1209,6.88908e-07,1942
2025-11-11 18:50:41.175615,99.1209,99.1209,6.88908e-07,1880
2025-11-11 18:50:41.180934,99.1209,99.1209,2.33044e-06,1668
2025-11-11 18:50:41.186097,99.1209,99.1209,2.33044e-06,1640
2025-11-11 18:50:41.191286,99.1209,99.1209,6.59932e-06,1817
2025-11-11 18:50:41.196403,99.1209,99.1209,6.59932e-06,1733
2025-11-11 18:50:41.201359,99.1209,99.1209,5.31299e-07,2464
2025-11-11 18:50:41.207100,99.1209,99.1209,5.31299e-07,2345
2025-11-11 18:50:41.212430,99.1209,99.1209,5.31299e-07,2337
2025-11-11 18:50:41.218084,99.1209,99.1209,5.31299e-07,2294
2025-11-11 18:50:41.223314,99.1209,99.1209,5.31299e-07,2123
2025-11-11 18:50:41.228409,99.1209,99.1209,5.31299e-07,1885
2025-11-11 18:50:41.233432,99.1209,99.1209,1.20905e-06,1662
2025-11-11 18:50:41.238844,99.1209,99.1209,1.20905e-06,1643
2025-11-11 18:50:41.244212,99.1209,99.1209,4.9332e-06,1915
2025-11-11 18:50:41.249669,99.1209,99.1209,3.38464e-06,2647
2025-11-11 18:50:41.254806,99.1209,99.1209,3.38464e-06,2161
2025-11-11 18:50:41.260150,99.1209,99.1209,1.75808e-06,1934
2025-11-11 18:50:41.265831,99.1209,99.1209,5.57526e-06,1739
2025-11-11 18:50:41.271038,99.1209,99.1209,1.75808e-06,1958
2025-11-11 18:50:41.276575,99.1209,99.1209,1.75808e-06,1949
2025-11-11 18:50:41.282017,99.1209,99.1209,1.75808e-06,1786
2025-11-11 18:50:41.287236,99.1209,99.1209,3.38464e-06,2611
2025-11-11 18:50:41.292264,99.1209,99.1209,3.38464e-06,2588
2025-11-11 18:50:41.297387,99.1209,99.1209,4.9332e-06,2423
2025-11-11 18:50:41.302315,99.1209,99.1209,3.38464e-06,3025
2025-11-11 18:50:41.308184,99.1209,99.1209,4.9332e-06,2377
2025-11-11 18:50:41.313680,99.1209,99.1209,1.20905e-06,2390
2025-11-11 18:50:41.318927,99.1209,99.1209,1.20905e-06,2312
2025-11-11 18:50:41.324373,99.1209,99.1209,1.20905e-06,2186
2025-11-11 18:50:41.329569,99.1209,99.1209,4.9332e-06,2588
2025-11-11 18:50:41.334458,99.1209,99.1209,4.9332e-06,2296
2025-11-11 18:50:41.340060,99.1209,99.1209,4.9332e-06,2189
2025-11-11 18:50:41.345610,99.1209,99.1209,1.20905e-06,2516
2025-11-11 18:50:41.351293,99.1209,99.1209,5.31299e-07,3023
2025-11-11 18:50:41.356511,99.1209,99.1209,5.31299e-07,2963
2025-11-11 18:50:41.361591,99.1209,99.1209,1.20905e-06,2625
2025-11-11 18:50:41.367172,99.1209,99.1209,1.20905e-06,2405
2025-11-11 18:50:41.373432,99.1209,99.1209,4.9332e-06,2321
2025-11-11 18:50:41.378694,99.1209,99.1209,3.38464e-06,2429
2025-11-11 18:50:41.384235,99.1209,99.1209,3.38464e-06,2342
2025-11-11 18:50:41.389471,99.1209,99.1209,4.9332e-06,2457
2025-11-11 18:50:41.394510,99.1209,99.1209,1.20905e-06,2472
2025-11-11 18:50:41.399641,99.1209,99.1209,4.9332e-06,2505
2025-11-11 18:50:41.404832,99.1209,99.1209,1.20905e-06,2634
2025-11-11 18:50:41.410294,99.1209,99.1209,1.20905e-06,2620
2025-11-11 18:50:41.415947,99.1209,99.1209,1.20905e-06,2424
2025-11-11 18:50:41.421225,99.1209,99.1209,4.9332e-06,2408
2025-11-11 18:50:41.426221,99.1209,99.1209,1.20905e-06,2490
2025-11-11 18:50:41.431468,99.1209,99.1209,1.20905e-06,2302
2025-11-11 18:50:41.436334,99.1209,99.1209,5.31299e-07,2925
2025-11-11 18:50:41.442440,99.1209,99.1209,5.31299e-07,2914
2025-11-11 18:50:41.447944,99.1209,99.1209,5.31299e-07,2912
2025-11-11 18:50:41.453081,99.1209,99.1209,5.31299e-07,2873
2025-11-11 18:50:41.458289,99.1209,99.1209,5.31299e-07,2667
2025-11-11 18:50:41.463349,99.1209,99.1209,5.31299e-07,2620
2025-11-11 18:50:41.468779,99.1209,99.1209,6.59932e-06,2748
2025-11-11 18:50:41.474730,99.1209,99.1209,5.31299e-07,3094
2025-11-11 18:50:41.479979,99.1209,99.1209,5.31299e-07,2876
2025-11-11 18:50:41.485507,99.1209,99.1209,5.31299e-07,2871
2025-11-11 18:50:41.490664,99.1209,99.1209,1.20905e-06,2543
2025-11-11 18:50:41.496022,99.1209,99.1209,5.31299e-07,2882
2025-11-11 18:50:41.500917,99.1209,99.1209,5.31299e-07,2595
2025-11-11 18:50:41.506051,99.1209,99.1209,6.59932e-06,2746
2025-11-11 18:50:41.511028,99.1209,99.1209,6.59932e-06,2346
2025-11-11 18:50:41.516152,99.1209,99.1209,2.33044e-06,2075
2025-11-11 18:50:41.521594,99.1209,99.1209,6.59932e-06,2253
2025-11-11 18:50:41.527763,99.1209,99.1209,2.33044e-06,2297
2025-11-11 18:50:41.533437,99.1209,99.1209,6.88908e-07,2590
2025-11-11 18:50:41.538575,99.1209,99.1209,1.60822e-06,2363
2025-11-11 18:50:41.545473,99.1209,99.1209,1.60822e-06,2024
2025-11-11 18:50:41.550833,99.1209,99.1209,5.39836e-06,2136
2025-11-11 18:50:41.556308,99.1209,99.1209,1.60822e-06,2279
2025-11-11 18:50:41.561726,99.1209,99.1209,6.88908e-07,2390
2025-11-11 18:50:41.568802,99.1209,99.1209,6.88908e-07,2207
2025-11-11 18:50:41.576103,99.1209,99.1209,1.60822e-06,2167
2025-11-11 18:50:41.582078,99.1209,99.1209,1.60822e-06,1861
2025-11-11 18:50:41.587723,99.1209,99.1209,6.88908e-07,2203
2025-11-11 18:50:41.593676,99.1209,99.1209,6.88908e-07,2008
2025-11-11 18:50:41.599503,99.1209,99.1209,6.88908e-07,1869
2025-11-11 18:50:41.605809,99.1209,99.1209,1.60822e-06,1673
2025-11-11 18:50:41.612846,99.1209,99.1209,5.39836e-06,2115
2025-11-11 18:50:41.651615,99.1209,99.1209,5.39836e-06,1988
2025-11-11 18:50:41.659509,99.1209,99.1209,5.39836e-06,1874
2025-11-11 18:50:41.665872,99.1209,99.1209,1.60822e-06,2099
2025-11-11 18:50:41.671646,99.1209,99.1209,6.88908e-07,2242
2025-11-11 18:50:41.677355,99.1209,99.1209,1.60822e-06,2014
2025-11-11 18:50:41.682833,99.1209,99.1209,6.88908e-07,2143
2025-11-11 18:50:41.688437,99.1209,99.1209,6.88908e-07,2109
2025-11-11 18:50:41.694101,99.1209,99.1209,1.60822e-06,2012
2025-11-11 18:50:41.700158,99.1209,99.1209,6.88908e-07,2158
2025-11-11 18:50:41.705556,99.1209,99.1209,6.88908e-07,2122
2025-11-11 18:50:41.710791,99.1209,99.1209,2.33044e-06,2229
2025-11-11 18:50:41.716212,99.1209,99.1209,2.33044e-06,2192
2025-11-11 18:50:41.721762,99.1209,99.1209,6.59932e-06,2054
2025-11-11 18:50:41.727592,99.1209,99.1209,6.59932e-06,1836
2025-11-11 18:50:41.733390,99.1209,99.1209,2.33044e-06,1842
2025-11-11 18:50:41.738876,99.1209,99.1209,6.59932e-06,1861
2025-11-11 18:50:41.744271,99.1209,99.1209,5.31299e-07,1963
2025-11-11 18:50:41.749846,99.1209,99.1209,1.20905e-06,1604
2025-11-11 18:50:41.755882,99.1209,99.1209,1.20905e-06,1406
2025-11-11 18:50:41.761498,99.1209,99.1209,4.9332e-06,1840
2025-11-11 18:50:41.767245,99.1209,99.1209,3.38464e-06,1694
2025-11-11 18:50:41.772860,99.1209,99.1209,3.38464e-06,1654
2025-11-11 18:50:41.778414,99.1209,99.1209,4.9332e-06,1690
2025-11-11 18:50:41.784070,99.1209,99.1209,4.9332e-06,1470
2025-11-11 18:50:41.790149,99.1209,99.1209,3.38464e-06,1524
2025-11-11 18:50:41.795771,99.1209,99.1209,3.38464e-06,1402
2025-11-11 18:50:41.801674,99.1209,99.1209,3.38464e-06,1347
2025-11-11 18:50:41.807265,99.1209,99.1209,1.75808e-06,1379
2025-11-11 18:50:41.812706,99.1209,99.1209,1.75808e-06,1311
2025-11-11 18:50:41.817911,99.1209,99.1209,3.38464e-06,1299
2025-11-11 18:50:41.823417,99.1209,99.1209,1.75808e-06,1774
2025-11-11 18:50:41.828716,99.1209,99.1209,1.75808e-06,1731
2025-11-11 18:50:41.833964,99.1209,99.1209,1.75808e-06,1725
2025-11-11 18:50:41.839754,99.1209,99.1209,1.75808e-06,1590
2025-11-11 18:50:41.845486,99.1209,99.1209,5.57526e-06,1601
2025-11-11 18:50:41.851414,99.1209,99.1209,1.75808e-06,1785
2025-11-11 18:50:41.857043,99.1209,99.1209,1.75808e-06,1687
2025-11-11 18:50:41.862500,99.1209,99.1209,1.75808e-06,1418
2025-11-11 18:50:41.867925,99.1209,99.1209,1.75808e-06,1401
2025-11-11 18:50:41.874065,99.1209,99.1209,5.57526e-06,1298
2025-11-11 18:50:41.879257,99.1209,99.1209,5.57526e-06,1129
2025-11-11 18:50:41.885051,99.1209,99.1209,1.75808e-06,1446
2025-11-11 18:50:41.890444,99.1209,99.1209,5.57526e-06,1373
2025-11-11 18:50:41.895786,99.1209,99.1209,1.75808e-06,1421
2025-11-11 18:50:41.900800,99.1209,99.1209,5.57526e-06,1316
2025-11-11 18:50:41.906188,99.1209,99.1209,1.75808e-06,1294
2025-11-11 18:50:41.911572,99.1209,99.1209,5.57526e-06,1463
2025-11-11 18:50:41.917171,99.1209,99.1209,5.57526e-06,1392
2025-11-11 18:50:41.922442,99.1209,99.1209,5.57526e-06,1390
2025-11-11 18:50:41.927641,99.1209,99.1209,1.75808e-06,1256
2025-11-11 18:50:41.933052,99.1209,99.1209,3.38464e-06,1174
2025-11-11 18:50:41.938619,99.1209,99.1209,3.38464e-06,1118
2025-11-11 18:50:41.943909,99.1209,99.1209,3.38464e-06,1052
2025-11-11 18:50:41.949360,99.1209,99.1209,1.75808e-06,1484
2025-11-11 18:50:41.954649,99.1209,99.1209,5.57526e-06,1643
2025-11-11 18:50:41.959872,99.1209,99.1209,5.57526e-06,1364
2025-11-11 18:50:41.965003,99.1209,99.1209,1.75808e-06,1510
2025-11-11 18:50:41.970258,99.1209,99.1209,1.75808e-06,1336
2025-11-11 18:50:41.976242,99.1209,99.1209,5.57526e-06,1281
2025-11-11 18:50:41.982017,99.1209,99.1209,5.57526e-06,1130
2025-11-11 18:50:41.987656,99.1209,99.1209,1.75808e-06,1279
2025-11-11 18:50:41.993034,99.1209,99.1209,3.38464e-06,1058
2025-11-11 18:50:41.998253,99.1209,99.1209,4.9332e-06,1406
2025-11-11 18:50:42.003379,99.1209,99.1209,1.20905e-06,1216
2025-11-11 18:50:42.009197,99.1209,99.1209,1.20905e-06,1138
2025-11-11 18:50:42.014894,99.1209,99.1209,5.31299e-07,1560
2025-11-11 18:50:42.020209,99.1209,99.1209,1.20905e-06,1762
2025-11-11 18:50:42.025691,99.1209,99.1209,1.20905e-06,1706
2025-11-11 18:50:42.030907,99.1209,99.1209,4.9332e-06,2168
2025-11-11 18:50:42.035893,99.1209,99.1209,4.9332e-06,2126
2025-11-11 18:50:42.041887,99.1209,99.1209,4.9332e-06,1995
2025-11-11 18:50:42.047448,99.1209,99.1209,4.9332e-06,1900
2025-11-11 18:50:42.053085,99.1209,99.1209,4.9332e-06,1894
2025-11-11 18:50:42.058432,99.1209,99.1209,4.9332e-06,1739
2025-11-11 18:50:42.063700,99.1209,99.1209,1.20905e-06,1511
2025-11-11 18:50:42.068673,99.1209,99.1209,1.20905e-06,1373
2025-11-11 18:50:42.074298,99.1209,99.1209,1.20905e-06,1109
2025-11-11 18:50:42.079457,99.1209,99.1209,5.31299e-07,1884
2025-11-11 18:50:42.085784,99.1209,99.1209,5.31299e-07,1799
2025-11-11 18:50:42.091198,99.1209,99.1209,5.31299e-07,1693
2025-11-11 18:50:42.097298,99.1209,99.1209,5.31299e-07,1687
2025-11-11 18:50:42.102487,99.1209,99.1209,5.31299e-07,1680
2025-11-11 18:50:42.108178,99.1209,99.1209,5.31299e-07,1569
2025-11-11 18:50:42.113500,99.1209,99.1209,5.31299e-07,1426
2025-11-11 18:50:42.118752,99.1209,99.1209,6.59932e-06,1588
2025-11-11 18:50:42.124335,99.1209,99.1209,2.33044e-06,2202
2025-11-11 18:50:42.129537,99.1209,99.1209,6.88908e-07,2116
2025-11-11 18:50:42.134657,99.1209,99.1209,1.60822e-06,2201
2025-11-11 18:50:42.140402,99.1209,99.1209,1.60822e-06,2035
2025-11-11 18:50:42.145829,99.1209,99.1209,1.60822e-06,1712
2025-11-11 18:50:42.151644,99.1209,99.1209,1.60822e-06,1626
2025-11-11 18:50:42.156851,99.1209,99.1209,6.88908e-07,2051
2025-11-11 18:50:42.162064,99.1209,99.1209,2.33044e-06,2228
2025-11-11 18:50:42.167443,99.1209,99.1209,2.33044e-06,2223
2025-11-11 18:50:42.172802,99.1209,99.1209,2.33044e-06,1988
2025-11-11 18:50:42.178167,99.1209,99.1209,6.59932e-06,1737
2025-11-11 18:50:42.183857,99.1209,99.1209,5.31299e-07,1510
2025-11-11 18:50:42.189042,99.1209,99.1209,6.59932e-06,2041
2025-11-11 18:50:42.194310,99.1209,99.1209,6.59932e-06,1942
2025-11-11 18:50:42.199801,99.1209,99.1209,2.33044e-06,2095
2025-11-11 18:50:42.205033,99.1209,99.1209,6.88908e-07,1983
2025-11-11 18:50:42.210014,99.1209,99.1209,2.33044e-06,2041
2025-11-11 18:50:42.215134,99.1209,99.1209,6.59932e-06,1886
2025-11-11 18:50:42.220191,99.1209,99.1209,6.59932e-06,1800
2025-11-11 18:50:42.226322,99.1209,99.1209,6.59932e-06,1486
2025-11-11 18:50:42.232037,99.1209,99.1209,6.59932e-06,1484
2025-11-11 18:50:42.237386,99.1209,99.1209,2.33044e-06,1831
2025-11-11 18:50:42.242525,99.1209,99.1209,2.33044e-06,1790
2025-11-11 18:50:42.248021,99.1209,99.1209,6.59932e-06,1442
2025-11-11 18:50:42.253005,99.1209,99.1209,2.33044e-06,1825
2025-11-11 18:50:42.259051,99.1209,99.1209,2.33044e-06,1721
2025-11-11 18:50:42.264592,99.1209,99.1209,6.59932e-06,1529
2025-11-11 18:50:42.269996,99.1209,99.1209,2.33044e-06,1800
2025-11-11 18:50:42.275329,99.1209,99.1209,6.59932e-06,1568
2025-11-11 18:50:42.281018,99.1209,99.1209,5.31299e-07,1491
2025-11-11 18:50:42.286328,99.1209,99.1209,6.59932e-06,1605
2025-11-11 18:50:42.292166,99.1209,99.1209,2.33044e-06,1918
2025-11-11 18:50:42.297729,99.1209,99.1209,2.33044e-06,1748
2025-11-11 18:50:42.303082,99.1209,99.1209,6.59932e-06,1656
2025-11-11 18:50:42.308373,99.1209,99.1209,2.33044e-06,1792
2025-11-11 18:50:42.313646,99.1209,99.1209,6.88908e-07,2071
2025-11-11 18:50:42.318613,99.1209,99.1209,6.88908e-07,1885
2025-11-11 18:50:42.324197,99.1209,99.1209,6.88908e-07,1871
2025-11-11 18:50:42.329743,99.1209,99.1209,1.60822e-06,1900
2025-11-11 18:50:42.335444,99.1209,99.1209,6.88908e-07,1840
2025-11-11 18:50:42.340866,99.1209,99.1209,6.88908e-07,1702
2025-11-11 18:50:42.346202,99.1209,99.1209,1.60822e-06,1609
2025-11-11 18:50:42.351485,99.1209,99.1209,6.88908e-07,1801
2025-11-11 18:50:42.357004,99.1209,99.1209,6.88908e-07,1488
2025-11-11 18:50:42.362493,99.1209,99.1209,2.33044e-06,1485
2025-11-11 18:50:42.368126,99.1209,99.1209,6.59932e-06,1343
2025-11-11 18:50:42.373475,99.1209,99.1209,6.59932e-06,1264
2025-11-11 18:50:42.378872,99.1209,99.1209,2.33044e-06,1724
2025-11-11 18:50:42.383946,99.1209,99.1209,6.59932e-06,1341
2025-11-11 18:50:42.389456,99.1209,99.1209,5.31299e-07,1197
2025-11-11 18:50:42.394867,99.1209,99.1209,6.59932e-06,1345
2025-11-11 18:50:42.400942,99.1209,99.1209,5.31299e-07,1301
2025-11-11 18:50:42.406476,99.1209,99.1209,5.31299e-07,1278
2025-11-11 18:50:42.411690,99.1209,99.1209,5.31299e-07,1245
2025-11-11 18:50:42.416756,99.1209,99.1209,6.59932e-06,1275
2025-11-11 18:50:42.422151,99.1209,99.1209,5.31299e-07,1427
2025-11-11 18:50:42.427434,99.1209,99.1209,1.20905e-06,1361
2025-11-11 18:50:42.433054,99.1209,99.1209,4.9332e-06,1394
2025-11-11 18:50:42.438291,99.1209,99.1209,4.9332e-06,1246
2025-11-11 18:50:42.443475,99.1209,99.1209,3.38464e-06,1739
2025-11-11 18:50:42.449131,99.1209,99.1209,3.38464e-06,1676
2025-11-11 18:50:42.454667,99.1209,99.1209,3.38464e-06,1523
2025-11-11 18:50:42.460269,99.1209,99.1209,4.9332e-06,1223
2025-11-11 18:50:42.465907,99.1209,99.1209,4.9332e-06,1177
2025-11-11 18:50:42.471420,99.1209,99.1209,1.20905e-06,1186
2025-11-11 18:50:42.476794,99.1209,99.1209,4.9332e-06,1187
2025-11-11 18:50:42.482288,99.1209,99.1209,3.38464e-06,1594
2025-11-11 18:50:42.487746,99.1209,99.1209,1.75808e-06,1515
2025-11-11 18:50:42.493510,99.1209,99.1209,5.57526e-06,1417
2025-11-11 18:50:42.499148,99.1209,99.1209,5.57526e-06,1263
2025-11-11 18:50:42.504793,99.1209,99.1209,9.99459e-06,1424
2025-11-11 18:50:42.509972,99.1209,99.1209,9.99459e-06,1156
2025-11-11 18:50:42.515564,99.1209,99.1209,5.57526e-06,1016
2025-11-11 18:50:42.520968,99.1209,99.1209,9.99459e-06,1043
2025-11-11 18:50:42.526622,99.1209,99.1209,5.57526e-06,1101
2025-11-11 18:50:42.531987,99.1209,99.1209,9.99459e-06,1176
2025-11-11 18:50:42.537478,99.1209,99.1209,9.99459e-06,1117
2025-11-11 18:50:42.542616,99.1209,99.1209,5.57526e-06,1106
2025-11-11 18:50:42.548127,99.1209,99.1209,9.99459e-06,973
2025-11-11 18:50:42.553492,99.1209,99.1209,5.57526e-06,948
2025-11-11 18:50:42.558836,99.1209,99.1209,1.75808e-06,1268
2025-11-11 18:50:42.564091,99.1209,99.1209,3.38464e-06,1714
2025-11-11 18:50:42.569074,99.1209,99.1209,4.9332e-06,1327
2025-11-11 18:50:42.575293,99.1209,99.1209,3.38464e-06,1329
2025-11-11 18:50:42.580986,99.1209,99.1209,3.38464e-06,1250
2025-11-11 18:50:42.586561,99.1209,99.1209,4.9332e-06,1680
2025-11-11 18:50:42.591858,99.1209,99.1209,4.9332e-06,1180
2025-11-11 18:50:42.597117,99.1209,99.1209,1.20905e-06,1596
2025-11-11 18:50:42.602383,99.1209,99.1209,1.20905e-06,1363
2025-11-11 18:50:42.608612,99.1209,99.1209,4.9332e-06,1218
2025-11-11 18:50:42.614108,99.1209,99.1209,3.38464e-06,1904
2025-11-11 18:50:42.619447,99.1209,99.1209,3.38464e-06,1757
2025-11-11 18:50:42.624926,99.1209,99.1209,1.75808e-06,1358
2025-11-11 18:50:42.630352,99.1209,99.1209,3.38464e-06,2001
2025-11-11 18:50:42.635626,99.1209,99.1209,3.38464e-06,1754
2025-11-11 18:50:42.641818,99.1209,99.1209,1.75808e-06,1667
2025-11-11 18:50:42.647365,99.1209,99.1209,5.57526e-06,1285
2025-11-11 18:50:42.652992,99.1209,99.1209,1.75808e-06,1770
2025-11-11 18:50:42.658420,99.1209,99.1209,3.38464e-06,1622
2025-11-11 18:50:42.663872,99.1209,99.1209,1.75808e-06,1847
2025-11-11 18:50:42.669071,99.1209,99.1209,1.75808e-06,1756
2025-11-11 18:50:42.674923,99.1209,99.1209,1.75808e-06,1645
2025-11-11 18:50:42.680219,99.1209,99.1209,5.57526e-06,1306
2025-11-11 18:50:42.685804,99.1209,99.1209,9.99459e-06,1552
2025-11-11 18:50:42.691049,99.1209,99.1209,9.99459e-06,1501
2025-11-11 18:50:42.696500,99.1209,99.1209,4.10344e-06,1845
2025-11-11 18:50:42.701674,99.1209,99.1209,5.715e-06,1414
2025-11-11 18:50:42.707698,99.1209,99.1209,5.715e-06,1366
2025-11-11 18:50:42.713139,99.1209,99.1209,9.05729e-06,1382
2025-11-11 18:50:42.718737,99.1209,99.1209,5.715e-06,1482
2025-11-11 18:50:42.724297,99.1209,99.1209,4.10344e-06,2030
2025-11-11 18:50:42.729700,99.1209,99.1209,4.10344e-06,1973
2025-11-11 18:50:42.734915,99.1209,99.1209,4.10344e-06,1801
2025-11-11 18:50:42.740718,99.1209,99.1209,9.99459e-06,2016
2025-11-11 18:50:42.746191,99.1209,99.1209,9.99459e-06,1892
2025-11-11 18:50:42.752109,99.1209,99.1209,5.57526e-06,1734
2025-11-11 18:50:42.757741,99.1209,99.1209,9.99459e-06,2300
2025-11-11 18:50:42.763340,99.1209,99.1209,9.99459e-06,2291
2025-11-11 18:50:42.768473,99.1209,99.1209,4.10344e-06,1979
2025-11-11 18:50:42.774555,99.1209,99.1209,5.715e-06,1586
2025-11-11 18:50:42.779871,99.1209,99.1209,9.05729e-06,1425
2025-11-11 18:50:42.785456,99.1209,99.1209,9.05729e-06,1381
2025-11-11 18:50:42.790835,99.1209,99.1209,9.05729e-06,1152
2025-11-11 18:50:42.796470,99.1209,99.1209,9.05729e-06,1070
2025-11-11 18:50:42.801633,99.1208,99.1209,1.49759e-05,1211
2025-11-11 18:50:42.807786,99.1208,99.1208,1.86165e-06,878
2025-11-11 18:50:42.813330,99.1208,99.1208,7.94509e-06,1058
2025-11-11 18:50:42.818872,99.1208,99.1208,1.86165e-06,832
2025-11-11 18:50:42.824285,99.1208,99.1208,7.94509e-06,824
2025-11-11 18:50:42.829538,99.1208,99.1208,1.86165e-06,1035
2025-11-11 18:50:42.834697,99.1208,99.1208,7.94509e-06,1159
2025-11-11 18:50:42.840607,99.1208,99.1208,2.31016e-05,1519
2025-11-11 18:50:42.846064,99.1208,99.1208,2.31016e-05,1306
2025-11-11 18:50:42.851977,99.1208,99.1208,2.31016e-05,1163
2025-11-11 18:50:42.857331,99.1208,99.1208,7.94509e-06,1701
2025-11-11 18:50:42.862705,99.1208,99.1208,7.94509e-06,1470
2025-11-11 18:50:42.868003,99.1208,99.1208,7.94509e-06,1281
2025-11-11 18:50:42.874043,99.1208,99.1208,7.94509e-06,1249
2025-11-11 18:50:42.879344,99.1208,99.1208,1.86165e-06,1235
2025-11-11 18:50:42.885257,99.1208,99.1208,7.94509e-06,920
2025-11-11 18:50:42.890559,99.1208,99.1208,2.31016e-05,1135
2025-11-11 18:50:42.895889,99.1208,99.1208,2.31016e-05,1050
2025-11-11 18:50:42.900856,99.1208,99.1208,2.31016e-05,903
2025-11-11 18:50:42.906175,99.1208,99.1208,7.94509e-06,1042
2025-11-11 18:50:42.911442,99.1208,99.1208,7.94509e-06,789
2025-11-11 18:50:42.916681,99.1208,99.1208,2.31016e-05,1029
2025-11-11 18:50:42.922589,99.1208,99.1208,2.31016e-05,809
2025-11-11 18:50:42.928189,99.1208,99.1208,6.09097e-06,941
2025-11-11 18:50:42.934228,99.1208,99.1208,6.09097e-06,890
2025-11-11 18:50:42.939583,99.1208,99.1208,6.09097e-06,837
2025-11-11 18:50:42.945035,99.1208,99.1208,2.31016e-05,1094
2025-11-11 18:50:42.950005,99.1208,99.1208,7.94509e-06,1095
2025-11-11 18:50:42.955664,99.1208,99.1208,7.94509e-06,1086
2025-11-11 18:50:42.961237,99.1208,99.1208,1.86165e-06,1675
2025-11-11 18:50:42.967146,99.1208,99.1208,1.86165e-06,1192
2025-11-11 18:50:42.972661,99.1208,99.1208,7.94509e-06,1192
2025-11-11 18:50:42.978198,99.1208,99.1208,1.86165e-06,1049
2025-11-11 18:50:42.983499,99.1208,99.1209,1.49759e-05,1619
2025-11-11 18:50:42.989067,99.1209,99.1209,9.05729e-06,1515
2025-11-11 18:50:42.994568,99.1208,99.1209,1.49759e-05,1712
2025-11-11 18:50:43.000296,99.1208,99.1209,1.49759e-05,1571
2025-11-11 18:50:43.005706,99.1208,99.1209,1.49759e-05,1418
2025-11-11 18:50:43.010863,99.1208,99.1208,1.86165e-06,883
2025-11-11 18:50:43.017527,99.1208,99.1209,1.49759e-05,1477
2025-11-11 18:50:43.023846,99.1209,99.1209,9.05729e-06,1633
2025-11-11 18:50:43.029496,99.1209,99.1209,5.715e-06,1561
2025-11-11 18:50:43.035429,99.1209,99.1209,9.05729e-06,2223
2025-11-11 18:50:43.040888,99.1209,99.1209,9.05729e-06,2219
2025-11-11 18:50:43.046555,99.1209,99.1209,9.05729e-06,1544
2025-11-11 18:50:43.051864,99.1208,99.1209,1.49759e-05,1579
2025-11-11 18:50:43.058113,99.1208,99.1209,1.49759e-05,1389
2025-11-11 18:50:43.063688,99.1209,99.1209,9.05729e-06,1510
2025-11-11 18:50:43.069427,99.1209,99.1209,9.05729e-06,1476
2025-11-11 18:50:43.075281,99.1209,99.1209,9.05729e-06,1466
2025-11-11 18:50:43.081869,99.1209,99.1209,9.05729e-06,1331
2025-11-11 18:50:43.088668,99.1208,99.1209,1.49759e-05,1234
2025-11-11 18:50:43.094225,99.1208,99.1208,1.86165e-06,750
2025-11-11 18:50:43.100067,99.1208,99.1208,7.94509e-06,1033
2025-11-11 18:50:43.105935,99.1208,99.1208,7.94509e-06,860
2025-11-11 18:50:43.112300,99.1208,99.1208,2.31016e-05,846
2025-11-11 18:50:43.118463,99.1208,99.1208,7.94509e-06,903
2025-11-11 18:50:43.124790,99.1208,99.1208,7.94509e-06,868
2025-11-11 18:50:43.130303,99.1208,99.1208,2.31016e-05,965
2025-11-11 18:50:43.136165,99.1208,99.1208,2.31016e-05,818
2025-11-11 18:50:43.142251,99.1208,99.1208,7.94509e-06,1112
2025-11-11 18:50:43.147960,99.1208,99.1208,1.86165e-06,1573
2025-11-11 18:50:43.153607,99.1208,99.1208,1.86165e-06,1478
2025-11-11 18:50:43.159492,99.1208,99.1208,1.86165e-06,1462
2025-11-11 18:50:43.165170,99.1208,99.1209,1.49759e-05,2163
2025-11-11 18:50:43.170819,99.1208,99.1208,1.86165e-06,1442
2025-11-11 18:50:43.177172,99.1208,99.1208,1.86165e-06,1425
2025-11-11 18:50:43.183420,99.1208,99.1208,1.86165e-06,1308
2025-11-11 18:50:43.189075,99.1208,99.1209,1.49759e-05,1915
2025-11-11 18:50:43.194818,99.1209,99.1209,9.05729e-06,1927
2025-11-11 18:50:43.201405,99.1209,99.1209,1.9813e-05,2823
2025-11-11 18:50:43.207392,99.1209,99.1209,1.9813e-05,2630
2025-11-11 18:50:43.212996,99.1209,99.1209,5.57526e-06,2083
2025-11-11 18:50:43.218923,99.1209,99.1209,1.9813e-05,2159
2025-11-11 18:50:43.225573,99.1209,99.1209,1.9813e-05,2057
2025-11-11 18:50:43.231647,99.1209,99.1209,1.9813e-05,1811
2025-11-11 18:50:43.237512,99.1209,99.1209,5.57526e-06,1903
2025-11-11 18:50:43.245345,99.1209,99.1209,5.57526e-06,1733
2025-11-11 18:50:43.250609,99.1209,99.1209,1.75808e-06,1843
2025-11-11 18:50:43.256122,99.1209,99.1209,1.75808e-06,1661
2025-11-11 18:50:43.262119,99.1209,99.1209,1.75808e-06,1619
2025-11-11 18:50:43.267927,99.1209,99.1209,3.38464e-06,1731
2025-11-11 18:50:43.273506,99.1209,99.1209,3.38464e-06,1366
2025-11-11 18:50:43.279474,99.1209,99.1209,1.75808e-06,1141
2025-11-11 18:50:43.284908,99.1209,99.1209,5.57526e-06,1314
2025-11-11 18:50:43.290741,99.1209,99.1209,1.9813e-05,1266
2025-11-11 18:50:43.296818,99.1209,99.1209,9.05729e-06,1544
2025-11-11 18:50:43.302292,99.1208,99.1209,1.49759e-05,1491
2025-11-11 18:50:43.308461,99.1209,99.1209,9.05729e-06,1604
2025-11-11 18:50:43.314184,99.1209,99.1209,1.9813e-05,1552
2025-11-11 18:50:43.320083,99.1209,99.1209,5.57526e-06,1310
2025-11-11 18:50:43.326057,99.1209,99.1209,5.57526e-06,1203
2025-11-11 18:50:43.331853,99.1209,99.1209,1.75808e-06,1214
2025-11-11 18:50:43.337351,99.1209,99.1209,5.57526e-06,1344
2025-11-11 18:50:43.343196,99.1209,99.1209,5.57526e-06,1317
2025-11-11 18:50:43.348588,99.1209,99.1209,1.75808e-06,1152
2025-11-11 18:50:43.354463,99.1209,99.1209,3.38464e-06,1727
2025-11-11 18:50:43.359863,99.1209,99.1209,3.38464e-06,1535
2025-11-11 18:50:43.365425,99.1209,99.1209,3.38464e-06,1479
2025-11-11 18:50:43.370797,99.1209,99.1209,4.9332e-06,1672
2025-11-11 18:50:43.376529,99.1209,99.1209,1.20905e-06,1831
2025-11-11 18:50:43.381945,99.1209,99.1209,9.74208e-07,1430
2025-11-11 18:50:43.387594,99.1209,99.1209,1.20905e-06,1681
2025-11-11 18:50:43.393015,99.1209,99.1209,1.20905e-06,1637
2025-11-11 18:50:43.398437,99.1209,99.1209,9.74208e-07,1582
2025-11-11 18:50:43.404037,99.1209,99.1209,1.20905e-06,1974
2025-11-11 18:50:43.410033,99.1209,99.1209,5.31299e-07,2212
2025-11-11 18:50:43.415772,99.1209,99.1209,1.20905e-06,1928
2025-11-11 18:50:43.421221,99.1209,99.1209,1.20905e-06,1826
2025-11-11 18:50:43.426850,99.1209,99.1209,5.31299e-07,1991
2025-11-11 18:50:43.433172,99.1209,99.1209,1.20905e-06,2064
2025-11-11 18:50:43.439162,99.1209,99.1209,1.20905e-06,1805
2025-11-11 18:50:43.444515,99.1209,99.1209,9.74208e-07,1749
2025-11-11 18:50:43.450392,99.1209,99.1209,1.20905e-06,2058
2025-11-11 18:50:43.455888,99.1209,99.1209,1.20905e-06,2020
2025-11-11 18:50:43.461274,99.1209,99.1209,9.74208e-07,1618
2025-11-11 18:50:43.466599,99.1209,99.1209,1.20905e-06,2191
2025-11-11 18:50:43.472951,99.1209,99.1209,1.20905e-06,1975
2025-11-11 18:50:43.478776,99.1209,99.1209,1.20905e-06,1874
2025-11-11 18:50:43.484851,99.1209,99.1209,1.20905e-06,1870
2025-11-11 18:50:43.490477,99.1209,99.1209,1.20905e-06,1637
2025-11-11 18:50:43.496311,99.1209,99.1209,5.31299e-07,1665
2025-11-11 18:50:43.501997,99.1209,99.1209,1.20905e-06,1828
2025-11-11 18:50:43.508034,99.1209,99.1209,1.20905e-06,1792
2025-11-11 18:50:43.513946,99.1209,99.1209,1.20905e-06,1745
2025-11-11 18:50:43.519773,99.1209,99.1209,1.20905e-06,1723
2025-11-11 18:50:43.526104,99.1209,99.1209,5.31299e-07,1865
2025-11-11 18:50:43.532087,99.1209,99.1209,6.59932e-06,1972
2025-11-11 18:50:43.538084,99.1209,99.1209,6.59932e-06,1553
2025-11-11 18:50:43.543854,99.1209,99.1209,5.31299e-07,1540
2025-11-11 18:50:43.549362,99.1209,99.1209,1.20905e-06,1640
2025-11-11 18:50:43.555098,99.1209,99.1209,9.74208e-07,1430
2025-11-11 18:50:43.560963,99.1209,99.1209,1.20905e-06,1671
2025-11-11 18:50:43.566621,99.1209,99.1209,9.74208e-07,1560
2025-11-11 18:50:43.572884,99.1209,99.1209,3.95899e-06,1884
2025-11-11 18:50:43.578663,99.1209,99.1209,3.38464e-06,1690
2025-11-11 18:50:43.584543,99.1209,99.1209,3.38464e-06,1574
2025-11-11 18:50:43.591101,99.1209,99.1209,3.38464e-06,1359
2025-11-11 18:50:43.598054,99.1209,99.1209,3.95899e-06,1544
2025-11-11 18:50:43.603273,99.1209,99.1209,3.95899e-06,1504
2025-11-11 18:50:43.609706,99.1209,99.1209,9.74208e-07,1196
2025-11-11 18:50:43.615626,99.1209,99.1209,3.95899e-06,1878
2025-11-11 18:50:43.620960,99.1209,99.1209,3.95899e-06,1696
2025-11-11 18:50:43.627235,99.1209,99.1209,3.95899e-06,1615
2025-11-11 18:50:43.633280,99.1209,99.1209,3.95899e-06,1466
2025-11-11 18:50:43.639810,99.1209,99.1209,9.74208e-07,1730
2025-11-11 18:50:43.645589,99.1209,99.1209,9.74208e-07,1634
2025-11-11 18:50:43.650969,99.1209,99.1209,1.20905e-06,1708
2025-11-11 18:50:43.656461,99.1209,99.1209,5.31299e-07,1496
2025-11-11 18:50:43.662661,99.1209,99.1209,5.31299e-07,1441
2025-11-11 18:50:43.668064,99.1209,99.1209,6.59932e-06,1685
2025-11-11 18:50:43.673358,99.1209,99.1209,5.31299e-07,1467
2025-11-11 18:50:43.679564,99.1209,99.1209,1.20905e-06,1582
2025-11-11 18:50:43.684843,99.1209,99.1209,9.74208e-07,1857
2025-11-11 18:50:43.690361,99.1209,99.1209,9.74208e-07,1738
2025-11-11 18:50:43.696484,99.1209,99.1209,9.74208e-07,1507
2025-11-11 18:50:43.701877,99.1209,99.1209,9.74208e-07,1393
2025-11-11 18:50:43.707273,99.1209,99.1209,3.95899e-06,1609
2025-11-11 18:50:43.713231,99.1209,99.1209,3.95899e-06,1552
2025-11-11 18:50:43.718597,99.1209,99.1209,3.95899e-06,1402
2025-11-11 18:50:43.724051,99.1209,99.1209,3.38464e-06,1675
2025-11-11 18:50:43.730188,99.1209,99.1209,1.75808e-06,1882
2025-11-11 18:50:43.735854,99.1209,99.1209,5.57526e-06,2250
2025-11-11 18:50:43.742176,99.1209,99.1209,5.57526e-06,2128
2025-11-11 18:50:43.747958,99.1209,99.1209,5.57526e-06,2049
2025-11-11 18:50:43.753226,99.1209,99.1209,5.57526e-06,1860
2025-11-11 18:50:43.759455,99.1209,99.1209,1.75808e-06,2407
2025-11-11 18:50:43.765298,99.1209,99.1209,1.75808e-06,1930
2025-11-11 18:50:43.770524,99.1209,99.1209,1.75808e-06,1920
2025-11-11 18:50:43.776801,99.1209,99.1209,1.75808e-06,1840
2025-11-11 18:50:43.782552,99.1209,99.1209,1.75808e-06,1834
2025-11-11 18:50:43.788176,99.1209,99.1209,3.38464e-06,1671
2025-11-11 18:50:43.794114,99.1209,99.1209,3.38464e-06,1599
2025-11-11 18:50:43.799886,99.1209,99.1209,3.95899e-06,1743
2025-11-11 18:50:43.805001,99.1209,99.1209,9.74208e-07,1565
2025-11-11 18:50:43.810483,99.1209,99.1209,9.74208e-07,1553
2025-11-11 18:50:43.815904,99.1209,99.1209,3.95899e-06,1841
2025-11-11 18:50:43.821136,99.1209,99.1209,3.95899e-06,1828
2025-11-11 18:50:43.826867,99.1209,99.1209,3.38464e-06,1534
2025-11-11 18:50:43.832488,99.1209,99.1209,3.95899e-06,1618
2025-11-11 18:50:43.838333,99.1209,99.1209,9.74208e-07,1306
2025-11-11 18:50:43.843913,99.1209,99.1209,1.20905e-06,1103
2025-11-11 18:50:43.849430,99.1209,99.1209,9.74208e-07,1240
2025-11-11 18:50:43.855354,99.1209,99.1209,9.74208e-07,1176
2025-11-11 18:50:43.860854,99.1209,99.1209,3.95899e-06,1722
2025-11-11 18:50:43.866690,99.1209,99.1209,3.95899e-06,1469
2025-11-11 18:50:43.872280,99.1209,99.1209,3.38464e-06,1292
2025-11-11 18:50:43.877591,99.1209,99.1209,3.95899e-06,1534
2025-11-11 18:50:43.883016,99.1209,99.1209,9.74208e-07,1263
2025-11-11 18:50:43.888855,99.1209,99.1209,3.95899e-06,1715
2025-11-11 18:50:43.894382,99.1209,99.1209,3.38464e-06,1413
2025-11-11 18:50:43.900115,99.1209,99.1209,3.95899e-06,1391
2025-11-11 18:50:43.905716,99.1209,99.1209,3.38464e-06,1515
2025-11-11 18:50:43.911047,99.1209,99.1209,1.75808e-06,1762
2025-11-11 18:50:43.916557,99.1209,99.1209,3.38464e-06,1458
2025-11-11 18:50:43.922254,99.1209,99.1209,3.95899e-06,1463
2025-11-11 18:50:43.927909,99.1209,99.1209,3.95899e-06,1374
2025-11-11 18:50:43.933241,99.1209,99.1209,9.74208e-07,1294
2025-11-11 18:50:43.938806,99.1209,99.1209,9.74208e-07,1075
2025-11-11 18:50:43.944599,99.1209,99.1209,9.74208e-07,1036
2025-11-11 18:50:43.950630,99.1209,99.1209,1.20905e-06,1352
2025-11-11 18:50:43.956258,99.1209,99.1209,1.20905e-06,1061
2025-11-11 18:50:43.961723,99.1209,99.1209,1.20905e-06,954
2025-11-11 18:50:43.966967,99.1209,99.1209,1.20905e-06,782
2025-11-11 18:50:43.972764,99.1209,99.1209,5.31299e-07,1220
2025-11-11 18:50:43.978351,99.1209,99.1209,5.31299e-07,1212
2025-11-11 18:50:43.984315,99.1209,99.1209,5.18645e-06,1466
2025-11-11 18:50:43.989765,99.1209,99.1209,5.31299e-07,1237
2025-11-11 18:50:43.995166,99.1209,99.1209,5.18645e-06,1733
2025-11-11 18:50:44.000298,99.1209,99.1209,1.41288e-06,1800
2025-11-11 18:50:44.006287,99.1209,99.1209,5.18645e-06,1690
2025-11-11 18:50:44.011759,99.1209,99.1209,5.18645e-06,1371
2025-11-11 18:50:44.017781,99.1209,99.1209,1.41288e-06,2018
2025-11-11 18:50:44.023505,99.1209,99.1209,1.41288e-06,2010
2025-11-11 18:50:44.028995,99.1209,99.1209,2.33044e-06,2054
2025-11-11 18:50:44.034431,99.1209,99.1209,6.88908e-07,2559
2025-11-11 18:50:44.040236,99.1209,99.1209,1.60822e-06,2278
2025-11-11 18:50:44.045927,99.1209,99.1209,1.60822e-06,2086
2025-11-11 18:50:44.052300,99.1209,99.1209,1.60822e-06,2069
2025-11-11 18:50:44.058206,99.1209,99.1209,5.39836e-06,2065
2025-11-11 18:50:44.063882,99.1209,99.1209,5.39836e-06,1994
2025-11-11 18:50:44.069249,99.1209,99.1209,1.60822e-06,1931
2025-11-11 18:50:44.075241,99.1209,99.1209,6.88908e-07,2395
2025-11-11 18:50:44.081006,99.1209,99.1209,1.60822e-06,2114
2025-11-11 18:50:44.087618,99.1209,99.1209,6.88908e-07,2361
2025-11-11 18:50:44.093321,99.1209,99.1209,1.60822e-06,2148
2025-11-11 18:50:44.098866,99.1209,99.1209,5.39836e-06,2037
2025-11-11 18:50:44.104397,99.1209,99.1209,1.60822e-06,2194
2025-11-11 18:50:44.110253,99.1209,99.1209,6.88908e-07,2397
2025-11-11 18:50:44.116039,99.1209,99.1209,6.88908e-07,2268
2025-11-11 18:50:44.121645,99.1209,99.1209,2.33044e-06,2050
2025-11-11 18:50:44.127319,99.1209,99.1209,1.41288e-06,2242
2025-11-11 18:50:44.132938,99.1209,99.1209,1.41288e-06,2102
2025-11-11 18:50:44.138536,99.1209,99.1209,1.41288e-06,1881
2025-11-11 18:50:44.144129,99.1209,99.1209,1.41288e-06,1842
2025-11-11 18:50:44.150008,99.1209,99.1209,5.18645e-06,1499
2025-11-11 18:50:44.155725,99.1209,99.1209,5.18645e-06,1448
2025-11-11 18:50:44.160936,99.1209,99.1209,5.31299e-07,1612
2025-11-11 18:50:44.166446,99.1209,99.1209,5.18645e-06,1361
2025-11-11 18:50:44.172353,99.1209,99.1209,5.31299e-07,1493
2025-11-11 18:50:44.178195,99.1209,99.1209,5.31299e-07,1384
2025-11-11 18:50:44.184161,99.1209,99.1209,5.31299e-07,1243
2025-11-11 18:50:44.189570,99.1209,99.1209,1.20905e-06,1211
2025-11-11 18:50:44.195099,99.1209,99.1209,5.31299e-07,1113
2025-11-11 18:50:44.200501,99.1209,99.1209,5.18645e-06,919
2025-11-11 18:50:44.206054,99.1209,99.1209,5.31299e-07,1093
2025-11-11 18:50:44.211556,99.1209,99.1209,5.31299e-07,891
2025-11-11 18:50:44.217731,99.1209,99.1209,1.20905e-06,893
2025-11-11 18:50:44.223808,99.1209,99.1209,7.13062e-06,1473
2025-11-11 18:50:44.229655,99.1209,99.1209,7.13062e-06,1465
2025-11-11 18:50:44.235301,99.1209,99.1209,7.13062e-06,1429
2025-11-11 18:50:44.241288,99.1209,99.1209,2.33044e-06,1684
2025-11-11 18:50:44.246983,99.1209,99.1209,2.33044e-06,1612
2025-11-11 18:50:44.252801,99.1209,99.1209,6.88908e-07,1719
2025-11-11 18:50:44.258712,99.1209,99.1209,6.88908e-07,1616
2025-11-11 18:50:44.264999,99.1209,99.1209,6.88908e-07,1426
2025-11-11 18:50:44.270868,99.1209,99.1209,1.60822e-06,1771
2025-11-11 18:50:44.276825,99.1209,99.1209,6.88908e-07,1453
2025-11-11 18:50:44.283645,99.1209,99.1209,1.60822e-06,1441
2025-11-11 18:50:44.289567,99.1209,99.1209,1.60822e-06,1389
2025-11-11 18:50:44.295163,99.1209,99.1209,1.60822e-06,1389
2025-11-11 18:50:44.300962,99.1209,99.1209,5.39836e-06,1865
2025-11-11 18:50:44.307080,99.1209,99.1209,5.39836e-06,1620
2025-11-11 18:50:44.312758,99.1209,99.1209,1.60822e-06,1597
2025-11-11 18:50:44.318145,99.1209,99.1209,6.88908e-07,1696
2025-11-11 18:50:44.323980,99.1209,99.1209,6.88908e-07,1621
2025-11-11 18:50:44.329695,99.1209,99.1209,2.33044e-06,2296
2025-11-11 18:50:44.335598,99.1209,99.1209,7.13062e-06,2003
2025-11-11 18:50:44.341223,99.1209,99.1209,7.13062e-06,1840
2025-11-11 18:50:44.347123,99.1209,99.1209,2.33044e-06,2438
2025-11-11 18:50:44.352941,99.1209,99.1209,6.88908e-07,1915
2025-11-11 18:50:44.359007,99.1209,99.1209,6.88908e-07,1764
2025-11-11 18:50:44.364712,99.1209,99.1209,2.33044e-06,1966
2025-11-11 18:50:44.370594,99.1209,99.1209,2.33044e-06,1701
2025-11-11 18:50:44.376367,99.1209,99.1209,6.88908e-07,1717
2025-11-11 18:50:44.382199,99.1209,99.1209,6.88908e-07,1471
2025-11-11 18:50:44.387840,99.1209,99.1209,9.46106e-06,2091
2025-11-11 18:50:44.393658,99.1209,99.1209,9.46106e-06,2090
2025-11-11 18:50:44.399420,99.1209,99.1209,9.46106e-06,2060
2025-11-11 18:50:44.405191,99.1209,99.1209,9.46106e-06,1604
2025-11-11 18:50:44.410524,99.1209,99.1209,1.20905e-06,1128
2025-11-11 18:50:44.415947,99.1209,99.1209,9.74208e-07,1007
2025-11-11 18:50:44.421291,99.1209,99.1209,3.95899e-06,1273
2025-11-11 18:50:44.427209,99.1209,99.1209,3.95899e-06,875
2025-11-11 18:50:44.432970,99.1209,99.1209,9.74208e-07,1110
2025-11-11 18:50:44.439637,99.1209,99.1209,9.74208e-07,927
2025-11-11 18:50:44.445193,99.1209,99.1209,3.95899e-06,873
2025-11-11 18:50:44.451604,99.1209,99.1209,3.38464e-06,1024
2025-11-11 18:50:44.458000,99.1209,99.1209,3.38464e-06,1005
2025-11-11 18:50:44.463641,99.1209,99.1209,1.75808e-06,1318
2025-11-11 18:50:44.468925,99.1209,99.1209,1.75808e-06,1072
2025-11-11 18:50:44.475306,99.1209,99.1209,3.38464e-06,1155
2025-11-11 18:50:44.481951,99.1209,99.1209,3.38464e-06,1009
2025-11-11 18:50:44.487582,99.1209,99.1209,3.38464e-06,969
2025-11-11 18:50:44.493522,99.1209,99.1209,3.38464e-06,887
2025-11-11 18:50:44.499244,99.1209,99.1209,3.95899e-06,844
2025-11-11 18:50:44.504666,99.1209,99.1209,9.74208e-07,1110
2025-11-11 18:50:44.511477,99.1209,99.1209,1.20905e-06,1563
2025-11-11 18:50:44.517118,99.1209,99.1209,9.46106e-06,1768
2025-11-11 18:50:44.522884,99.1209,99.1209,1.20905e-06,1519
2025-11-11 18:50:44.529494,99.1209,99.1209,1.20905e-06,1350
2025-11-11 18:50:44.534988,99.1209,99.1209,1.20905e-06,1242
2025-11-11 18:50:44.540780,99.1209,99.1209,9.74208e-07,1288
2025-11-11 18:50:44.546926,99.1209,99.1209,1.20905e-06,1355
2025-11-11 18:50:44.552208,99.1209,99.1209,9.46106e-06,1906
2025-11-11 18:50:44.559163,99.1209,99.1209,1.20905e-06,1333
2025-11-11 18:50:44.565412,99.1209,99.1209,1.20905e-06,1295
2025-11-11 18:50:44.570707,99.1209,99.1209,9.46106e-06,1556
2025-11-11 18:50:44.577647,99.1209,99.1209,9.46106e-06,1416
2025-11-11 18:50:44.583745,99.1209,99.1209,1.20905e-06,1436
2025-11-11 18:50:44.589047,99.1209,99.1209,1.20905e-06,1315
2025-11-11 18:50:44.595487,99.1209,99.1209,1.20905e-06,1161
2025-11-11 18:50:44.600874,99.1209,99.1209,1.20905e-06,951
2025-11-11 18:50:44.606537,99.1209,99.1209,9.46106e-06,1247
2025-11-11 18:50:44.612726,99.1209,99.1209,6.88908e-07,1784
2025-11-11 18:50:44.618137,99.1209,99.1209,6.88908e-07,1665
2025-11-11 18:50:44.624196,99.1209,99.1209,6.88908e-07,1414
2025-11-11 18:50:44.630143,99.1209,99.1209,1.60822e-06,1866
2025-11-11 18:50:44.636122,99.1209,99.1209,5.39836e-06,1497
2025-11-11 18:50:44.641936,99.1209,99.1209,5.39836e-06,1471
2025-11-11 18:50:44.647460,99.1209,99.1209,1.60822e-06,1860
2025-11-11 18:50:44.652932,99.1209,99.1209,5.39836e-06,1558
2025-11-11 18:50:44.658508,99.1209,99.1209,4.89383e-06,1617
2025-11-11 18:50:44.664480,99.1209,99.1209,3.45929e-06,1574
2025-11-11 18:50:44.670106,99.1209,99.1209,4.89383e-06,1334
2025-11-11 18:50:44.676264,99.1209,99.1209,5.39836e-06,1447
2025-11-11 18:50:44.682054,99.1209,99.1209,1.60822e-06,1571
2025-11-11 18:50:44.687583,99.1209,99.1209,5.39836e-06,1907
2025-11-11 18:50:44.693070,99.1209,99.1209,5.39836e-06,1779
2025-11-11 18:50:44.698550,99.1209,99.1209,5.39836e-06,1763
2025-11-11 18:50:44.703848,99.1209,99.1209,5.39836e-06,1733
2025-11-11 18:50:44.710084,99.1209,99.1209,5.39836e-06,1506
2025-11-11 18:50:44.716129,99.1209,99.1209,5.39836e-06,1286
2025-11-11 18:50:44.721705,99.1209,99.1209,4.89383e-06,1914
2025-11-11 18:50:44.727127,99.1209,99.1209,5.39836e-06,1508
2025-11-11 18:50:44.732607,99.1209,99.1209,5.39836e-06,1407
2025-11-11 18:50:44.740441,99.1209,99.1209,1.60822e-06,1785
2025-11-11 18:50:44.746143,99.1209,99.1209,1.60822e-06,1584
2025-11-11 18:50:44.752640,99.1209,99.1209,1.60822e-06,1572
2025-11-11 18:50:44.758786,99.1209,99.1209,1.60822e-06,1537
2025-11-11 18:50:44.764903,99.1209,99.1209,1.60822e-06,1459
2025-11-11 18:50:44.770855,99.1209,99.1209,1.60822e-06,1388
2025-11-11 18:50:44.777162,99.1209,99.1209,6.88908e-07,1124
2025-11-11 18:50:44.783408,99.1209,99.1209,6.88908e-07,997
2025-11-11 18:50:44.789277,99.1209,99.1209,6.88908e-07,838
2025-11-11 18:50:44.795077,99.1209,99.1209,6.88908e-07,828
2025-11-11 18:50:44.800588,99.1209,99.1209,1.60822e-06,793
2025-11-11 18:50:44.806905,99.1209,99.1209,6.88908e-07,905
2025-11-11 18:50:44.812748,99.1209,99.1209,1.60822e-06,737
2025-11-11 18:50:44.819128,99.1209,99.1209,5.39836e-06,730
2025-11-11 18:50:44.825213,99.1209,99.1209,1.60822e-06,731
2025-11-11 18:50:44.830870,99.1209,99.1209,5.39836e-06,608
2025-11-11 18:50:44.836524,99.1209,99.1209,5.39836e-06,601
2025-11-11 18:50:44.842983,99.1209,99.1209,5.39836e-06,474
2025-11-11 18:50:44.849110,99.1209,99.1209,1.60822e-06,731
2025-11-11 18:50:44.855101,99.1209,99.1209,5.39836e-06,489
2025-11-11 18:50:44.861095,99.1209,99.1209,4.89383e-06,708
2025-11-11 18:50:44.867314,99.1209,99.1209,5.39836e-06,680
2025-11-11 18:50:44.873482,99.1209,99.1209,5.39836e-06,577
2025-11-11 18:50:44.879356,99.1209,99.1209,5.39836e-06,406
2025-11-11 18:50:44.885567,99.1209,99.1209,4.89383e-06,829
2025-11-11 18:50:44.891405,99.1209,99.1209,4.89383e-06,627
2025-11-11 18:50:44.897171,99.1209,99.1209,3.45929e-06,899
2025-11-11 18:50:44.902568,99.1209,99.1209,3.75085e-06,1054
2025-11-11 18:50:44.909013,99.1209,99.1209,1.97798e-06,1489
2025-11-11 18:50:44.915488,99.1209,99.1209,1.97798e-06,1436
2025-11-11 18:50:44.921280,99.1209,99.1209,1.97798e-06,1422
2025-11-11 18:50:44.926760,99.1209,99.1209,1.97798e-06,1368
2025-11-11 18:50:44.932929,99.1209,99.1209,1.13609e-06,1501
2025-11-11 18:50:44.938788,99.1209,99.1209,9.1174e-08,1587
2025-11-11 18:50:44.944655,99.1209,99.1209,9.1174e-08,1389
2025-11-11 18:50:44.950806,99.1209,99.1209,1.13609e-06,1594
2025-11-11 18:50:44.956763,99.1209,99.1209,9.1174e-08,1165
2025-11-11 18:50:44.962634,99.1209,99.1209,1.13609e-06,1228
2025-11-11 18:50:44.968239,99.1209,99.1209,1.13609e-06,1226
2025-11-11 18:50:44.974775,99.1209,99.1209,1.97798e-06,1081
2025-11-11 18:50:44.980922,99.1209,99.1209,1.13609e-06,1099
2025-11-11 18:50:44.986995,99.1209,99.1209,9.1174e-08,1476
2025-11-11 18:50:44.992881,99.1209,99.1209,9.1174e-08,958
2025-11-11 18:50:44.998733,99.1209,99.1209,1.11812e-05,1237
2025-11-11 18:50:45.004390,99.1209,99.1209,1.11812e-05,891
2025-11-11 18:50:45.010190,99.1209,99.1209,7.47126e-07,850
2025-11-11 18:50:45.015982,99.1209,99.1209,1.11812e-05,1137
2025-11-11 18:50:45.022005,99.1209,99.1209,1.53092e-05,2098
2025-11-11 18:50:45.027928,99.1209,99.1209,1.53092e-05,1570
2025-11-11 18:50:45.034287,99.1209,99.1209,1.11812e-05,1433
2025-11-11 18:50:45.039987,99.1209,99.1209,1.53092e-05,1397
2025-11-11 18:50:45.045557,99.1209,99.1209,5.39836e-06,1525
2025-11-11 18:50:45.050874,99.1209,99.1209,5.39836e-06,1398
2025-11-11 18:50:45.057073,99.1209,99.1209,1.53092e-05,1532
2025-11-11 18:50:45.063178,99.1209,99.1209,1.53092e-05,1341
2025-11-11 18:50:45.069285,99.1209,99.1209,5.39836e-06,1341
2025-11-11 18:50:45.075231,99.1209,99.1209,1.60822e-06,1608
2025-11-11 18:50:45.080790,99.1209,99.1209,5.39836e-06,1714
2025-11-11 18:50:45.086946,99.1209,99.1209,1.53092e-05,1749
2025-11-11 18:50:45.093160,99.1209,99.1209,1.11812e-05,1702
2025-11-11 18:50:45.098938,99.1209,99.1209,1.11812e-05,1645
2025-11-11 18:50:45.104961,99.1209,99.1209,1.11812e-05,1593
2025-11-11 18:50:45.110648,99.1209,99.1209,1.53092e-05,1714
2025-11-11 18:50:45.116220,99.1209,99.1209,1.53092e-05,1592
2025-11-11 18:50:45.122153,99.1209,99.1209,1.11812e-05,2106
2025-11-11 18:50:45.127846,99.1209,99.1209,1.11812e-05,1994
2025-11-11 18:50:45.133743,99.1209,99.1209,1.11812e-05,1721
2025-11-11 18:50:45.139378,99.1209,99.1209,1.11812e-05,1652
2025-11-11 18:50:45.144933,99.1209,99.1209,1.11812e-05,1590
2025-11-11 18:50:45.150489,99.1209,99.1209,1.11812e-05,1447
2025-11-11 18:50:45.156042,99.1209,99.1209,1.53092e-05,1286
2025-11-11 18:50:45.161619,99.1209,99.1209,1.53092e-05,1159
2025-11-11 18:50:45.167597,99.1209,99.1209,5.39836e-06,1157
2025-11-11 18:50:45.173294,99.1209,99.1209,5.39836e-06,964
2025-11-11 18:50:45.179068,99.1209,99.1209,5.39836e-06,757
2025-11-11 18:50:45.184383,99.1209,99.1209,1.60822e-06,1210
2025-11-11 18:50:45.190569,99.1209,99.1209,6.88908e-07,985
2025-11-11 18:50:45.196259,99.1209,99.1209,6.88908e-07,916
2025-11-11 18:50:45.202180,99.1209,99.1209,9.46106e-06,1152
2025-11-11 18:50:45.207755,99.1209,99.1209,6.88908e-07,1336
2025-11-11 18:50:45.213364,99.1209,99.1209,1.60822e-06,1650
2025-11-11 18:50:45.218467,99.1209,99.1209,6.88908e-07,1515
2025-11-11 18:50:45.224749,99.1209,99.1209,1.60822e-06,1712
2025-11-11 18:50:45.230650,99.1209,99.1209,1.60822e-06,1498
2025-11-11 18:50:45.236327,99.1209,99.1209,6.88908e-07,1323
2025-11-11 18:50:45.242110,99.1209,99.1209,6.88908e-07,1149
2025-11-11 18:50:45.247759,99.1209,99.1209,1.60822e-06,1463
2025-11-11 18:50:45.252950,99.1209,99.1209,1.60822e-06,1411
2025-11-11 18:50:45.259341,99.1209,99.1209,6.88908e-07,1303
2025-11-11 18:50:45.265269,99.1209,99.1209,1.60822e-06,1717
2025-11-11 18:50:45.270923,99.1209,99.1209,6.88908e-07,1090
2025-11-11 18:50:45.276542,99.1209,99.1209,1.60822e-06,1429
2025-11-11 18:50:45.282348,99.1209,99.1209,6.88908e-07,1526
2025-11-11 18:50:45.288146,99.1209,99.1209,6.88908e-07,1363
2025-11-11 18:50:45.293878,99.1209,99.1209,6.88908e-07,1008
2025-11-11 18:50:45.299739,99.1209,99.1209,1.60822e-06,1476
2025-11-11 18:50:45.305544,99.1209,99.1209,1.60822e-06,1467
2025-11-11 18:50:45.311403,99.1209,99.1209,5.39836e-06,1602
2025-11-11 18:50:45.316886,99.1209,99.1209,5.39836e-06,1436
2025-11-11 18:50:45.322779,99.1209,99.1209,1.60822e-06,1636
2025-11-11 18:50:45.328232,99.1209,99.1209,6.88908e-07,1099
2025-11-11 18:50:45.334227,99.1209,99.1209,9.46106e-06,923
2025-11-11 18:50:45.339904,99.1209,99.1209,6.88908e-07,838
2025-11-11 18:50:45.345439,99.1209,99.1209,9.46106e-06,1108
2025-11-11 18:50:45.351034,99.1209,99.1209,9.46106e-06,850
2025-11-11 18:50:45.356533,99.1209,99.1209,1.20905e-06,1115
2025-11-11 18:50:45.361799,99.1209,99.1209,9.46106e-06,889
2025-11-11 18:50:45.367138,99.1209,99.1209,6.88908e-07,1186
2025-11-11 18:50:45.373147,99.1209,99.1209,1.60822e-06,1601
2025-11-11 18:50:45.379166,99.1209,99.1209,6.88908e-07,1183
2025-11-11 18:50:45.385427,99.1209,99.1209,9.46106e-06,933
2025-11-11 18:50:45.391015,99.1209,99.1209,9.46106e-06,924
2025-11-11 18:50:45.396569,99.1209,99.1209,6.88908e-07,1445
2025-11-11 18:50:45.402100,99.1209,99.1209,1.60822e-06,1904
2025-11-11 18:50:45.408227,99.1209,99.1209,1.60822e-06,1840
2025-11-11 18:50:45.413945,99.1209,99.1209,6.88908e-07,1586
2025-11-11 18:50:45.419599,99.1209,99.1209,6.88908e-07,1522
2025-11-11 18:50:45.425252,99.1209,99.1209,6.88908e-07,1129
2025-11-11 18:50:45.430687,99.1209,99.1209,6.88908e-07,1094
2025-11-11 18:50:45.436096,99.1209,99.1209,6.88908e-07,1072
2025-11-11 18:50:45.442323,99.1209,99.1209,6.88908e-07,985
2025-11-11 18:50:45.448450,99.1209,99.1209,9.46106e-06,1033
2025-11-11 18:50:45.454097,99.1209,99.1209,1.20905e-06,1521
2025-11-11 18:50:45.459720,99.1209,99.1209,1.20905e-06,1151
2025-11-11 18:50:45.465369,99.1209,99.1209,9.46106e-06,1180
2025-11-11 18:50:45.470954,99.1209,99.1209,1.20905e-06,1160
2025-11-11 18:50:45.478189,99.1209,99.1209,9.46106e-06,977
2025-11-11 18:50:45.484894,99.1209,99.1209,1.20905e-06,1463
2025-11-11 18:50:45.490565,99.1209,99.1209,9.74208e-07,1534
2025-11-11 18:50:45.496141,99.1209,99.1209,9.74208e-07,1355
2025-11-11 18:50:45.501434,99.1209,99.1209,1.20905e-06,1289
2025-11-11 18:50:45.507565,99.1209,99.1209,9.74208e-07,1347
2025-11-11 18:50:45.513242,99.1209,99.1209,1.20905e-06,1328
2025-11-11 18:50:45.519236,99.1209,99.1209,9.74208e-07,1260
2025-11-11 18:50:45.524915,99.1209,99.1209,1.20905e-06,1455
2025-11-11 18:50:45.530736,99.1209,99.1209,1.20905e-06,983
2025-11-11 18:50:45.536094,99.1209,99.1209,9.46106e-06,1346
2025-11-11 18:50:45.542335,99.1209,99.1209,9.46106e-06,1307
2025-11-11 18:50:45.548135,99.1209,99.1209,9.46106e-06,1292
2025-11-11 18:50:45.553807,99.1209,99.1209,9.46106e-06,1250
2025-11-11 18:50:45.559428,99.1209,99.1209,6.88908e-07,1301
2025-11-11 18:50:45.565321,99.1209,99.1209,9.46106e-06,1751
2025-11-11 18:50:45.571101,99.1209,99.1209,9.46106e-06,1554
2025-11-11 18:50:45.576881,99.1209,99.1209,1.20905e-06,1848
2025-11-11 18:50:45.582663,99.1209,99.1209,9.46106e-06,1637
2025-11-11 18:50:45.588865,99.1209,99.1209,9.46106e-06,1567
2025-11-11 18:50:45.594311,99.1209,99.1209,9.46106e-06,1508
2025-11-11 18:50:45.600009,99.1209,99.1209,9.46106e-06,1386
2025-11-11 18:50:45.606053,99.1209,99.1209,1.20905e-06,1366
2025-11-11 18:50:45.612040,99.1209,99.1209,9.74208e-07,1510
2025-11-11 18:50:45.619097,99.1209,99.1209,1.20905e-06,1520
2025-11-11 18:50:45.624680,99.1209,99.1209,9.46106e-06,1534
2025-11-11 18:50:45.630263,99.1209,99.1209,1.20905e-06,1568
2025-11-11 18:50:45.635600,99.1209,99.1209,9.46106e-06,1734
2025-11-11 18:50:45.642152,99.1209,99.1209,6.88908e-07,1442
2025-11-11 18:50:45.647883,99.1209,99.1209,9.46106e-06,1385
2025-11-11 18:50:45.653571,99.1209,99.1209,1.20905e-06,1118
2025-11-11 18:50:45.659183,99.1209,99.1209,9.46106e-06,1067
2025-11-11 18:50:45.664862,99.1209,99.1209,1.20905e-06,1319
2025-11-11 18:50:45.670351,99.1209,99.1209,1.20905e-06,1292
2025-11-11 18:50:45.675592,99.1209,99.1209,1.20905e-06,1108
2025-11-11 18:50:45.680985,99.1209,99.1209,1.20905e-06,924
2025-11-11 18:50:45.687527,99.1209,99.1209,1.20905e-06,900
2025-11-11 18:50:45.693838,99.1209,99.1209,9.46106e-06,974
2025-11-11 18:50:45.699728,99.1209,99.1209,6.88908e-07,965
2025-11-11 18:50:45.705301,99.1209,99.1209,1.60822e-06,1176
2025-11-11 18:50:45.710851,99.1209,99.1209,5.39836e-06,1121
2025-11-11 18:50:45.716448,99.1209,99.1209,1.53092e-05,1149
2025-11-11 18:50:45.722458,99.1209,99.1209,1.11812e-05,1697
2025-11-11 18:50:45.728165,99.1209,99.1209,7.47126e-07,2099
2025-11-11 18:50:45.734359,99.1209,99.1209,7.47126e-07,2021
2025-11-11 18:50:45.740049,99.1209,99.1209,7.47126e-07,1872
2025-11-11 18:50:45.745780,99.1209,99.121,1.10531e-05,2133
2025-11-11 18:50:45.751358,99.1209,99.1209,7.47126e-07,2515
2025-11-11 18:50:45.757230,99.1209,99.1209,7.47126e-07,1628
2025-11-11 18:50:45.762976,99.1209,99.1209,1.11812e-05,1510
2025-11-11 18:50:45.768921,99.1209,99.1209,1.11812e-05,1430
2025-11-11 18:50:45.774600,99.1209,99.1209,1.11812e-05,927
2025-11-11 18:50:45.780240,99.1209,99.1209,7.47126e-07,1075
2025-11-11 18:50:45.785645,99.1209,99.1209,7.47126e-07,1060
2025-11-11 18:50:45.792369,99.1209,99.1209,1.11812e-05,1052
2025-11-11 18:50:45.798241,99.1209,99.1209,8.90017e-06,1045
2025-11-11 18:50:45.804041,99.1209,99.1209,8.90017e-06,995
2025-11-11 18:50:45.809724,99.1209,99.1209,6.40904e-06,1346
2025-11-11 18:50:45.815797,99.1209,99.1209,5.39836e-06,1300
2025-11-11 18:50:45.821769,99.1209,99.1209,1.60822e-06,1342
2025-11-11 18:50:45.827493,99.1209,99.1209,1.60822e-06,1316
2025-11-11 18:50:45.833406,99.1209,99.1209,1.60822e-06,1184
2025-11-11 18:50:45.839108,99.1209,99.1209,6.88908e-07,1315
2025-11-11 18:50:45.844931,99.1209,99.1209,6.88908e-07,1262
2025-11-11 18:50:45.850392,99.1209,99.1209,9.46106e-06,1774
2025-11-11 18:50:45.856482,99.1209,99.1209,1.20905e-06,1364
2025-11-11 18:50:45.862164,99.1209,99.1209,1.20905e-06,1228
2025-11-11 18:50:45.868389,99.1209,99.1209,9.74208e-07,1260
2025-11-11 18:50:45.874241,99.1209,99.1209,3.95899e-06,1599
2025-11-11 18:50:45.879875,99.1209,99.1209,9.74208e-07,1213
2025-11-11 18:50:45.885282,99.1209,99.1209,4.9332e-06,1248
2025-11-11 18:50:45.891801,99.1209,99.1209,3.38464e-06,1358
2025-11-11 18:50:45.897899,99.1209,99.1209,1.75808e-06,1522
2025-11-11 18:50:45.903457,99.1209,99.1209,3.38464e-06,1708
2025-11-11 18:50:45.909297,99.1209,99.1209,4.9332e-06,1719
2025-11-11 18:50:45.915159,99.1209,99.1209,1.20905e-06,1787
2025-11-11 18:50:45.920878,99.1209,99.1209,9.46106e-06,2227
2025-11-11 18:50:45.926793,99.1209,99.1209,1.20905e-06,1952
2025-11-11 18:50:45.932768,99.1209,99.1209,4.9332e-06,1883
2025-11-11 18:50:45.938528,99.1209,99.1209,4.9332e-06,1818
2025-11-11 18:50:45.944068,99.1209,99.1209,4.9332e-06,1650
2025-11-11 18:50:45.949647,99.1209,99.1209,3.38464e-06,1689
2025-11-11 18:50:45.955351,99.1209,99.1209,1.75808e-06,1442
2025-11-11 18:50:45.961290,99.1209,99.1209,3.38464e-06,1712
2025-11-11 18:50:45.967546,99.1209,99.1209,4.9332e-06,1948
2025-11-11 18:50:45.973139,99.1209,99.1209,1.20905e-06,2046
2025-11-11 18:50:45.979012,99.1209,99.1209,4.9332e-06,1999
2025-11-11 18:50:45.984334,99.1209,99.1209,4.9332e-06,1697
2025-11-11 18:50:45.990504,99.1209,99.1209,4.9332e-06,1688
2025-11-11 18:50:45.996792,99.1209,99.1209,3.38464e-06,1870
2025-11-11 18:50:46.002729,99.1209,99.1209,3.38464e-06,1601
2025-11-11 18:50:46.008493,99.1209,99.1209,1.75808e-06,1650
2025-11-11 18:50:46.014193,99.1209,99.1209,3.38464e-06,1551
2025-11-11 18:50:46.019884,99.1209,99.1209,4.9332e-06,2223
2025-11-11 18:50:46.025959,99.1209,99.1209,3.38464e-06,1420
2025-11-11 18:50:46.031795,99.1209,99.1209,3.38464e-06,1389
2025-11-11 18:50:46.037720,99.1209,99.1209,4.9332e-06,1898
2025-11-11 18:50:46.043324,99.1209,99.1209,4.9332e-06,1736
2025-11-11 18:50:46.048909,99.1209,99.1209,8.31784e-06,1415
2025-11-11 18:50:46.054264,99.1209,99.1209,1.20905e-06,1587
2025-11-11 18:50:46.059832,99.1209,99.1209,9.46106e-06,1748
2025-11-11 18:50:46.065684,99.1209,99.1209,9.46106e-06,1712
2025-11-11 18:50:46.071649,99.1209,99.1209,9.46106e-06,1456
2025-11-11 18:50:46.077529,99.1209,99.1209,1.20905e-06,1461
2025-11-11 18:50:46.083820,99.1209,99.1209,8.31784e-06,1460
2025-11-11 18:50:46.090327,99.1209,99.1209,8.31784e-06,1381
2025-11-11 18:50:46.096284,99.1209,99.1209,1.20905e-06,1713
2025-11-11 18:50:46.102193,99.1209,99.1209,1.20905e-06,1443
2025-11-11 18:50:46.108210,99.1209,99.1209,1.20905e-06,1402
2025-11-11 18:50:46.114318,99.1209,99.1209,1.20905e-06,1379
2025-11-11 18:50:46.119947,99.1209,99.1209,1.20905e-06,1242
2025-11-11 18:50:46.125603,99.1209,99.1209,1.20905e-06,1117
2025-11-11 18:50:46.131266,99.1209,99.1209,9.46106e-06,1269
2025-11-11 18:50:46.136536,99.1209,99.1209,9.46106e-06,1037
2025-11-11 18:50:46.143244,99.1209,99.1209,9.46106e-06,1010
2025-11-11 18:50:46.149071,99.1209,99.1209,6.88908e-07,1182
2025-11-11 18:50:46.154742,99.1209,99.1209,6.88908e-07,1151
2025-11-11 18:50:46.160362,99.1209,99.1209,1.60822e-06,1195
2025-11-11 18:50:46.166334,99.1209,99.1209,6.88908e-07,1214
2025-11-11 18:50:46.172074,99.1209,99.1209,6.88908e-07,1035
2025-11-11 18:50:46.177940,99.1209,99.1209,9.46106e-06,900
2025-11-11 18:50:46.183964,99.1209,99.1209,9.46106e-06,846
2025-11-11 18:50:46.189584,99.1209,99.1209,6.88908e-07,1122
2025-11-11 18:50:46.195225,99.1209,99.1209,6.88908e-07,974
2025-11-11 18:50:46.201070,99.1209,99.1209,9.46106e-06,909
2025-11-11 18:50:46.207181,99.1209,99.1209,1.20905e-06,847
2025-11-11 18:50:46.213158,99.1209,99.1209,1.20905e-06,810
2025-11-11 18:50:46.218994,99.1209,99.1209,9.46106e-06,900
2025-11-11 18:50:46.225050,99.1209,99.1209,1.20905e-06,543
2025-11-11 18:50:46.231299,99.1209,99.1209,9.46106e-06,962
2025-11-11 18:50:46.236896,99.1209,99.1209,9.46106e-06,942
2025-11-11 18:50:46.243051,99.1209,99.1209,6.88908e-07,1537
2025-11-11 18:50:46.249028,99.1209,99.1209,1.60822e-06,1862
2025-11-11 18:50:46.254752,99.1209,99.1209,5.39836e-06,2070
2025-11-11 18:50:46.260473,99.1209,99.1209,6.40904e-06,2302
2025-11-11 18:50:46.266060,99.1209,99.1209,6.40904e-06,2174
2025-11-11 18:50:46.272344,99.1209,99.1209,8.90017e-06,1986
2025-11-11 18:50:46.278274,99.1209,99.1209,6.40904e-06,2345
2025-11-11 18:50:46.284300,99.1209,99.1209,6.40904e-06,2218
2025-11-11 18:50:46.290127,99.1209,99.1209,6.40904e-06,1826
2025-11-11 18:50:46.295669,99.1209,99.1209,6.40904e-06,1801
2025-11-11 18:50:46.301171,99.1209,99.1209,5.39836e-06,1763
2025-11-11 18:50:46.307432,99.1209,99.1209,5.39836e-06,1617
2025-11-11 18:50:46.313556,99.1209,99.1209,1.60822e-06,1479
2025-11-11 18:50:46.319400,99.1209,99.1209,5.39836e-06,2063
2025-11-11 18:50:46.325019,99.1209,99.1209,1.60822e-06,1505
2025-11-11 18:50:46.331293,99.1209,99.1209,1.60822e-06,1298
2025-11-11 18:50:46.337057,99.1209,99.1209,5.39836e-06,1685
2025-11-11 18:50:46.343135,99.1209,99.1209,1.53092e-05,2294
2025-11-11 18:50:46.349095,99.1209,99.1209,1.53092e-05,1751
2025-11-11 18:50:46.355086,99.1209,99.1209,5.39836e-06,1839
2025-11-11 18:50:46.360758,99.1209,99.1209,5.39836e-06,1624
2025-11-11 18:50:46.366400,99.1209,99.1209,1.53092e-05,1605
2025-11-11 18:50:46.372420,99.1209,99.1209,5.39836e-06,1809
2025-11-11 18:50:46.378425,99.1209,99.1209,1.60822e-06,1539
2025-11-11 18:50:46.384392,99.1209,99.1209,5.39836e-06,1914
2025-11-11 18:50:46.390421,99.1209,99.1209,1.53092e-05,1687
2025-11-11 18:50:46.396246,99.1209,99.1209,5.39836e-06,1673
2025-11-11 18:50:46.402172,99.1209,99.1209,1.53092e-05,1666
2025-11-11 18:50:46.408348,99.1209,99.1209,1.81501e-06,1678
2025-11-11 18:50:46.414168,99.1209,99.1209,9.36617e-06,1211
2025-11-11 18:50:46.420143,99.1209,99.1209,7.47126e-07,1213
2025-11-11 18:50:46.426738,99.1209,99.1209,7.47126e-07,1199
2025-11-11 18:50:46.432650,99.1209,99.1209,9.36617e-06,1254
2025-11-11 18:50:46.438662,99.1209,99.1209,1.81501e-06,1984
2025-11-11 18:50:46.444210,99.1209,99.1209,9.36617e-06,1424
2025-11-11 18:50:46.450142,99.1209,99.1209,1.81501e-06,1933
2025-11-11 18:50:46.456022,99.1209,99.1209,1.53092e-05,2116
2025-11-11 18:50:46.461869,99.1209,99.1209,5.39836e-06,2631
2025-11-11 18:50:46.468201,99.1209,99.1209,5.39836e-06,2485
2025-11-11 18:50:46.474282,99.1209,99.1209,5.39836e-06,2265
2025-11-11 18:50:46.480097,99.1209,99.1209,5.39836e-06,2213
2025-11-11 18:50:46.485685,99.1209,99.1209,1.60822e-06,2255
2025-11-11 18:50:46.491933,99.1209,99.1209,6.88908e-07,2220
2025-11-11 18:50:46.497852,99.1209,99.1209,6.88908e-07,2118
2025-11-11 18:50:46.503635,99.1209,99.1209,1.60822e-06,2313
2025-11-11 18:50:46.509184,99.1209,99.1209,5.39836e-06,2878
2025-11-11 18:50:46.515596,99.1209,99.1209,1.53092e-05,2690
2025-11-11 18:50:46.521460,99.1209,99.1209,1.81501e-06,2777
2025-11-11 18:50:46.527498,99.1209,99.1209,1.81501e-06,2643
2025-11-11 18:50:46.533790,99.1209,99.1209,9.36617e-06,2396
2025-11-11 18:50:46.539420,99.1209,99.1209,9.36617e-06,2271
2025-11-11 18:50:46.545331,99.1209,99.1209,1.81501e-06,2565
2025-11-11 18:50:46.550819,99.1209,99.1209,1.81501e-06,2184
2025-11-11 18:50:46.556874,99.1209,99.1209,9.36617e-06,1925
2025-11-11 18:50:46.562837,99.1209,99.1209,7.47126e-07,1883
2025-11-11 18:50:46.569069,99.1209,99.1209,7.47126e-07,1694
2025-11-11 18:50:46.575020,99.1209,99.1209,9.36617e-06,1981
2025-11-11 18:50:46.580815,99.1209,99.1209,1.81501e-06,2253
2025-11-11 18:50:46.586396,99.1209,99.1209,1.53092e-05,2314
2025-11-11 18:50:46.592544,99.1209,99.1209,1.53092e-05,2246
2025-11-11 18:50:46.598611,99.1209,99.1209,1.81501e-06,2885
2025-11-11 18:50:46.604494,99.1209,99.1209,1.81501e-06,2813
2025-11-11 18:50:46.610127,99.1209,99.1209,9.36617e-06,2331
2025-11-11 18:50:46.616395,99.1209,99.1209,1.81501e-06,2761
2025-11-11 18:50:46.622394,99.1209,99.1209,9.36617e-06,2426
2025-11-11 18:50:46.628344,99.1209,99.1209,1.81501e-06,2763
2025-11-11 18:50:46.634438,99.1209,99.1209,1.81501e-06,2466
2025-11-11 18:50:46.640153,99.1209,99.1209,1.81501e-06,2393
2025-11-11 18:50:46.645979,99.1209,99.1209,1.81501e-06,2272
2025-11-11 18:50:46.651534,99.1209,99.1209,9.36617e-06,1808
2025-11-11 18:50:46.657663,99.1209,99.1209,1.81501e-06,2394
2025-11-11 18:50:46.663702,99.1209,99.1209,1.53092e-05,2453
2025-11-11 18:50:46.669460,99.1209,99.1209,1.81501e-06,2459
2025-11-11 18:50:46.675695,99.1209,99.1209,9.36617e-06,1894
2025-11-11 18:50:46.681465,99.1209,99.1209,9.36617e-06,1818
2025-11-11 18:50:46.687409,99.1209,99.1209,7.47126e-07,1842
2025-11-11 18:50:46.693440,99.1209,99.121,1.10531e-05,1369
2025-11-11 18:50:46.699369,99.121,99.121,1.05537e-05,1736
2025-11-11 18:50:46.705292,99.1209,99.121,1.10531e-05,1597
2025-11-11 18:50:46.710901,99.1209,99.121,1.10531e-05,1290
2025-11-11 18:50:46.716835,99.1209,99.121,1.10531e-05,1258
2025-11-11 18:50:46.722856,99.1209,99.1209,7.47126e-07,1991
2025-11-11 18:50:46.728908,99.1209,99.121,1.10531e-05,1849
2025-11-11 18:50:46.735113,99.1209,99.121,1.10531e-05,1709
2025-11-11 18:50:46.740856,99.1209,99.121,1.10531e-05,1571
2025-11-11 18:50:46.746553,99.1209,99.121,1.10531e-05,1374
2025-11-11 18:50:46.752310,99.121,99.121,1.05537e-05,1836
2025-11-11 18:50:46.758222,99.121,99.121,1.05537e-05,1783
2025-11-11 18:50:46.763650,99.121,99.121,1.05537e-05,1770
2025-11-11 18:50:46.768909,99.1209,99.121,1.10531e-05,1325
2025-11-11 18:50:46.775575,99.121,99.121,1.05537e-05,1925
2025-11-11 18:50:46.781612,99.121,99.121,1.05537e-05,1712
2025-11-11 18:50:46.787416,99.121,99.121,4.12307e-06,2100
2025-11-11 18:50:46.793088,99.121,99.121,6.75326e-06,2098
2025-11-11 18:50:46.798825,99.121,99.121,4.12307e-06,2171
2025-11-11 18:50:46.804709,99.121,99.121,4.12307e-06,2083
2025-11-11 18:50:46.810680,99.121,99.121,6.75326e-06,2359
2025-11-11 18:50:46.816963,99.121,99.121,8.9787e-07,2296
2025-11-11 18:50:46.822964,99.121,99.121,1.79806e-06,2039
2025-11-11 18:50:46.828795,99.121,99.121,8.9787e-07,2745
2025-11-11 18:50:46.834500,99.121,99.121,8.9787e-07,2633
2025-11-11 18:50:46.841043,99.121,99.121,6.75326e-06,2829
2025-11-11 18:50:46.846891,99.121,99.121,6.75326e-06,2819
2025-11-11 18:50:46.852970,99.121,99.121,6.75326e-06,2793
2025-11-11 18:50:46.858739,99.121,99.121,6.75326e-06,2622
2025-11-11 18:50:46.864433,99.121,99.121,8.9787e-07,2621
2025-11-11 18:50:46.870291,99.121,99.121,8.9787e-07,2489
2025-11-11 18:50:46.876832,99.121,99.121,6.75326e-06,2575
2025-11-11 18:50:46.882620,99.121,99.121,6.75326e-06,2565
2025-11-11 18:50:46.888384,99.121,99.121,8.9787e-07,2253
2025-11-11 18:50:46.894079,99.121,99.121,6.75326e-06,2431
2025-11-11 18:50:46.899642,99.121,99.121,4.12307e-06,2482
2025-11-11 18:50:46.905274,99.121,99.121,4.12307e-06,2445
2025-11-11 18:50:46.911622,99.121,99.121,4.12307e-06,2287
2025-11-11 18:50:46.917656,99.121,99.121,4.12307e-06,2110
2025-11-11 18:50:46.923600,99.121,99.121,1.05537e-05,1861
2025-11-11 18:50:46.929481,99.121,99.121,4.12307e-06,1940
2025-11-11 18:50:46.935402,99.121,99.121,6.75326e-06,2119
2025-11-11 18:50:46.941528,99.121,99.121,8.9787e-07,2340
2025-11-11 18:50:46.947445,99.121,99.121,8.9787e-07,2161
2025-11-11 18:50:46.953151,99.121,99.121,1.79806e-06,1652
2025-11-11 18:50:46.959026,99.121,99.121,1.79806e-06,1593
2025-11-11 18:50:46.964691,99.121,99.121,1.79806e-06,1112
2025-11-11 18:50:46.970147,99.121,99.121,7.58966e-06,1194
2025-11-11 18:50:46.976579,99.121,99.121,1.79806e-06,1395
2025-11-11 18:50:46.983003,99.121,99.121,8.9787e-07,1798
2025-11-11 18:50:46.988812,99.121,99.121,1.79806e-06,1381
2025-11-11 18:50:46.994449,99.121,99.121,7.58966e-06,1308
2025-11-11 18:50:46.999947,99.121,99.121,1.79806e-06,1407
2025-11-11 18:50:47.006003,99.121,99.121,8.9787e-07,2150
2025-11-11 18:50:47.011817,99.121,99.121,8.9787e-07,1870
2025-11-11 18:50:47.018068,99.121,99.121,8.9787e-07,1821
2025-11-11 18:50:47.024203,99.121,99.121,8.9787e-07,1718
2025-11-11 18:50:47.030079,99.121,99.121,1.79806e-06,1712
2025-11-11 18:50:47.035772,99.121,99.121,1.79806e-06,1646
2025-11-11 18:50:47.041943,99.121,99.121,1.79806e-06,1474
2025-11-11 18:50:47.047838,99.121,99.121,1.79806e-06,1438
2025-11-11 18:50:47.053700,99.121,99.121,7.58966e-06,1628
2025-11-11 18:50:47.059261,99.121,99.121,1.79806e-06,1634
2025-11-11 18:50:47.065190,99.121,99.121,7.58966e-06,1572
2025-11-11 18:50:47.070892,99.121,99.121,1.79806e-06,1426
2025-11-11 18:50:47.076737,99.121,99.121,1.79806e-06,1381
2025-11-11 18:50:47.082574,99.121,99.121,7.58966e-06,1491
2025-11-11 18:50:47.089370,99.121,99.121,1.79806e-06,1423
2025-11-11 18:50:47.095389,99.121,99.121,7.58966e-06,1916
2025-11-11 18:50:47.101573,99.121,99.121,4.26213e-07,1770
2025-11-11 18:50:47.107194,99.121,99.121,5.65361e-07,2343
2025-11-11 18:50:47.112856,99.121,99.121,5.65361e-07,2273
2025-11-11 18:50:47.118728,99.121,99.121,4.26213e-07,2022
2025-11-11 18:50:47.125541,99.121,99.121,4.26213e-07,1763
2025-11-11 18:50:47.131732,99.121,99.121,7.58966e-06,2086
2025-11-11 18:50:47.137598,99.121,99.121,7.58966e-06,2005
2025-11-11 18:50:47.143446,99.121,99.121,7.58966e-06,1608
2025-11-11 18:50:47.149293,99.121,99.121,1.79806e-06,1562
2025-11-11 18:50:47.155023,99.121,99.121,7.58966e-06,1852
2025-11-11 18:50:47.161018,99.121,99.121,4.26213e-07,1932
2025-11-11 18:50:47.167274,99.121,99.121,5.65361e-07,2148
2025-11-11 18:50:47.173149,99.121,99.121,4.26213e-07,2016
2025-11-11 18:50:47.178809,99.121,99.121,4.26213e-07,1827
2025-11-11 18:50:47.184352,99.121,99.121,4.26213e-07,1823
2025-11-11 18:50:47.190815,99.121,99.121,5.65361e-07,1915
2025-11-11 18:50:47.196677,99.121,99.121,3.66234e-06,2082
2025-11-11 18:50:47.202507,99.121,99.121,3.66234e-06,1922
2025-11-11 18:50:47.208212,99.121,99.121,5.65361e-07,2500
2025-11-11 18:50:47.213972,99.121,99.121,4.26213e-07,2678
2025-11-11 18:50:47.219651,99.121,99.121,4.26213e-07,2668
2025-11-11 18:50:47.226478,99.121,99.121,7.58966e-06,2743
2025-11-11 18:50:47.232830,99.121,99.121,1.79806e-06,2489
2025-11-11 18:50:47.238748,99.121,99.121,7.58966e-06,2450
2025-11-11 18:50:47.244644,99.121,99.121,1.79806e-06,2500
2025-11-11 18:50:47.250353,99.121,99.121,1.79806e-06,2307
2025-11-11 18:50:47.256211,99.121,99.121,1.79806e-06,2274
2025-11-11 18:50:47.262110,99.121,99.121,1.79806e-06,2223
2025-11-11 18:50:47.268215,99.121,99.121,7.58966e-06,2378
2025-11-11 18:50:47.274214,99.121,99.121,1.79806e-06,2057
2025-11-11 18:50:47.280212,99.121,99.121,8.9787e-07,2044
2025-11-11 18:50:47.286507,99.121,99.121,1.79806e-06,1970
2025-11-11 18:50:47.293296,99.121,99.121,1.79806e-06,1955
2025-11-11 18:50:47.299417,99.121,99.121,8.9787e-07,2154
2025-11-11 18:50:47.305292,99.121,99.121,6.75326e-06,1701
2025-11-11 18:50:47.310843,99.121,99.121,8.9787e-07,2037
2025-11-11 18:50:47.316435,99.121,99.121,1.79806e-06,1922
2025-11-11 18:50:47.322632,99.121,99.121,7.58966e-06,2248
2025-11-11 18:50:47.328845,99.121,99.121,7.58966e-06,2245
2025-11-11 18:50:47.334950,99.121,99.121,4.26213e-07,2083
2025-11-11 18:50:47.340621,99.121,99.121,7.58966e-06,2323
2025-11-11 18:50:47.346650,99.121,99.121,7.58966e-06,2311
2025-11-11 18:50:47.352584,99.121,99.121,1.79806e-06,2045
2025-11-11 18:50:47.358684,99.121,99.121,7.58966e-06,2678
2025-11-11 18:50:47.364785,99.121,99.121,4.26213e-07,2463
2025-11-11 18:50:47.370750,99.121,99.121,4.26213e-07,2091
2025-11-11 18:50:47.376435,99.121,99.121,7.58966e-06,2262
2025-11-11 18:50:47.382658,99.121,99.121,7.58966e-06,2244
2025-11-11 18:50:47.388555,99.121,99.121,7.58966e-06,2073
2025-11-11 18:50:47.394749,99.121,99.121,7.58966e-06,1728
2025-11-11 18:50:47.401039,99.121,99.121,1.79806e-06,1600
2025-11-11 18:50:47.406874,99.121,99.121,7.58966e-06,1657
2025-11-11 18:50:47.412741,99.121,99.121,4.26213e-07,1674
2025-11-11 18:50:47.418232,99.121,99.121,7.58966e-06,1602
2025-11-11 18:50:47.424797,99.121,99.121,4.26213e-07,2011
2025-11-11 18:50:47.430912,99.121,99.121,5.65361e-07,2569
2025-11-11 18:50:47.437055,99.121,99.121,5.65361e-07,2397
2025-11-11 18:50:47.442870,99.121,99.121,5.65361e-07,2333
2025-11-11 18:50:47.448714,99.121,99.121,5.65361e-07,2239
2025-11-11 18:50:47.454337,99.121,99.121,3.66234e-06,1968
2025-11-11 18:50:47.460071,99.121,99.121,5.65361e-07,2002
2025-11-11 18:50:47.465504,99.121,99.121,5.65361e-07,1957
2025-11-11 18:50:47.471177,99.121,99.121,5.65361e-07,1875
2025-11-11 18:50:47.478148,99.121,99.121,5.65361e-07,1814
2025-11-11 18:50:47.484635,99.121,99.121,3.66234e-06,1869
2025-11-11 18:50:47.490511,99.121,99.121,5.65361e-07,2229
2025-11-11 18:50:47.496205,99.121,99.121,5.65361e-07,2129
2025-11-11 18:50:47.501743,99.121,99.121,4.26213e-07,2187
2025-11-11 18:50:47.508155,99.121,99.121,4.26213e-07,1979
2025-11-11 18:50:47.514155,99.121,99.121,7.58966e-06,1784
2025-11-11 18:50:47.520026,99.121,99.121,1.79806e-06,1633
2025-11-11 18:50:47.525939,99.121,99.121,1.79806e-06,1555
2025-11-11 18:50:47.532158,99.121,99.121,7.58966e-06,1726
2025-11-11 18:50:47.537946,99.121,99.121,4.26213e-07,1788
2025-11-11 18:50:47.544407,99.121,99.121,7.58966e-06,1713
2025-11-11 18:50:47.550674,99.121,99.121,1.79806e-06,1598
2025-11-11 18:50:47.556494,99.121,99.121,7.58966e-06,1663
2025-11-11 18:50:47.562332,99.121,99.121,4.26213e-07,1699
2025-11-11 18:50:47.568279,99.121,99.121,5.65361e-07,2197
2025-11-11 18:50:47.574616,99.121,99.121,5.65361e-07,1603
2025-11-11 18:50:47.580587,99.121,99.121,5.65361e-07,1569
2025-11-11 18:50:47.586611,99.121,99.121,5.65361e-07,1399
2025-11-11 18:50:47.592351,99.121,99.121,5.65361e-07,1365
2025-11-11 18:50:47.598268,99.121,99.121,4.26213e-07,1225
2025-11-11 18:50:47.604097,99.121,99.121,7.58966e-06,1227
2025-11-11 18:50:47.610404,99.121,99.121,4.26213e-07,1487
2025-11-11 18:50:47.616702,99.121,99.121,5.65361e-07,1833
2025-11-11 18:50:47.622602,99.121,99.121,5.65361e-07,1719
2025-11-11 18:50:47.628437,99.121,99.121,5.65361e-07,1669
2025-11-11 18:50:47.634192,99.121,99.121,4.26213e-07,1240
2025-11-11 18:50:47.640564,99.121,99.121,5.65361e-07,1579
2025-11-11 18:50:47.646814,99.121,99.121,5.65361e-07,1548
2025-11-11 18:50:47.652629,99.121,99.121,4.26213e-07,1393
2025-11-11 18:50:47.658740,99.121,99.121,5.65361e-07,1483
2025-11-11 18:50:47.664865,99.121,99.121,3.66234e-06,1617
2025-11-11 18:50:47.670863,99.121,99.121,5.65361e-07,1457
2025-11-11 18:50:47.677029,99.121,99.121,4.26213e-07,1492
2025-11-11 18:50:47.683106,99.121,99.121,5.65361e-07,1500
2025-11-11 18:50:47.689027,99.121,99.121,3.66234e-06,1542
2025-11-11 18:50:47.694834,99.121,99.121,3.66234e-06,1532
2025-11-11 18:50:47.700303,99.121,99.121,6.02564e-07,1427
2025-11-11 18:50:47.706588,99.121,99.121,6.02564e-07,1382
2025-11-11 18:50:47.712477,99.121,99.121,3.66234e-06,2010
2025-11-11 18:50:47.718589,99.121,99.121,6.02564e-07,1406
2025-11-11 18:50:47.724600,99.121,99.121,3.66234e-06,1732
2025-11-11 18:50:47.730468,99.121,99.121,6.02564e-07,1959
2025-11-11 18:50:47.735961,99.121,99.121,5.46889e-06,2428
2025-11-11 18:50:47.742873,99.121,99.121,1.10944e-05,2399
2025-11-11 18:50:47.748987,99.121,99.121,5.46889e-06,2474
2025-11-11 18:50:47.754997,99.121,99.121,1.10944e-05,2396
2025-11-11 18:50:47.760791,99.121,99.121,1.10944e-05,2317
2025-11-11 18:50:47.766605,99.121,99.121,1.10944e-05,2067
2025-11-11 18:50:47.772926,99.121,99.121,5.46889e-06,2531
2025-11-11 18:50:47.778869,99.121,99.121,1.10944e-05,2085
2025-11-11 18:50:47.785162,99.121,99.121,2.65921e-06,2451
2025-11-11 18:50:47.791182,99.121,99.121,2.49226e-06,2877
2025-11-11 18:50:47.797098,99.121,99.121,2.49226e-06,2493
2025-11-11 18:50:47.802667,99.121,99.121,4.02432e-06,1968
2025-11-11 18:50:47.808322,99.121,99.121,2.49226e-06,2790
2025-11-11 18:50:47.814002,99.121,99.121,2.49226e-06,2623
2025-11-11 18:50:47.819521,99.121,99.121,2.49226e-06,2474
2025-11-11 18:50:47.826126,99.121,99.121,2.65921e-06,2506
2025-11-11 18:50:47.832238,99.121,99.121,2.65921e-06,1947
2025-11-11 18:50:47.838121,99.121,99.121,2.49226e-06,2066
2025-11-11 18:50:47.844350,99.121,99.121,2.65921e-06,2128
2025-11-11 18:50:47.850247,99.121,99.121,2.65921e-06,2017
2025-11-11 18:50:47.856436,99.121,99.121,2.65921e-06,2000
2025-11-11 18:50:47.862446,99.121,99.121,1.10944e-05,2123
2025-11-11 18:50:47.868850,99.121,99.121,1.10944e-05,1812
2025-11-11 18:50:47.875150,99.121,99.121,1.10944e-05,1712
2025-11-11 18:50:47.880975,99.121,99.121,2.65921e-06,1811
2025-11-11 18:50:47.886559,99.121,99.121,1.10944e-05,1887
2025-11-11 18:50:47.893061,99.121,99.121,5.46889e-06,2207
2025-11-11 18:50:47.899285,99.121,99.121,1.10944e-05,1917
2025-11-11 18:50:47.905194,99.121,99.121,5.46889e-06,2569
2025-11-11 18:50:47.911080,99.121,99.121,5.46889e-06,2275
2025-11-11 18:50:47.917040,99.121,99.121,6.02564e-07,2170
2025-11-11 18:50:47.923609,99.121,99.121,6.02564e-07,1697
2025-11-11 18:50:47.929745,99.121,99.121,3.66234e-06,1608
2025-11-11 18:50:47.935910,99.121,99.121,6.02564e-07,1693
2025-11-11 18:50:47.941858,99.121,99.121,3.66234e-06,1570
2025-11-11 18:50:47.948030,99.121,99.121,6.02564e-07,1712
2025-11-11 18:50:47.953951,99.121,99.121,3.66234e-06,1505
2025-11-11 18:50:47.960203,99.121,99.121,3.66234e-06,1475
2025-11-11 18:50:47.966163,99.121,99.121,6.02564e-07,1933
2025-11-11 18:50:47.972224,99.121,99.121,5.46889e-06,2027
2025-11-11 18:50:47.978447,99.121,99.121,6.02564e-07,1816
2025-11-11 18:50:47.984010,99.121,99.121,5.46889e-06,1943
2025-11-11 18:50:47.990158,99.121,99.121,5.46889e-06,1920
2025-11-11 18:50:47.996274,99.121,99.121,6.02564e-07,2024
2025-11-11 18:50:48.002306,99.121,99.121,5.46889e-06,1998
2025-11-11 18:50:48.008249,99.121,99.121,5.46889e-06,1777
2025-11-11 18:50:48.014040,99.121,99.121,1.10944e-05,1375
2025-11-11 18:50:48.019787,99.121,99.121,1.10944e-05,1275
2025-11-11 18:50:48.026212,99.121,99.121,5.46889e-06,1638
2025-11-11 18:50:48.032532,99.121,99.121,5.46889e-06,1591
2025-11-11 18:50:48.038668,99.121,99.121,5.46889e-06,1537
2025-11-11 18:50:48.044418,99.121,99.121,1.10944e-05,1623
2025-11-11 18:50:48.051967,99.121,99.121,1.10944e-05,1566
2025-11-11 18:50:48.058578,99.121,99.121,2.65921e-06,1649
2025-11-11 18:50:48.065050,99.121,99.121,1.10944e-05,1571
2025-11-11 18:50:48.071659,99.121,99.121,2.65921e-06,1905
2025-11-11 18:50:48.077743,99.121,99.121,2.65921e-06,1868
2025-11-11 18:50:48.083883,99.121,99.121,2.65921e-06,1820
2025-11-11 18:50:48.092702,99.121,99.121,2.65921e-06,1576
2025-11-11 18:50:48.099012,99.121,99.121,2.65921e-06,1545
2025-11-11 18:50:48.105259,99.121,99.121,2.65921e-06,1462
2025-11-11 18:50:48.111631,99.121,99.121,2.49226e-06,1539
2025-11-11 18:50:48.117725,99.121,99.121,4.02432e-06,1322
2025-11-11 18:50:48.123759,99.121,99.121,2.49226e-06,1379
2025-11-11 18:50:48.129579,99.121,99.121,4.02432e-06,1113
2025-11-11 18:50:48.135572,99.121,99.121,1.89416e-06,1133
2025-11-11 18:50:48.142144,99.121,99.121,1.89416e-06,1024
2025-11-11 18:50:48.148697,99.121,99.121,4.02432e-06,1151
2025-11-11 18:50:48.154793,99.121,99.121,2.49226e-06,1619
2025-11-11 18:50:48.160644,99.121,99.121,2.65921e-06,1913
2025-11-11 18:50:48.166734,99.121,99.121,1.10944e-05,1881
2025-11-11 18:50:48.173309,99.121,99.121,1.10944e-05,1709
2025-11-11 18:50:48.179641,99.121,99.121,1.10944e-05,1535
2025-11-11 18:50:48.186210,99.121,99.121,2.65921e-06,1710
2025-11-11 18:50:48.192573,99.121,99.121,2.65921e-06,1577
2025-11-11 18:50:48.198684,99.121,99.121,1.10944e-05,1589
2025-11-11 18:50:48.204958,99.121,99.121,2.65921e-06,1908
2025-11-11 18:50:48.211601,99.121,99.121,1.10944e-05,1599
2025-11-11 18:50:48.218216,99.121,99.121,5.46889e-06,2111
2025-11-11 18:50:48.224366,99.121,99.121,5.46889e-06,1941
2025-11-11 18:50:48.230980,99.121,99.121,5.46889e-06,1675
2025-11-11 18:50:48.237039,99.121,99.121,1.10944e-05,1473
2025-11-11 18:50:48.243773,99.121,99.121,5.46889e-06,2470
2025-11-11 18:50:48.250336,99.121,99.121,6.02564e-07,2660
2025-11-11 18:50:48.256704,99.121,99.121,6.02564e-07,2414
2025-11-11 18:50:48.262826,99.121,99.121,6.02564e-07,2350
2025-11-11 18:50:48.268608,99.121,99.121,5.46889e-06,2315
2025-11-11 18:50:48.275487,99.121,99.121,5.46889e-06,2216
2025-11-11 18:50:48.281795,99.121,99.121,5.46889e-06,1941
2025-11-11 18:50:48.288051,99.121,99.121,5.46889e-06,1570
2025-11-11 18:50:48.294310,99.121,99.121,6.02564e-07,1575
2025-11-11 18:50:48.300397,99.121,99.121,6.02564e-07,1520
2025-11-11 18:50:48.306911,99.121,99.121,3.66234e-06,1605
2025-11-11 18:50:48.313307,99.121,99.121,6.02564e-07,1695
2025-11-11 18:50:48.319578,99.121,99.121,5.46889e-06,1672
2025-11-11 18:50:48.325790,99.121,99.121,6.02564e-07,1657
2025-11-11 18:50:48.332225,99.121,99.121,6.02564e-07,1595
2025-11-11 18:50:48.338189,99.121,99.121,3.66234e-06,1236
2025-11-11 18:50:48.344819,99.121,99.121,3.66234e-06,1218
2025-11-11 18:50:48.351673,99.121,99.121,6.02564e-07,1444
2025-11-11 18:50:48.358476,99.121,99.121,5.46889e-06,1566
2025-11-11 18:50:48.364762,99.121,99.121,1.10944e-05,1609
2025-11-11 18:50:48.370792,99.121,99.121,1.10944e-05,1464
2025-11-11 18:50:48.377468,99.121,99.121,2.65921e-06,1556
2025-11-11 18:50:48.384106,99.121,99.121,2.49226e-06,1432
2025-11-11 18:50:48.390430,99.121,99.121,2.49226e-06,1318
2025-11-11 18:50:48.396777,99.121,99.121,2.49226e-06,1098
2025-11-11 18:50:48.402781,99.121,99.121,2.65921e-06,1473
2025-11-11 18:50:48.409004,99.121,99.121,2.65921e-06,1444
2025-11-11 18:50:48.415068,99.121,99.121,2.65921e-06,1251
2025-11-11 18:50:48.421131,99.121,99.121,2.65921e-06,1065
2025-11-11 18:50:48.426968,99.121,99.121,1.10944e-05,1192
2025-11-11 18:50:48.432727,99.121,99.121,1.10944e-05,962
2025-11-11 18:50:48.438446,99.121,99.121,1.10944e-05,881
2025-11-11 18:50:48.446401,99.121,99.121,1.10944e-05,831
2025-11-11 18:50:48.452970,99.121,99.121,5.46889e-06,1163
2025-11-11 18:50:48.459285,99.121,99.121,5.46889e-06,1014
2025-11-11 18:50:48.465357,99.121,99.121,6.02564e-07,1200
2025-11-11 18:50:48.471209,99.121,99.121,3.66234e-06,1474
2025-11-11 18:50:48.477335,99.121,99.121,3.66234e-06,1270
2025-11-11 18:50:48.483479,99.121,99.121,4.2277e-06,1347
2025-11-11 18:50:48.489377,99.121,99.121,4.26213e-07,1514
2025-11-11 18:50:48.495321,99.121,99.121,4.26213e-07,1229
2025-11-11 18:50:48.501062,99.121,99.121,4.2277e-06,1182
2025-11-11 18:50:48.506789,99.121,99.121,4.26213e-07,1338
2025-11-11 18:50:48.512705,99.121,99.121,7.58966e-06,2155
2025-11-11 18:50:48.518243,99.121,99.121,7.58966e-06,2053
2025-11-11 18:50:48.524763,99.121,99.121,7.58966e-06,1965
2025-11-11 18:50:48.531147,99.121,99.121,7.58966e-06,1745
2025-11-11 18:50:48.536964,99.121,99.121,7.58966e-06,1664
2025-11-11 18:50:48.542930,99.121,99.121,1.79806e-06,1855
2025-11-11 18:50:48.548900,99.121,99.121,7.58966e-06,1815
2025-11-11 18:50:48.555042,99.121,99.121,4.26213e-07,1650
2025-11-11 18:50:48.561188,99.121,99.121,7.58966e-06,1632
2025-11-11 18:50:48.568348,99.121,99.121,7.58966e-06,1596
2025-11-11 18:50:48.574424,99.121,99.121,7.58966e-06,1591
2025-11-11 18:50:48.580397,99.121,99.121,4.26213e-07,1603
2025-11-11 18:50:48.585921,99.121,99.121,7.58966e-06,1693
2025-11-11 18:50:48.592751,99.121,99.121,7.58966e-06,1588
2025-11-11 18:50:48.599122,99.121,99.121,7.58966e-06,1516
2025-11-11 18:50:48.605138,99.121,99.121,4.26213e-07,1746
2025-11-11 18:50:48.610860,99.121,99.121,4.26213e-07,1704
2025-11-11 18:50:48.617054,99.121,99.121,4.26213e-07,1646
2025-11-11 18:50:48.623925,99.121,99.121,7.58966e-06,1541
2025-11-11 18:50:48.630227,99.121,99.121,4.26213e-07,1626
2025-11-11 18:50:48.636266,99.121,99.121,4.26213e-07,1608
2025-11-11 18:50:48.642297,99.121,99.121,4.2277e-06,1432
2025-11-11 18:50:48.648635,99.121,99.121,6.02564e-07,1633
2025-11-11 18:50:48.654856,99.121,99.121,4.2277e-06,1510
2025-11-11 18:50:48.661188,99.121,99.121,4.2277e-06,1443
2025-11-11 18:50:48.667562,99.121,99.121,6.02564e-07,1334
2025-11-11 18:50:48.673746,99.121,99.121,5.46889e-06,1186
2025-11-11 18:50:48.679708,99.121,99.121,6.02564e-07,1065
2025-11-11 18:50:48.685418,99.121,99.121,5.46889e-06,1223
2025-11-11 18:50:48.692214,99.121,99.121,1.10944e-05,1303
2025-11-11 18:50:48.698428,99.121,99.121,5.46889e-06,1256
2025-11-11 18:50:48.704544,99.121,99.121,1.10944e-05,1284
2025-11-11 18:50:48.710434,99.121,99.121,1.65633e-05,1178
2025-11-11 18:50:48.716324,99.121,99.121,2.65921e-06,1165
2025-11-11 18:50:48.722275,99.121,99.121,2.49226e-06,859
2025-11-11 18:50:48.728564,99.121,99.121,2.49226e-06,802
2025-11-11 18:50:48.734978,99.121,99.121,4.02432e-06,1234
2025-11-11 18:50:48.740875,99.121,99.121,1.89416e-06,1528
2025-11-11 18:50:48.746767,99.121,99.121,3.08098e-06,1880
2025-11-11 18:50:48.752727,99.121,99.121,3.08098e-06,1761
2025-11-11 18:50:48.759249,99.121,99.121,1.54481e-07,2031
2025-11-11 18:50:48.765611,99.121,99.121,3.08098e-06,1757
2025-11-11 18:50:48.771620,99.121,99.121,3.08098e-06,1414
2025-11-11 18:50:48.778026,99.121,99.121,1.89416e-06,1779
2025-11-11 18:50:48.783827,99.121,99.121,1.89416e-06,1778
2025-11-11 18:50:48.790158,99.121,99.121,1.89416e-06,1668
2025-11-11 18:50:48.796202,99.121,99.121,4.02432e-06,1528
2025-11-11 18:50:48.802435,99.121,99.121,4.02432e-06,1371
2025-11-11 18:50:48.808449,99.121,99.121,1.89416e-06,1238
2025-11-11 18:50:48.814372,99.121,99.121,4.02432e-06,1226
2025-11-11 18:50:48.820049,99.121,99.121,1.89416e-06,1411
2025-11-11 18:50:48.825663,99.121,99.121,1.89416e-06,1351
2025-11-11 18:50:48.831698,99.121,99.121,1.89416e-06,1273
2025-11-11 18:50:48.837284,99.121,99.121,3.08098e-06,1243
2025-11-11 18:50:48.844060,99.121,99.121,1.89416e-06,1170
2025-11-11 18:50:48.850581,99.121,99.121,3.08098e-06,1188
2025-11-11 18:50:48.856535,99.121,99.121,1.89416e-06,1399
2025-11-11 18:50:48.862476,99.121,99.121,4.02432e-06,1242
2025-11-11 18:50:48.868293,99.121,99.121,2.49226e-06,1044
2025-11-11 18:50:48.875193,99.121,99.121,2.65921e-06,1509
2025-11-11 18:50:48.881644,99.121,99.121,1.65633e-05,1469
2025-11-11 18:50:48.887669,99.121,99.121,1.65633e-05,1383
2025-11-11 18:50:48.893494,99.121,99.121,2.65921e-06,1406
2025-11-11 18:50:48.899267,99.121,99.121,2.49226e-06,972
2025-11-11 18:50:48.905147,99.121,99.121,4.02432e-06,1289
2025-11-11 18:50:48.911408,99.121,99.121,1.89416e-06,1503
2025-11-11 18:50:48.917825,99.121,99.121,1.89416e-06,1315
2025-11-11 18:50:48.923682,99.121,99.121,4.02432e-06,1126
2025-11-11 18:50:48.929626,99.121,99.121,4.02432e-06,1075
2025-11-11 18:50:48.935470,99.121,99.121,2.49226e-06,736
2025-11-11 18:50:48.941836,99.121,99.121,4.02432e-06,1314
2025-11-11 18:50:48.948031,99.121,99.121,4.02432e-06,1299
2025-11-11 18:50:48.954227,99.121,99.121,4.02432e-06,708
2025-11-11 18:50:48.960090,99.121,99.121,2.49226e-06,947
2025-11-11 18:50:48.965939,99.121,99.121,2.65921e-06,1344
2025-11-11 18:50:48.972640,99.121,99.121,2.65921e-06,1329
2025-11-11 18:50:48.978691,99.121,99.121,1.65633e-05,1567
2025-11-11 18:50:48.985285,99.121,99.121,6.02564e-07,1666
2025-11-11 18:50:48.991263,99.121,99.121,6.02564e-07,1598
2025-11-11 18:50:48.997161,99.121,99.121,1.65633e-05,1527
2025-11-11 18:50:49.002807,99.121,99.121,1.65633e-05,1474
2025-11-11 18:50:49.009234,99.121,99.121,6.02564e-07,1665
2025-11-11 18:50:49.015546,99.121,99.121,4.2277e-06,1722
2025-11-11 18:50:49.021703,99.121,99.121,6.02564e-07,1730
2025-11-11 18:50:49.031511,99.121,99.121,1.65633e-05,1643
2025-11-11 18:50:49.037518,99.121,99.121,1.65633e-05,1597
2025-11-11 18:50:49.044158,99.121,99.121,2.65921e-06,1872
2025-11-11 18:50:49.050395,99.121,99.121,2.65921e-06,1818
2025-11-11 18:50:49.056316,99.121,99.121,2.65921e-06,1380
2025-11-11 18:50:49.062216,99.121,99.121,2.65921e-06,1308
2025-11-11 18:50:49.068202,99.121,99.121,1.65633e-05,1264
2025-11-11 18:50:49.074994,99.121,99.121,6.02564e-07,1394
2025-11-11 18:50:49.081623,99.121,99.121,6.02564e-07,1345
2025-11-11 18:50:49.088396,99.121,99.121,4.2277e-06,1749
2025-11-11 18:50:49.094675,99.121,99.121,4.2277e-06,1738
2025-11-11 18:50:49.100752,99.121,99.121,4.26213e-07,1960
2025-11-11 18:50:49.106806,99.121,99.121,4.26213e-07,1615
2025-11-11 18:50:49.113108,99.121,99.121,4.26213e-07,1489
2025-11-11 18:50:49.119353,99.121,99.121,4.26213e-07,1196
2025-11-11 18:50:49.125477,99.121,99.121,4.26213e-07,1151
2025-11-11 18:50:49.131397,99.121,99.121,4.2277e-06,1528
2025-11-11 18:50:49.136981,99.121,99.121,4.2277e-06,1449
2025-11-11 18:50:49.143879,99.121,99.121,4.26213e-07,1289
2025-11-11 18:50:49.150340,99.121,99.121,7.58966e-06,1915
2025-11-11 18:50:49.156359,99.121,99.121,7.58966e-06,1802
2025-11-11 18:50:49.162307,99.121,99.121,1.79806e-06,1906
2025-11-11 18:50:49.167911,99.121,99.121,1.79806e-06,1751
2025-11-11 18:50:49.174704,99.121,99.121,7.58966e-06,2015
2025-11-11 18:50:49.181025,99.121,99.121,7.58966e-06,1842
2025-11-11 18:50:49.187360,99.121,99.121,7.58966e-06,1606
2025-11-11 18:50:49.193627,99.121,99.121,7.58966e-06,1580
2025-11-11 18:50:49.199844,99.121,99.121,7.58966e-06,1474
2025-11-11 18:50:49.205648,99.121,99.121,1.79806e-06,1734
2025-11-11 18:50:49.211193,99.121,99.121,7.58966e-06,1744
2025-11-11 18:50:49.216944,99.121,99.121,4.26213e-07,1866
2025-11-11 18:50:49.223402,99.121,99.121,7.58966e-06,1748
2025-11-11 18:50:49.229719,99.121,99.121,7.58966e-06,1632
2025-11-11 18:50:49.236000,99.121,99.121,7.58966e-06,1599
2025-11-11 18:50:49.242010,99.121,99.121,4.26213e-07,1435
2025-11-11 18:50:49.248057,99.121,99.121,7.58966e-06,2375
2025-11-11 18:50:49.253639,99.121,99.121,7.58966e-06,2251
2025-11-11 18:50:49.260270,99.121,99.121,1.79806e-06,2510
2025-11-11 18:50:49.266672,99.121,99.121,8.9787e-07,3037
2025-11-11 18:50:49.272777,99.121,99.121,4.8446e-07,2531
2025-11-11 18:50:49.279061,99.121,99.121,4.8446e-07,2520
2025-11-11 18:50:49.284962,99.121,99.121,4.8446e-07,2503
2025-11-11 18:50:49.291871,99.121,99.121,6.2688e-06,2522
2025-11-11 18:50:49.298362,99.121,99.121,6.2688e-06,2508
2025-11-11 18:50:49.304617,99.121,99.121,4.8446e-07,2767
2025-11-11 18:50:49.310503,99.121,99.121,4.8446e-07,2665
2025-11-11 18:50:49.316436,99.121,99.121,4.8446e-07,2649
2025-11-11 18:50:49.322874,99.121,99.121,6.2688e-06,2514
2025-11-11 18:50:49.329117,99.121,99.121,6.2688e-06,2488
2025-11-11 18:50:49.335690,99.121,99.121,6.2688e-06,2396
2025-11-11 18:50:49.341633,99.121,99.121,4.8446e-07,2685
2025-11-11 18:50:49.347701,99.121,99.121,4.8446e-07,2550
2025-11-11 18:50:49.353938,99.121,99.121,8.9787e-07,3358
2025-11-11 18:50:49.360465,99.121,99.121,8.9787e-07,3071
2025-11-11 18:50:49.366630,99.121,99.121,8.9787e-07,2904
2025-11-11 18:50:49.372596,99.121,99.121,8.9787e-07,2743
2025-11-11 18:50:49.378787,99.121,99.121,8.9787e-07,2675
2025-11-11 18:50:49.384524,99.121,99.121,8.9787e-07,2277
2025-11-11 18:50:49.390861,99.121,99.121,4.8446e-07,1937
2025-11-11 18:50:49.397164,99.121,99.121,8.9787e-07,2741
2025-11-11 18:50:49.403144,99.121,99.121,1.79806e-06,2937
2025-11-11 18:50:49.409352,99.121,99.121,8.9787e-07,2930
2025-11-11 18:50:49.415274,99.121,99.121,1.79806e-06,2995
2025-11-11 18:50:49.421184,99.121,99.121,1.79806e-06,2916
2025-11-11 18:50:49.427311,99.121,99.121,1.79806e-06,2888
2025-11-11 18:50:49.433680,99.121,99.121,8.9787e-07,2943
2025-11-11 18:50:49.439627,99.121,99.121,8.9787e-07,2510
2025-11-11 18:50:49.445521,99.121,99.121,4.8446e-07,2190
2025-11-11 18:50:49.451198,99.121,99.121,6.2688e-06,2175
2025-11-11 18:50:49.457646,99.121,99.121,6.2688e-06,2155
2025-11-11 18:50:49.463929,99.121,99.121,4.8446e-07,2025
2025-11-11 18:50:49.470181,99.121,99.121,4.8446e-07,1948
2025-11-11 18:50:49.476257,99.121,99.121,8.9787e-07,2360
2025-11-11 18:50:49.482254,99.121,99.121,4.8446e-07,1903
2025-11-11 18:50:49.489080,99.121,99.121,6.2688e-06,1991
2025-11-11 18:50:49.495562,99.121,99.121,4.8446e-07,1989
2025-11-11 18:50:49.501870,99.121,99.121,4.8446e-07,1976
2025-11-11 18:50:49.507802,99.121,99.121,8.9787e-07,2636
2025-11-11 18:50:49.513908,99.121,99.121,4.8446e-07,2057
2025-11-11 18:50:49.519720,99.121,99.121,6.2688e-06,1998
2025-11-11 18:50:49.526247,99.121,99.121,4.8446e-07,2335
2025-11-11 18:50:49.532574,99.121,99.121,8.9787e-07,2763
2025-11-11 18:50:49.538450,99.121,99.121,8.9787e-07,2702
2025-11-11 18:50:49.544232,99.121,99.121,4.8446e-07,2678
2025-11-11 18:50:49.550259,99.121,99.121,4.8446e-07,2556
2025-11-11 18:50:49.555955,99.121,99.121,4.8446e-07,2430
2025-11-11 18:50:49.561579,99.121,99.121,6.2688e-06,2386
2025-11-11 18:50:49.567470,99.121,99.121,6.2688e-06,2323
2025-11-11 18:50:49.574384,99.121,99.121,6.2688e-06,2209
2025-11-11 18:50:49.580460,99.121,99.121,4.8446e-07,2489
2025-11-11 18:50:49.586349,99.121,99.121,6.2688e-06,2200
2025-11-11 18:50:49.592754,99.121,99.121,4.8446e-07,2158
2025-11-11 18:50:49.598938,99.121,99.121,4.8446e-07,2039
2025-11-11 18:50:49.605126,99.121,99.121,4.8446e-07,2029
2025-11-11 18:50:49.611498,99.121,99.121,6.2688e-06,2170
2025-11-11 18:50:49.618104,99.121,99.121,4.12307e-06,1750
2025-11-11 18:50:49.624492,99.121,99.121,6.2688e-06,2400
2025-11-11 18:50:49.630557,99.121,99.121,6.2688e-06,2162
2025-11-11 18:50:49.636636,99.121,99.121,4.8446e-07,2221
2025-11-11 18:50:49.643207,99.121,99.121,4.8446e-07,2185
2025-11-11 18:50:49.649309,99.121,99.121,6.2688e-06,2277
2025-11-11 18:50:49.655387,99.121,99.121,6.2688e-06,2274
2025-11-11 18:50:49.661575,99.121,99.121,4.12307e-06,1764
2025-11-11 18:50:49.667519,99.121,99.121,4.11456e-06,1967
2025-11-11 18:50:49.673989,99.121,99.121,4.12307e-06,1736
2025-11-11 18:50:49.680365,99.121,99.121,4.12307e-06,1722
2025-11-11 18:50:49.686382,99.121,99.121,6.2688e-06,2421
2025-11-11 18:50:49.692776,99.121,99.121,4.12307e-06,1827
2025-11-11 18:50:49.698993,99.121,99.121,4.11456e-06,2082
2025-11-11 18:50:49.704918,99.121,99.121,4.12307e-06,1892
2025-11-11 18:50:49.711289,99.121,99.121,6.2688e-06,2246
2025-11-11 18:50:49.717710,99.121,99.121,4.12307e-06,1809
2025-11-11 18:50:49.723818,99.121,99.121,4.11456e-06,1801
2025-11-11 18:50:49.730076,99.121,99.121,4.11456e-06,1776
2025-11-11 18:50:49.735982,99.121,99.121,4.11456e-06,1683
2025-11-11 18:50:49.742311,99.121,99.121,1.31929e-06,1733
2025-11-11 18:50:49.748809,99.121,99.121,5.11981e-06,1711
2025-11-11 18:50:49.754915,99.121,99.121,1.31929e-06,1729
2025-11-11 18:50:49.760815,99.121,99.121,4.11456e-06,1943
2025-11-11 18:50:49.766838,99.121,99.121,1.31929e-06,1406
2025-11-11 18:50:49.773317,99.121,99.121,1.31929e-06,1381
2025-11-11 18:50:49.779430,99.121,99.121,5.11981e-06,1578
2025-11-11 18:50:49.785772,99.121,99.121,5.11981e-06,1550
2025-11-11 18:50:49.791641,99.121,99.121,5.11981e-06,1532
2025-11-11 18:50:49.798217,99.121,99.121,5.11981e-06,1441
2025-11-11 18:50:49.804221,99.121,99.121,1.31929e-06,1472
2025-11-11 18:50:49.810944,99.121,99.121,1.31929e-06,1443
2025-11-11 18:50:49.817710,99.121,99.121,4.11456e-06,1886
2025-11-11 18:50:49.823850,99.121,99.121,1.31929e-06,1519
2025-11-11 18:50:49.829863,99.121,99.121,4.11456e-06,2238
2025-11-11 18:50:49.835742,99.121,99.121,4.12307e-06,2309
2025-11-11 18:50:49.842104,99.121,99.121,4.11456e-06,2251
2025-11-11 18:50:49.848315,99.121,99.121,4.12307e-06,2420
2025-11-11 18:50:49.854472,99.121,99.121,1.03919e-05,3137
2025-11-11 18:50:49.860376,99.121,99.121,1.03919e-05,3007
2025-11-11 18:50:49.866417,99.121,99.121,1.03919e-05,2828
2025-11-11 18:50:49.872695,99.121,99.121,4.8446e-07,2556
2025-11-11 18:50:49.878818,99.121,99.121,8.9787e-07,3383
2025-11-11 18:50:49.885176,99.121,99.121,8.9787e-07,3292
2025-11-11 18:50:49.891240,99.121,99.121,8.9787e-07,3258
2025-11-11 18:50:49.897221,99.121,99.121,8.9787e-07,3188
2025-11-11 18:50:49.903192,99.121,99.121,1.79806e-06,3131
2025-11-11 18:50:49.909401,99.121,99.121,1.79806e-06,3116
2025-11-11 18:50:49.915191,99.121,99.121,1.79806e-06,3076
2025-11-11 18:50:49.921118,99.121,99.121,7.58966e-06,2535
2025-11-11 18:50:49.927576,99.121,99.121,7.58966e-06,2449
2025-11-11 18:50:49.934211,99.121,99.121,7.58966e-06,2108
2025-11-11 18:50:49.940479,99.121,99.121,7.58966e-06,2073
2025-11-11 18:50:49.946498,99.121,99.121,1.79806e-06,2631
2025-11-11 18:50:49.952226,99.121,99.121,7.58966e-06,2096
2025-11-11 18:50:49.958976,99.121,99.121,7.58966e-06,1857
2025-11-11 18:50:49.965290,99.121,99.121,4.26213e-07,1905
2025-11-11 18:50:49.971346,99.121,99.121,4.26213e-07,1850
2025-11-11 18:50:49.977962,99.121,99.121,4.2277e-06,2122
2025-11-11 18:50:49.984092,99.121,99.121,4.2277e-06,2101
2025-11-11 18:50:49.990534,99.121,99.121,4.2277e-06,2000
2025-11-11 18:50:49.996924,99.121,99.121,4.26213e-07,1822
2025-11-11 18:50:50.003245,99.121,99.121,4.26213e-07,1781
2025-11-11 18:50:50.009428,99.121,99.121,4.2277e-06,1985
2025-11-11 18:50:50.015710,99.121,99.121,4.2277e-06,1746
2025-11-11 18:50:50.022843,99.121,99.121,4.26213e-07,1704
2025-11-11 18:50:50.029353,99.121,99.121,7.58966e-06,1561
2025-11-11 18:50:50.035842,99.121,99.121,4.26213e-07,1889
2025-11-11 18:50:50.041999,99.121,99.121,4.26213e-07,1743
2025-11-11 18:50:50.048168,99.121,99.121,7.58966e-06,1597
2025-11-11 18:50:50.053964,99.121,99.121,7.58966e-06,1596
2025-11-11 18:50:50.060446,99.121,99.121,1.79806e-06,2060
2025-11-11 18:50:50.066698,99.121,99.121,7.58966e-06,1812
2025-11-11 18:50:50.072999,99.121,99.121,4.26213e-07,1858
2025-11-11 18:50:50.079147,99.121,99.121,7.58966e-06,1607
2025-11-11 18:50:50.085136,99.121,99.121,7.58966e-06,1343
2025-11-11 18:50:50.092767,99.121,99.121,4.26213e-07,1538
2025-11-11 18:50:50.098896,99.121,99.121,4.2277e-06,1664
2025-11-11 18:50:50.105286,99.121,99.121,6.02564e-07,1141
2025-11-11 18:50:50.111639,99.121,99.121,4.2277e-06,1748
2025-11-11 18:50:50.117468,99.121,99.121,6.02564e-07,1235
2025-11-11 18:50:50.123976,99.121,99.121,1.65633e-05,1581
2025-11-11 18:50:50.130230,99.121,99.121,2.65921e-06,1572
2025-11-11 18:50:50.136454,99.121,99.121,1.65633e-05,2011
2025-11-11 18:50:50.142708,99.121,99.121,1.65633e-05,1873
2025-11-11 18:50:50.148857,99.121,99.121,1.65633e-05,1815
2025-11-11 18:50:50.154927,99.121,99.121,1.65633e-05,1741
2025-11-11 18:50:50.161409,99.121,99.121,6.02564e-07,1394
2025-11-11 18:50:50.167867,99.121,99.121,6.02564e-07,1208
2025-11-11 18:50:50.173752,99.121,99.121,1.65633e-05,1133
2025-11-11 18:50:50.179849,99.121,99.121,1.65633e-05,1091
2025-11-11 18:50:50.185945,99.121,99.121,1.65633e-05,881
2025-11-11 18:50:50.192789,99.121,99.121,6.02564e-07,1188
2025-11-11 18:50:50.199154,99.121,99.121,1.65633e-05,1423
2025-11-11 18:50:50.205590,99.121,99.121,1.65633e-05,1001
2025-11-11 18:50:50.211840,99.121,99.121,6.02564e-07,1363
2025-11-11 18:50:50.217722,99.121,99.121,6.02564e-07,1205
2025-11-11 18:50:50.224986,99.121,99.121,4.2277e-06,2044
2025-11-11 18:50:50.232511,99.121,99.121,4.26213e-07,2161
2025-11-11 18:50:50.238868,99.121,99.121,4.26213e-07,2123
2025-11-11 18:50:50.244951,99.121,99.121,7.58966e-06,1985
2025-11-11 18:50:50.250986,99.121,99.121,7.58966e-06,1962
2025-11-11 18:50:50.256925,99.121,99.121,1.79806e-06,2285
2025-11-11 18:50:50.262652,99.121,99.121,7.58966e-06,1974
2025-11-11 18:50:50.268332,99.121,99.121,4.26213e-07,2149
2025-11-11 18:50:50.275159,99.121,99.121,7.58966e-06,1996
2025-11-11 18:50:50.281431,99.121,99.121,1.79806e-06,2816
2025-11-11 18:50:50.288038,99.121,99.121,8.9787e-07,2951
2025-11-11 18:50:50.294218,99.121,99.121,8.9787e-07,2792
2025-11-11 18:50:50.300432,99.121,99.121,8.9787e-07,2688
2025-11-11 18:50:50.307123,99.121,99.121,8.9787e-07,2324
2025-11-11 18:50:50.313885,99.121,99.121,4.8446e-07,1904
2025-11-11 18:50:50.319945,99.121,99.121,1.03919e-05,1802
2025-11-11 18:50:50.326149,99.121,99.121,4.11456e-06,2112
2025-11-11 18:50:50.332184,99.121,99.121,1.03919e-05,2043
2025-11-11 18:50:50.338992,99.121,99.121,4.11456e-06,2091
2025-11-11 18:50:50.345443,99.121,99.121,1.03919e-05,2100
2025-11-11 18:50:50.352041,99.121,99.121,4.8446e-07,2571
2025-11-11 18:50:50.358185,99.121,99.121,4.8446e-07,2449
2025-11-11 18:50:50.364268,99.121,99.121,4.8446e-07,2267
2025-11-11 18:50:50.370726,99.121,99.121,8.9787e-07,2411
2025-11-11 18:50:50.377080,99.121,99.121,1.79806e-06,2988
2025-11-11 18:50:50.383280,99.121,99.121,1.79806e-06,2813
2025-11-11 18:50:50.389955,99.121,99.121,1.79806e-06,2753
2025-11-11 18:50:50.396255,99.121,99.121,1.79806e-06,2627
2025-11-11 18:50:50.402075,99.121,99.121,7.58966e-06,1984
2025-11-11 18:50:50.408661,99.121,99.121,1.79806e-06,2572
2025-11-11 18:50:50.415332,99.121,99.121,1.79806e-06,2505
2025-11-11 18:50:50.421603,99.121,99.121,1.79806e-06,2360
2025-11-11 18:50:50.428331,99.121,99.121,1.79806e-06,2295
2025-11-11 18:50:50.434463,99.121,99.121,8.9787e-07,2204
2025-11-11 18:50:50.441221,99.121,99.121,8.9787e-07,2147
2025-11-11 18:50:50.447327,99.121,99.121,1.79806e-06,2224
2025-11-11 18:50:50.453467,99.121,99.121,8.9787e-07,2037
2025-11-11 18:50:50.459565,99.121,99.121,1.79806e-06,2185
2025-11-11 18:50:50.465652,99.121,99.121,8.9787e-07,2333
2025-11-11 18:50:50.471872,99.121,99.121,1.79806e-06,2271
2025-11-11 18:50:50.478190,99.121,99.121,7.58966e-06,1861
2025-11-11 18:50:50.484640,99.121,99.121,1.79806e-06,2277
2025-11-11 18:50:50.490574,99.121,99.121,1.79806e-06,2195
2025-11-11 18:50:50.496576,99.121,99.121,7.58966e-06,1993
2025-11-11 18:50:50.502457,99.121,99.121,7.58966e-06,1955
2025-11-11 18:50:50.509400,99.121,99.121,4.26213e-07,1807
2025-11-11 18:50:50.516075,99.121,99.121,7.58966e-06,2184
2025-11-11 18:50:50.522529,99.121,99.121,1.79806e-06,2652
2025-11-11 18:50:50.528675,99.121,99.121,1.79806e-06,2467
2025-11-11 18:50:50.534443,99.121,99.121,1.79806e-06,2358
2025-11-11 18:50:50.540791,99.121,99.121,7.58966e-06,1880
2025-11-11 18:50:50.546947,99.121,99.121,1.79806e-06,2233
2025-11-11 18:50:50.552996,99.121,99.121,7.58966e-06,1922
2025-11-11 18:50:50.559101,99.121,99.121,7.58966e-06,1829
2025-11-11 18:50:50.565337,99.121,99.121,7.58966e-06,1808
2025-11-11 18:50:50.571553,99.121,99.121,4.26213e-07,1513
2025-11-11 18:50:50.578276,99.121,99.121,7.58966e-06,1839
2025-11-11 18:50:50.584828,99.121,99.121,4.26213e-07,1760
2025-11-11 18:50:50.591082,99.121,99.121,4.26213e-07,1531
2025-11-11 18:50:50.597219,99.121,99.121,4.26213e-07,1363
2025-11-11 18:50:50.603336,99.121,99.121,7.58966e-06,1697
2025-11-11 18:50:50.609441,99.121,99.121,1.79806e-06,2234
2025-11-11 18:50:50.615750,99.121,99.121,8.9787e-07,2403
2025-11-11 18:50:50.621927,99.121,99.121,8.9787e-07,2376
2025-11-11 18:50:50.628117,99.121,99.121,4.8446e-07,2370
2025-11-11 18:50:50.634569,99.121,99.121,1.03919e-05,2427
2025-11-11 18:50:50.640658,99.121,99.121,1.03919e-05,2358
2025-11-11 18:50:50.646591,99.121,99.121,4.8446e-07,2422
2025-11-11 18:50:50.652321,99.121,99.121,4.8446e-07,2223
2025-11-11 18:50:50.658885,99.121,99.121,8.9787e-07,2804
2025-11-11 18:50:50.665504,99.121,99.121,1.79806e-06,2592
2025-11-11 18:50:50.671565,99.121,99.121,1.79806e-06,2505
2025-11-11 18:50:50.677642,99.121,99.121,7.58966e-06,2313
2025-11-11 18:50:50.683664,99.121,99.121,4.26213e-07,1916
2025-11-11 18:50:50.689948,99.121,99.121,4.26213e-07,1790
2025-11-11 18:50:50.696305,99.121,99.121,4.26213e-07,1788
2025-11-11 18:50:50.702881,99.121,99.121,4.2277e-06,2024
2025-11-11 18:50:50.709068,99.121,99.121,4.2277e-06,1988
2025-11-11 18:50:50.715497,99.121,99.121,4.2277e-06,1884
2025-11-11 18:50:50.721840,99.121,99.121,6.02564e-07,1588
2025-11-11 18:50:50.728482,99.121,99.121,4.2277e-06,2002
2025-11-11 18:50:50.735029,99.121,99.121,4.2277e-06,1991
2025-11-11 18:50:50.740966,99.121,99.121,4.2277e-06,1975
2025-11-11 18:50:50.746973,99.121,99.121,4.26213e-07,2060
2025-11-11 18:50:50.752982,99.121,99.121,4.26213e-07,1916
2025-11-11 18:50:50.759576,99.121,99.121,7.58966e-06,2283
2025-11-11 18:50:50.766061,99.121,99.121,4.26213e-07,2051
2025-11-11 18:50:50.772473,99.121,99.121,4.26213e-07,1948
2025-11-11 18:50:50.778702,99.121,99.121,4.2277e-06,2023
2025-11-11 18:50:50.784659,99.121,99.121,4.26213e-07,1845
2025-11-11 18:50:50.791403,99.121,99.121,7.58966e-06,2453
2025-11-11 18:50:50.797515,99.121,99.121,7.58966e-06,2438
2025-11-11 18:50:50.804008,99.121,99.121,7.58966e-06,2389
2025-11-11 18:50:50.810067,99.121,99.121,7.58966e-06,2319
2025-11-11 18:50:50.816383,99.121,99.121,7.58966e-06,2188
2025-11-11 18:50:50.822938,99.121,99.121,1.79806e-06,2823
2025-11-11 18:50:50.829243,99.121,99.121,1.79806e-06,2658
2025-11-11 18:50:50.835551,99.121,99.121,8.9787e-07,2766
2025-11-11 18:50:50.841689,99.121,99.121,8.9787e-07,2609
2025-11-11 18:50:50.847794,99.121,99.121,8.9787e-07,2411
2025-11-11 18:50:50.853682,99.121,99.121,4.8446e-07,2137
2025-11-11 18:50:50.860379,99.121,99.121,1.03919e-05,2414
2025-11-11 18:50:50.866901,99.121,99.121,1.03919e-05,2188
2025-11-11 18:50:50.873014,99.121,99.121,4.11456e-06,1489
2025-11-11 18:50:50.879130,99.121,99.121,1.03919e-05,2241
2025-11-11 18:50:50.885238,99.121,99.121,4.8446e-07,2550
2025-11-11 18:50:50.891766,99.121,99.121,8.9787e-07,2749
2025-11-11 18:50:50.898052,99.121,99.121,4.8446e-07,2715
2025-11-11 18:50:50.904372,99.121,99.121,4.8446e-07,2631
2025-11-11 18:50:50.910326,99.121,99.121,8.9787e-07,2635
2025-11-11 18:50:50.916407,99.121,99.121,1.79806e-06,2764
2025-11-11 18:50:50.923207,99.121,99.121,7.58966e-06,2346
2025-11-11 18:50:50.930409,99.121,99.121,1.79806e-06,2940
2025-11-11 18:50:50.936814,99.121,99.121,7.58966e-06,2702
2025-11-11 18:50:50.943306,99.121,99.121,4.26213e-07,1998
2025-11-11 18:50:50.949632,99.121,99.121,7.58966e-06,2186
2025-11-11 18:50:50.955591,99.121,99.121,4.26213e-07,2279
2025-11-11 18:50:50.961309,99.121,99.121,4.26213e-07,2067
2025-11-11 18:50:50.967228,99.121,99.121,7.58966e-06,3171
2025-11-11 18:50:50.974051,99.121,99.121,7.58966e-06,2725
2025-11-11 18:50:50.980694,99.121,99.121,1.79806e-06,2800
2025-11-11 18:50:50.986864,99.121,99.121,8.9787e-07,2882
2025-11-11 18:50:50.993228,99.121,99.121,4.8446e-07,2792
2025-11-11 18:50:50.999495,99.121,99.121,4.8446e-07,2716
2025-11-11 18:50:51.006023,99.121,99.121,8.9787e-07,3061
2025-11-11 18:50:51.012477,99.121,99.121,8.9787e-07,2916
2025-11-11 18:50:51.019000,99.121,99.121,4.8446e-07,2608
2025-11-11 18:50:51.025987,99.121,99.121,4.8446e-07,2526
2025-11-11 18:50:51.032338,99.121,99.121,4.8446e-07,2453
2025-11-11 18:50:51.038655,99.121,99.121,4.8446e-07,2286
2025-11-11 18:50:51.045221,99.121,99.121,1.03919e-05,2223
2025-11-11 18:50:51.051522,99.121,99.121,1.03919e-05,2185
2025-11-11 18:50:51.057770,99.121,99.121,1.03919e-05,2139
2025-11-11 18:50:51.063890,99.121,99.121,1.03919e-05,1945
2025-11-11 18:50:51.069709,99.121,99.121,4.11456e-06,1241
2025-11-11 18:50:51.077153,99.121,99.121,4.11456e-06,1178
2025-11-11 18:50:51.083854,99.121,99.121,4.11456e-06,1131
2025-11-11 18:50:51.090833,99.121,99.121,4.11456e-06,1040
2025-11-11 18:50:51.097586,99.121,99.121,1.03919e-05,1611
2025-11-11 18:50:51.103859,99.121,99.121,4.11456e-06,1306
2025-11-11 18:50:51.110542,99.121,99.121,1.03919e-05,1768
2025-11-11 18:50:51.117044,99.121,99.121,1.03919e-05,1741
2025-11-11 18:50:51.123425,99.121,99.121,4.8446e-07,1759
2025-11-11 18:50:51.130157,99.121,99.121,1.03919e-05,1956
2025-11-11 18:50:51.136075,99.121,99.121,4.11456e-06,1500
2025-11-11 18:50:51.142973,99.121,99.121,4.11456e-06,1445
2025-11-11 18:50:51.149406,99.121,99.121,4.11456e-06,1358
2025-11-11 18:50:51.155452,99.121,99.121,1.03919e-05,2194
2025-11-11 18:50:51.161779,99.121,99.121,1.03919e-05,2152
2025-11-11 18:50:51.167826,99.121,99.121,1.03919e-05,1985
2025-11-11 18:50:51.174245,99.121,99.121,1.03919e-05,1773
2025-11-11 18:50:51.180714,99.121,99.121,1.03919e-05,1538
2025-11-11 18:50:51.187001,99.121,99.121,4.8446e-07,1988
2025-11-11 18:50:51.193163,99.121,99.121,4.8446e-07,1773
2025-11-11 18:50:51.199525,99.121,99.121,1.03919e-05,1576
2025-11-11 18:50:51.205806,99.121,99.121,1.03919e-05,1565
2025-11-11 18:50:51.212388,99.121,99.121,4.8446e-07,1662
2025-11-11 18:50:51.218946,99.121,99.121,1.03919e-05,1882
2025-11-11 18:50:51.225073,99.121,99.121,1.03919e-05,1741
2025-11-11 18:50:51.231442,99.121,99.121,4.11456e-06,1125
2025-11-11 18:50:51.237364,99.121,99.121,1.03919e-05,1991
2025-11-11 18:50:51.244137,99.121,99.121,1.03919e-05,1820
2025-11-11 18:50:51.250773,99.121,99.121,1.03919e-05,1747
2025-11-11 18:50:51.256960,99.121,99.121,4.11456e-06,1469
2025-11-11 18:50:51.263174,99.121,99.121,1.31929e-06,1495
2025-11-11 18:50:51.268977,99.121,99.121,1.31929e-06,1456
2025-11-11 18:50:51.275579,99.121,99.121,5.11981e-06,1883
2025-11-11 18:50:51.283193,99.121,99.121,5.11981e-06,1674
2025-11-11 18:50:51.289712,99.121,99.121,1.31929e-06,1421
2025-11-11 18:50:51.296154,99.121,99.121,5.11981e-06,2183
2025-11-11 18:50:51.302228,99.121,99.121,5.11981e-06,1687
2025-11-11 18:50:51.308445,99.1209,99.121,5.31483e-06,1626
2025-11-11 18:50:51.315102,99.121,99.121,5.11981e-06,1724
2025-11-11 18:50:51.321588,99.121,99.121,5.11981e-06,1626
2025-11-11 18:50:51.327963,99.121,99.121,5.11981e-06,1564
2025-11-11 18:50:51.334872,99.1209,99.121,5.31483e-06,1759
2025-11-11 18:50:51.340989,99.1209,99.121,5.31483e-06,1749
2025-11-11 18:50:51.347124,99.1209,99.121,5.31483e-06,1719
2025-11-11 18:50:51.353453,99.1209,99.121,5.31483e-06,1648
2025-11-11 18:50:51.360189,99.1209,99.1209,5.84992e-07,1706
2025-11-11 18:50:51.366643,99.1209,99.1209,5.15329e-06,1675
2025-11-11 18:50:51.373038,99.1209,99.1209,7.47126e-07,1642
2025-11-11 18:50:51.379367,99.1209,99.1209,7.47126e-07,1610
2025-11-11 18:50:51.386235,99.1209,99.1209,5.15329e-06,1365
2025-11-11 18:50:51.393245,99.1209,99.1209,5.15329e-06,1194
2025-11-11 18:50:51.399563,99.1209,99.1209,5.15329e-06,1103
2025-11-11 18:50:51.405850,99.1209,99.1209,7.47126e-07,1599
2025-11-11 18:50:51.412080,99.1209,99.1209,7.47126e-07,1577
2025-11-11 18:50:51.418111,99.1209,99.1209,7.47126e-07,1334
2025-11-11 18:50:51.424878,99.1209,99.1209,7.47126e-07,1318
2025-11-11 18:50:51.431479,99.1209,99.1209,7.47126e-07,1307
2025-11-11 18:50:51.438036,99.1209,99.1209,8.684e-06,1852
2025-11-11 18:50:51.444368,99.1209,99.1209,6.82173e-07,1778
2025-11-11 18:50:51.450338,99.1209,99.1209,1.81501e-06,1854
2025-11-11 18:50:51.456850,99.1209,99.1209,1.81501e-06,1684
2025-11-11 18:50:51.463552,99.1209,99.1209,1.81501e-06,1652
2025-11-11 18:50:51.469825,99.1209,99.1209,6.82173e-07,1955
2025-11-11 18:50:51.476149,99.1209,99.1209,8.684e-06,2276
2025-11-11 18:50:51.482587,99.1209,99.1209,8.684e-06,2099
2025-11-11 18:50:51.488582,99.1209,99.1209,8.684e-06,2085
2025-11-11 18:50:51.494956,99.1209,99.1209,6.82173e-07,2004
2025-11-11 18:50:51.501327,99.1209,99.1209,8.684e-06,2083
2025-11-11 18:50:51.507466,99.1209,99.1209,6.82173e-07,1998
2025-11-11 18:50:51.513744,99.1209,99.1209,6.82173e-07,1737
2025-11-11 18:50:51.519641,99.1209,99.1209,1.81501e-06,2181
2025-11-11 18:50:51.526686,99.1209,99.1209,1.81501e-06,2033
2025-11-11 18:50:51.533384,99.1209,99.1209,1.81501e-06,1931
2025-11-11 18:50:51.539616,99.1209,99.1209,6.82173e-07,1766
2025-11-11 18:50:51.545951,99.1209,99.1209,1.81501e-06,1803
2025-11-11 18:50:51.551903,99.1209,99.1209,1.53092e-05,2374
2025-11-11 18:50:51.558599,99.1209,99.1209,5.39836e-06,2436
2025-11-11 18:50:51.567695,99.1209,99.1209,5.39836e-06,2152
2025-11-11 18:50:51.574800,99.1209,99.1209,5.39836e-06,1879
2025-11-11 18:50:51.581325,99.1209,99.1209,5.39836e-06,1704
2025-11-11 18:50:51.587589,99.1209,99.1209,1.53092e-05,1868
2025-11-11 18:50:51.594981,99.1209,99.1209,1.81501e-06,1391
2025-11-11 18:50:51.602127,99.1209,99.1209,6.82173e-07,1290
2025-11-11 18:50:51.608599,99.1209,99.1209,1.81501e-06,1911
2025-11-11 18:50:51.615092,99.1209,99.1209,1.81501e-06,1698
2025-11-11 18:50:51.621576,99.1209,99.1209,1.53092e-05,2329
2025-11-11 18:50:51.628432,99.1209,99.1209,1.81501e-06,1757
2025-11-11 18:50:51.635661,99.1209,99.1209,1.81501e-06,1683
2025-11-11 18:50:51.642216,99.1209,99.1209,1.81501e-06,1597
2025-11-11 18:50:51.648895,99.1209,99.1209,1.81501e-06,1234
2025-11-11 18:50:51.655243,99.1209,99.1209,1.53092e-05,1745
2025-11-11 18:50:51.661209,99.1209,99.1209,5.39836e-06,2086
2025-11-11 18:50:51.667631,99.1209,99.1209,5.39836e-06,1747
2025-11-11 18:50:51.674530,99.1209,99.1209,5.39836e-06,1454
2025-11-11 18:50:51.681244,99.1209,99.1209,5.39836e-06,1358
2025-11-11 18:50:51.687497,99.1209,99.1209,5.39836e-06,1261
2025-11-11 18:50:51.693823,99.1209,99.1209,1.53092e-05,1751
2025-11-11 18:50:51.700229,99.1209,99.1209,1.53092e-05,1538
2025-11-11 18:50:51.706830,99.1209,99.1209,1.81501e-06,1285
2025-11-11 18:50:51.713677,99.1209,99.1209,1.81501e-06,1155
2025-11-11 18:50:51.720235,99.1209,99.1209,6.82173e-07,1298
2025-11-11 18:50:51.726869,99.1209,99.1209,1.81501e-06,1214
2025-11-11 18:50:51.733436,99.1209,99.1209,1.81501e-06,1119
2025-11-11 18:50:51.740647,99.1209,99.1209,1.53092e-05,1563
2025-11-11 18:50:51.747192,99.1209,99.1209,1.53092e-05,1428
2025-11-11 18:50:51.753582,99.1209,99.1209,1.53092e-05,1371
2025-11-11 18:50:51.760223,99.1209,99.1209,1.53092e-05,1262
2025-11-11 18:50:51.766566,99.1209,99.1209,5.39836e-06,1287
2025-11-11 18:50:51.773475,99.1209,99.1209,5.39836e-06,1089
2025-11-11 18:50:51.780290,99.1209,99.1209,1.53092e-05,1327
2025-11-11 18:50:51.786697,99.1209,99.1209,1.81501e-06,1009
2025-11-11 18:50:51.793079,99.1209,99.1209,6.82173e-07,1123
2025-11-11 18:50:51.799459,99.1209,99.1209,8.684e-06,1190
2025-11-11 18:50:51.806341,99.1209,99.1209,7.47126e-07,1421
2025-11-11 18:50:51.813178,99.1209,99.1209,8.684e-06,1211
2025-11-11 18:50:51.819792,99.1209,99.1209,6.82173e-07,1138
2025-11-11 18:50:51.826588,99.1209,99.1209,1.81501e-06,1167
2025-11-11 18:50:51.833109,99.1209,99.1209,1.81501e-06,1151
2025-11-11 18:50:51.839930,99.1209,99.1209,1.81501e-06,1069
2025-11-11 18:50:51.846861,99.1209,99.1209,1.53092e-05,1638
2025-11-11 18:50:51.853878,99.1209,99.1209,1.81501e-06,1459
2025-11-11 18:50:51.860365,99.1209,99.1209,1.81501e-06,1425
2025-11-11 18:50:51.866920,99.1209,99.1209,1.81501e-06,1272
2025-11-11 18:50:51.873565,99.1209,99.1209,1.81501e-06,1021
2025-11-11 18:50:51.880462,99.1209,99.1209,1.81501e-06,984
2025-11-11 18:50:51.886936,99.1209,99.1209,6.82173e-07,1021
2025-11-11 18:50:51.893471,99.1209,99.1209,8.684e-06,1126
2025-11-11 18:50:51.899937,99.1209,99.1209,7.47126e-07,1543
2025-11-11 18:50:51.906573,99.1209,99.1209,7.47126e-07,1385
2025-11-11 18:50:51.913307,99.1209,99.1209,5.15329e-06,1961
2025-11-11 18:50:51.919922,99.1209,99.1209,5.15329e-06,1843
2025-11-11 18:50:51.926465,99.1209,99.1209,5.84992e-07,2373
2025-11-11 18:50:51.932889,99.1209,99.1209,5.84992e-07,2262
2025-11-11 18:50:51.940215,99.1209,99.121,5.31483e-06,2197
2025-11-11 18:50:51.946804,99.1209,99.1209,5.84992e-07,2494
2025-11-11 18:50:51.953370,99.1209,99.1209,5.84992e-07,2343
2025-11-11 18:50:51.959882,99.1209,99.1209,5.15329e-06,2192
2025-11-11 18:50:51.966464,99.1209,99.1209,5.84992e-07,2282
2025-11-11 18:50:51.973200,99.1209,99.1209,5.15329e-06,2550
2025-11-11 18:50:51.979899,99.1209,99.1209,5.15329e-06,2467
2025-11-11 18:50:51.986398,99.1209,99.1209,5.15329e-06,2244
2025-11-11 18:50:51.992842,99.1209,99.1209,5.15329e-06,1739
2025-11-11 18:50:51.999182,99.1209,99.1209,5.84992e-07,2245
2025-11-11 18:50:52.005244,99.1209,99.1209,5.84992e-07,2041
2025-11-11 18:50:52.011565,99.1209,99.121,5.31483e-06,1911
2025-11-11 18:50:52.017698,99.121,99.121,5.11981e-06,1922
2025-11-11 18:50:52.024819,99.1209,99.121,5.31483e-06,2116
2025-11-11 18:50:52.031663,99.1209,99.121,5.31483e-06,2110
2025-11-11 18:50:52.038249,99.1209,99.121,5.31483e-06,2029
2025-11-11 18:50:52.045194,99.1209,99.121,5.31483e-06,1984
2025-11-11 18:50:52.051747,99.1209,99.121,5.31483e-06,1941
2025-11-11 18:50:52.058660,99.1209,99.1209,5.84992e-07,1901
2025-11-11 18:50:52.065340,99.1209,99.121,5.31483e-06,2251
2025-11-11 18:50:52.071830,99.121,99.121,5.11981e-06,2301
2025-11-11 18:50:52.078656,99.121,99.121,1.31929e-06,2127
2025-11-11 18:50:52.085227,99.121,99.121,4.11456e-06,2599
2025-11-11 18:50:52.092606,99.121,99.121,4.11456e-06,2588
2025-11-11 18:50:52.099261,99.121,99.121,4.11456e-06,2538
2025-11-11 18:50:52.106070,99.121,99.121,4.11456e-06,2416
2025-11-11 18:50:52.112573,99.121,99.121,4.11456e-06,2131
2025-11-11 18:50:52.118878,99.121,99.121,1.31929e-06,1885
2025-11-11 18:50:52.126158,99.121,99.121,1.31929e-06,1675
2025-11-11 18:50:52.133036,99.121,99.121,5.11981e-06,2014
2025-11-11 18:50:52.139534,99.1209,99.121,5.31483e-06,1898
2025-11-11 18:50:52.146308,99.1209,99.121,5.31483e-06,1781
2025-11-11 18:50:52.152788,99.1209,99.121,5.31483e-06,1599
2025-11-11 18:50:52.159903,99.121,99.121,5.11981e-06,1993
2025-11-11 18:50:52.167133,99.121,99.121,1.31929e-06,1707
2025-11-11 18:50:52.173779,99.121,99.121,4.11456e-06,2203
2025-11-11 18:50:52.180264,99.121,99.121,4.11456e-06,1815
2025-11-11 18:50:52.186464,99.121,99.121,1.02303e-05,2018
2025-11-11 18:50:52.193763,99.121,99.121,4.11456e-06,1979
2025-11-11 18:50:52.200835,99.121,99.121,4.11456e-06,1704
2025-11-11 18:50:52.207398,99.121,99.121,4.11456e-06,1534
2025-11-11 18:50:52.213996,99.121,99.121,1.02303e-05,2034
2025-11-11 18:50:52.220278,99.121,99.121,1.02303e-05,1953
2025-11-11 18:50:52.227377,99.121,99.121,1.02303e-05,1940
2025-11-11 18:50:52.234467,99.121,99.121,1.02303e-05,1800
2025-11-11 18:50:52.241069,99.121,99.121,4.11456e-06,1626
2025-11-11 18:50:52.247606,99.121,99.121,1.02303e-05,1469
2025-11-11 18:50:52.254341,99.121,99.121,1.61538e-07,1937
2025-11-11 18:50:52.261536,99.121,99.121,1.02303e-05,1776
2025-11-11 18:50:52.268571,99.121,99.121,1.02303e-05,1529
2025-11-11 18:50:52.275184,99.121,99.121,4.11456e-06,1617
2025-11-11 18:50:52.281650,99.121,99.121,4.11456e-06,1583
2025-11-11 18:50:52.287979,99.121,99.121,4.11456e-06,1562
2025-11-11 18:50:52.295217,99.121,99.121,1.02303e-05,2181
2025-11-11 18:50:52.302127,99.121,99.121,1.02303e-05,1955
2025-11-11 18:50:52.309044,99.121,99.121,4.11456e-06,1558
2025-11-11 18:50:52.315595,99.121,99.121,1.02303e-05,1807
2025-11-11 18:50:52.322402,99.121,99.121,1.02303e-05,1596
2025-11-11 18:50:52.329019,99.121,99.121,1.61538e-07,1940
2025-11-11 18:50:52.336038,99.121,99.121,1.61538e-07,1899
2025-11-11 18:50:52.342669,99.121,99.121,1.02303e-05,1699
2025-11-11 18:50:52.349402,99.121,99.121,4.11456e-06,1755
2025-11-11 18:50:52.356148,99.121,99.121,4.11456e-06,1617
2025-11-11 18:50:52.362581,99.121,99.121,4.11456e-06,1601
2025-11-11 18:50:52.369025,99.121,99.121,1.31929e-06,1731
2025-11-11 18:50:52.376552,99.121,99.121,5.11981e-06,2188
2025-11-11 18:50:52.383260,99.121,99.121,1.31929e-06,1718
2025-11-11 18:50:52.389831,99.121,99.121,1.31929e-06,1713
2025-11-11 18:50:52.396426,99.121,99.121,1.31929e-06,1668
2025-11-11 18:50:52.402759,99.121,99.121,5.11981e-06,2059
2025-11-11 18:50:52.409722,99.121,99.121,5.11981e-06,1747
2025-11-11 18:50:52.416845,99.1209,99.121,5.31483e-06,1785
2025-11-11 18:50:52.423415,99.1209,99.1209,5.84992e-07,1460
2025-11-11 18:50:52.430104,99.1209,99.1209,5.84992e-07,1372
2025-11-11 18:50:52.436750,99.1209,99.121,5.31483e-06,1860
2025-11-11 18:50:52.443902,99.1209,99.1209,5.84992e-07,1352
2025-11-11 18:50:52.450980,99.1209,99.121,5.31483e-06,1572
2025-11-11 18:50:52.457749,99.1209,99.1209,5.84992e-07,1406
2025-11-11 18:50:52.464516,99.1209,99.121,5.31483e-06,1950
2025-11-11 18:50:52.471130,99.1209,99.121,5.31483e-06,1740
2025-11-11 18:50:52.479258,99.1209,99.121,5.31483e-06,1556
2025-11-11 18:50:52.485856,99.1209,99.1209,5.84992e-07,1389
2025-11-11 18:50:52.492396,99.1209,99.121,5.31483e-06,1562
2025-11-11 18:50:52.498998,99.1209,99.1209,5.84992e-07,1404
2025-11-11 18:50:52.505816,99.1209,99.1209,5.84992e-07,1369
2025-11-11 18:50:52.513057,99.1209,99.1209,5.15329e-06,1666
2025-11-11 18:50:52.519801,99.1209,99.1209,7.47126e-07,1677
2025-11-11 18:50:52.526437,99.1209,99.1209,7.47126e-07,1667
2025-11-11 18:50:52.532984,99.1209,99.1209,5.15329e-06,1410
2025-11-11 18:50:52.539897,99.1209,99.1209,5.15329e-06,1257
2025-11-11 18:50:52.547064,99.1209,99.1209,7.47126e-07,1689
2025-11-11 18:50:52.553689,99.1209,99.1209,7.47126e-07,1539
2025-11-11 18:50:52.560390,99.1209,99.1209,7.47126e-07,1406
2025-11-11 18:50:52.567216,99.1209,99.1209,7.47126e-07,1353
2025-11-11 18:50:52.574004,99.1209,99.1209,5.15329e-06,1438
2025-11-11 18:50:52.580842,99.1209,99.1209,5.84992e-07,1250
2025-11-11 18:50:52.587417,99.1209,99.121,5.31483e-06,1442
2025-11-11 18:50:52.593940,99.121,99.121,5.11981e-06,1336
2025-11-11 18:50:52.600580,99.121,99.121,1.31929e-06,1233
2025-11-11 18:50:52.607635,99.121,99.121,5.11981e-06,1193
2025-11-11 18:50:52.614680,99.1209,99.121,5.31483e-06,1251
2025-11-11 18:50:52.621507,99.121,99.121,5.11981e-06,1487
2025-11-11 18:50:52.628113,99.121,99.121,1.31929e-06,1491
2025-11-11 18:50:52.634580,99.121,99.121,5.11981e-06,1552
2025-11-11 18:50:52.641474,99.121,99.121,1.31929e-06,1645
2025-11-11 18:50:52.648193,99.121,99.121,5.11981e-06,1545
2025-11-11 18:50:52.654779,99.121,99.121,1.31929e-06,1888
2025-11-11 18:50:52.661585,99.121,99.121,4.11456e-06,1828
2025-11-11 18:50:52.668192,99.121,99.121,1.02303e-05,2147
2025-11-11 18:50:52.675358,99.121,99.121,1.61538e-07,2438
2025-11-11 18:50:52.682281,99.121,99.121,1.02303e-05,2645
2025-11-11 18:50:52.688775,99.121,99.121,1.02303e-05,2606
2025-11-11 18:50:52.695323,99.121,99.121,1.02303e-05,2598
2025-11-11 18:50:52.701430,99.121,99.121,4.11456e-06,2455
2025-11-11 18:50:52.707786,99.121,99.121,1.02303e-05,2513
2025-11-11 18:50:52.714134,99.121,99.121,1.02303e-05,2180
2025-11-11 18:50:52.720198,99.121,99.121,4.11456e-06,1824
2025-11-11 18:50:52.727371,99.121,99.121,4.11456e-06,1823
2025-11-11 18:50:52.734297,99.121,99.121,1.31929e-06,2170
2025-11-11 18:50:52.741080,99.121,99.121,1.31929e-06,2126
2025-11-11 18:50:52.747653,99.121,99.121,1.31929e-06,1885
2025-11-11 18:50:52.754104,99.121,99.121,4.11456e-06,1692
2025-11-11 18:50:52.761443,99.121,99.121,5.64313e-06,1992
2025-11-11 18:50:52.768711,99.121,99.121,4.58719e-06,2243
2025-11-11 18:50:52.775340,99.121,99.121,4.58719e-06,2121
2025-11-11 18:50:52.782053,99.121,99.121,5.64313e-06,2024
2025-11-11 18:50:52.788749,99.121,99.121,4.58719e-06,2362
2025-11-11 18:50:52.795732,99.121,99.121,4.58719e-06,2061
2025-11-11 18:50:52.802514,99.121,99.121,1.61538e-07,2592
2025-11-11 18:50:52.809230,99.121,99.121,1.61538e-07,2429
2025-11-11 18:50:52.816147,99.121,99.121,1.61538e-07,2422
2025-11-11 18:50:52.823101,99.121,99.121,4.8446e-07,2095
2025-11-11 18:50:52.830132,99.121,99.121,8.9787e-07,2468
2025-11-11 18:50:52.836817,99.121,99.121,8.9787e-07,2286
2025-11-11 18:50:52.843502,99.121,99.121,1.79806e-06,2611
2025-11-11 18:50:52.850172,99.121,99.121,7.58966e-06,2386
2025-11-11 18:50:52.856981,99.121,99.121,1.79806e-06,2744
2025-11-11 18:50:52.863692,99.121,99.121,1.79806e-06,2714
2025-11-11 18:50:52.870629,99.121,99.121,1.79806e-06,2620
2025-11-11 18:50:52.877336,99.121,99.121,7.58966e-06,2830
2025-11-11 18:50:52.883999,99.121,99.121,4.26213e-07,2292
2025-11-11 18:50:52.890899,99.121,99.121,4.26213e-07,2283
2025-11-11 18:50:52.898031,99.121,99.121,4.26213e-07,2253
2025-11-11 18:50:52.904659,99.121,99.121,7.15232e-07,2905
2025-11-11 18:50:52.911337,99.121,99.121,3.51247e-06,2706
2025-11-11 18:50:52.917641,99.121,99.121,7.15232e-07,2986
2025-11-11 18:50:52.925110,99.121,99.121,7.15232e-07,2652
2025-11-11 18:50:52.932081,99.121,99.121,7.15232e-07,2552
2025-11-11 18:50:52.938758,99.121,99.121,7.15232e-07,2541
2025-11-11 18:50:52.945571,99.121,99.121,7.15232e-07,2460
2025-11-11 18:50:52.952069,99.121,99.121,4.26213e-07,2281
2025-11-11 18:50:52.959075,99.121,99.121,7.58966e-06,2703
2025-11-11 18:50:52.966005,99.121,99.121,7.58966e-06,2372
2025-11-11 18:50:52.972775,99.121,99.121,7.58966e-06,2323
2025-11-11 18:50:52.979368,99.121,99.121,4.26213e-07,1976
2025-11-11 18:50:52.985667,99.121,99.121,7.58966e-06,2375
2025-11-11 18:50:52.992553,99.121,99.121,1.79806e-06,2659
2025-11-11 18:50:52.999297,99.121,99.121,1.79806e-06,2375
2025-11-11 18:50:53.006075,99.121,99.121,8.9787e-07,2430
2025-11-11 18:50:53.012727,99.121,99.121,8.9787e-07,2268
2025-11-11 18:50:53.019092,99.121,99.121,1.79806e-06,2329
2025-11-11 18:50:53.026178,99.121,99.121,8.9787e-07,2303
2025-11-11 18:50:53.033389,99.121,99.121,8.9787e-07,2198
2025-11-11 18:50:53.039963,99.121,99.121,8.9787e-07,1941
2025-11-11 18:50:53.046452,99.121,99.121,8.9787e-07,1920
2025-11-11 18:50:53.053413,99.121,99.121,1.79806e-06,2156
2025-11-11 18:50:53.059987,99.121,99.121,1.79806e-06,1993
2025-11-11 18:50:53.066514,99.121,99.121,8.9787e-07,2212
2025-11-11 18:50:53.073672,99.121,99.121,8.9787e-07,2108
2025-11-11 18:50:53.081004,99.121,99.121,8.9787e-07,2054
2025-11-11 18:50:53.087703,99.121,99.121,1.79806e-06,2045
2025-11-11 18:50:53.095210,99.121,99.121,1.79806e-06,2019
2025-11-11 18:50:53.102054,99.121,99.121,8.9787e-07,1949
2025-11-11 18:50:53.108956,99.121,99.121,8.9787e-07,1829
2025-11-11 18:50:53.115687,99.121,99.121,1.79806e-06,2484
2025-11-11 18:50:53.122470,99.121,99.121,1.79806e-06,2329
2025-11-11 18:50:53.129161,99.121,99.121,1.79806e-06,2070
2025-11-11 18:50:53.135916,99.121,99.121,7.58966e-06,1877
2025-11-11 18:50:53.143169,99.121,99.121,1.79806e-06,1988
2025-11-11 18:50:53.150098,99.121,99.121,1.79806e-06,1938
2025-11-11 18:50:53.156651,99.121,99.121,1.79806e-06,1774
2025-11-11 18:50:53.163171,99.121,99.121,8.9787e-07,1755
2025-11-11 18:50:53.169616,99.121,99.121,4.8446e-07,1960
2025-11-11 18:50:53.176961,99.121,99.121,1.61538e-07,2613
2025-11-11 18:50:53.184267,99.121,99.121,4.58719e-06,2440
2025-11-11 18:50:53.190888,99.121,99.121,4.58719e-06,2307
2025-11-11 18:50:53.197360,99.121,99.121,1.61538e-07,2413
2025-11-11 18:50:53.203615,99.121,99.121,1.61538e-07,2278
2025-11-11 18:50:53.210964,99.121,99.121,1.61538e-07,2214
2025-11-11 18:50:53.218182,99.121,99.121,1.61538e-07,2164
2025-11-11 18:50:53.224718,99.121,99.121,1.61538e-07,1930
2025-11-11 18:50:53.231367,99.121,99.121,4.58719e-06,2155
2025-11-11 18:50:53.237576,99.121,99.121,4.58719e-06,2147
2025-11-11 18:50:53.244908,99.121,99.121,4.58719e-06,2129
2025-11-11 18:50:53.252126,99.121,99.121,5.64313e-06,2164
2025-11-11 18:50:53.258633,99.121,99.121,5.64313e-06,2005
2025-11-11 18:50:53.265374,99.121,99.121,5.64313e-06,1813
2025-11-11 18:50:53.271979,99.121,99.121,4.11456e-06,1782
2025-11-11 18:50:53.279361,99.121,99.121,4.11456e-06,1498
2025-11-11 18:50:53.286392,99.121,99.121,4.11456e-06,1419
2025-11-11 18:50:53.292933,99.121,99.121,5.64313e-06,1695
2025-11-11 18:50:53.299772,99.121,99.121,4.58719e-06,1789
2025-11-11 18:50:53.306983,99.121,99.121,5.64313e-06,1943
2025-11-11 18:50:53.313942,99.121,99.121,5.64313e-06,1803
2025-11-11 18:50:53.320600,99.121,99.121,4.11456e-06,1538
2025-11-11 18:50:53.327531,99.121,99.121,5.64313e-06,2224
2025-11-11 18:50:53.333989,99.121,99.121,5.64313e-06,1915
2025-11-11 18:50:53.340877,99.121,99.121,4.11456e-06,1930
2025-11-11 18:50:53.347740,99.121,99.121,4.11456e-06,1833
2025-11-11 18:50:53.354653,99.121,99.121,4.11456e-06,1603
2025-11-11 18:50:53.361463,99.121,99.121,4.11456e-06,1593
2025-11-11 18:50:53.367962,99.121,99.121,5.64313e-06,1815
2025-11-11 18:50:53.375171,99.121,99.121,4.58719e-06,1784
2025-11-11 18:50:53.382304,99.121,99.121,4.58719e-06,1629
2025-11-11 18:50:53.388880,99.121,99.121,5.64313e-06,1545
2025-11-11 18:50:53.395641,99.121,99.121,4.11456e-06,1486
2025-11-11 18:50:53.402144,99.121,99.121,1.31929e-06,1889
2025-11-11 18:50:53.408906,99.121,99.121,1.31929e-06,1665
2025-11-11 18:50:53.415162,99.121,99.121,1.31929e-06,1473
2025-11-11 18:50:53.422179,99.121,99.121,1.31929e-06,1361
2025-11-11 18:50:53.428845,99.121,99.121,5.11981e-06,1880
2025-11-11 18:50:53.435918,99.121,99.121,5.11981e-06,1736
2025-11-11 18:50:53.442738,99.121,99.121,5.11981e-06,1435
2025-11-11 18:50:53.449387,99.121,99.121,5.11981e-06,1272
2025-11-11 18:50:53.456794,99.121,99.121,1.31929e-06,1469
2025-11-11 18:50:53.465017,99.121,99.121,4.11456e-06,1618
2025-11-11 18:50:53.471963,99.121,99.121,4.11456e-06,1598
2025-11-11 18:50:53.478798,99.121,99.121,4.11456e-06,1281
2025-11-11 18:50:53.485441,99.121,99.121,4.11456e-06,1219
2025-11-11 18:50:53.492510,99.121,99.121,1.31929e-06,1582
2025-11-11 18:50:53.499206,99.121,99.121,1.31929e-06,1343
2025-11-11 18:50:53.506019,99.121,99.121,1.31929e-06,1156
2025-11-11 18:50:53.512822,99.121,99.121,5.11981e-06,1421
2025-11-11 18:50:53.519190,99.121,99.121,5.11981e-06,1291
2025-11-11 18:50:53.526514,99.121,99.121,5.11981e-06,1243
2025-11-11 18:50:53.533665,99.121,99.121,1.31929e-06,1555
2025-11-11 18:50:53.540931,99.121,99.121,1.31929e-06,1408
2025-11-11 18:50:53.547688,99.121,99.121,1.31929e-06,1248
2025-11-11 18:50:53.554223,99.121,99.121,5.11981e-06,1219
2025-11-11 18:50:53.561889,99.121,99.121,1.31929e-06,1292
2025-11-11 18:50:53.568998,99.121,99.121,5.11981e-06,1656
2025-11-11 18:50:53.575773,99.1209,99.121,5.31483e-06,1913
2025-11-11 18:50:53.582740,99.1209,99.121,5.31483e-06,1850
2025-11-11 18:50:53.589584,99.121,99.121,5.11981e-06,1608
2025-11-11 18:50:53.596696,99.1209,99.121,5.31483e-06,1895
2025-11-11 18:50:53.603460,99.121,99.121,5.11981e-06,2095
2025-11-11 18:50:53.610255,99.121,99.121,5.11981e-06,1631
2025-11-11 18:50:53.616968,99.1209,99.121,5.31483e-06,2307
2025-11-11 18:50:53.624046,99.1209,99.121,5.31483e-06,2167
2025-11-11 18:50:53.630947,99.1209,99.121,5.31483e-06,2117
2025-11-11 18:50:53.637819,99.1209,99.121,5.31483e-06,2086
2025-11-11 18:50:53.644671,99.1209,99.1209,5.84992e-07,2258
2025-11-11 18:50:53.651138,99.1209,99.1209,5.15329e-06,2366
2025-11-11 18:50:53.658343,99.1209,99.1209,5.84992e-07,2287
2025-11-11 18:50:53.665648,99.1209,99.1209,5.84992e-07,2256
2025-11-11 18:50:53.673299,99.1209,99.1209,5.15329e-06,2257
2025-11-11 18:50:53.680299,99.1209,99.1209,5.84992e-07,2333
2025-11-11 18:50:53.686864,99.1209,99.121,5.31483e-06,2259
2025-11-11 18:50:53.694579,99.1209,99.121,5.31483e-06,2050
2025-11-11 18:50:53.701494,99.1209,99.121,5.31483e-06,1982
2025-11-11 18:50:53.708165,99.1209,99.121,5.31483e-06,1956
2025-11-11 18:50:53.714867,99.1209,99.1209,5.84992e-07,2128
2025-11-11 18:50:53.721741,99.1209,99.1209,5.84992e-07,2070
2025-11-11 18:50:53.728996,99.1209,99.1209,5.84992e-07,2041
2025-11-11 18:50:53.735968,99.1209,99.121,5.31483e-06,2024
2025-11-11 18:50:53.742630,99.1209,99.121,5.31483e-06,2024
2025-11-11 18:50:53.749327,99.1209,99.1209,5.84992e-07,2162
2025-11-11 18:50:53.756237,99.1209,99.1209,5.84992e-07,2135
2025-11-11 18:50:53.762928,99.1209,99.1209,5.84992e-07,1924
2025-11-11 18:50:53.769529,99.1209,99.121,5.31483e-06,2144
2025-11-11 18:50:53.776947,99.1209,99.121,5.31483e-06,2112
2025-11-11 18:50:53.783853,99.1209,99.1209,5.84992e-07,1952
2025-11-11 18:50:53.790425,99.1209,99.1209,5.84992e-07,1868
2025-11-11 18:50:53.797332,99.1209,99.121,5.31483e-06,1995
2025-11-11 18:50:53.803816,99.1209,99.121,5.31483e-06,1811
2025-11-11 18:50:53.811214,99.121,99.121,5.11981e-06,1865
2025-11-11 18:50:53.818495,99.121,99.121,5.11981e-06,1733
2025-11-11 18:50:53.825305,99.121,99.121,1.31929e-06,1399
2025-11-11 18:50:53.832014,99.121,99.121,5.11981e-06,1893
2025-11-11 18:50:53.838880,99.1209,99.121,5.31483e-06,1791
2025-11-11 18:50:53.846174,99.121,99.121,5.11981e-06,2504
2025-11-11 18:50:53.853462,99.121,99.121,1.31929e-06,2039
2025-11-11 18:50:53.860148,99.121,99.121,5.11981e-06,2158
2025-11-11 18:50:53.866990,99.121,99.121,1.31929e-06,2197
2025-11-11 18:50:53.874150,99.121,99.121,5.11981e-06,2214
2025-11-11 18:50:53.881044,99.121,99.121,1.31929e-06,2028
2025-11-11 18:50:53.887991,99.121,99.121,4.11456e-06,1931
2025-11-11 18:50:53.894651,99.121,99.121,4.11456e-06,1768
2025-11-11 18:50:53.901225,99.121,99.121,4.11456e-06,1428
2025-11-11 18:50:53.908553,99.121,99.121,5.64313e-06,2214
2025-11-11 18:50:53.915670,99.121,99.121,4.58719e-06,2639
2025-11-11 18:50:53.922354,99.121,99.121,4.58719e-06,2310
2025-11-11 18:50:53.929112,99.121,99.121,5.64313e-06,2340
2025-11-11 18:50:53.935505,99.121,99.121,5.64313e-06,1851
2025-11-11 18:50:53.942655,99.121,99.121,4.11456e-06,1566
2025-11-11 18:50:53.949483,99.121,99.121,5.64313e-06,2142
2025-11-11 18:50:53.956305,99.121,99.121,3.24242e-06,1779
2025-11-11 18:50:53.962951,99.121,99.121,4.11456e-06,1949
2025-11-11 18:50:53.969273,99.121,99.121,4.11456e-06,1734
2025-11-11 18:50:53.976715,99.121,99.121,3.24242e-06,1762
2025-11-11 18:50:53.983618,99.121,99.121,2.40071e-06,2171
2025-11-11 18:50:53.990213,99.121,99.121,2.40071e-06,1985
2025-11-11 18:50:53.996846,99.121,99.121,2.40071e-06,1937
2025-11-11 18:50:54.003143,99.121,99.121,4.58719e-06,1565
2025-11-11 18:50:54.010394,99.121,99.121,4.58719e-06,1528
2025-11-11 18:50:54.017656,99.121,99.121,4.58719e-06,1194
2025-11-11 18:50:54.024497,99.121,99.121,4.58719e-06,1099
2025-11-11 18:50:54.031110,99.121,99.121,2.40071e-06,2132
2025-11-11 18:50:54.037797,99.121,99.121,3.24242e-06,2225
2025-11-11 18:50:54.045232,99.121,99.121,3.24242e-06,2147
2025-11-11 18:50:54.052357,99.121,99.121,3.24242e-06,2086
2025-11-11 18:50:54.059125,99.121,99.121,3.24242e-06,2024
2025-11-11 18:50:54.066001,99.121,99.121,3.24242e-06,1828
2025-11-11 18:50:54.073309,99.121,99.121,4.11456e-06,2340
2025-11-11 18:50:54.080567,99.121,99.121,4.11456e-06,2244
2025-11-11 18:50:54.087506,99.121,99.121,4.11456e-06,2087
2025-11-11 18:50:54.095398,99.121,99.121,4.11456e-06,2029
2025-11-11 18:50:54.102224,99.121,99.121,3.24242e-06,1922
2025-11-11 18:50:54.109288,99.121,99.121,2.40071e-06,2158
2025-11-11 18:50:54.115977,99.121,99.121,2.40071e-06,2102
2025-11-11 18:50:54.122807,99.121,99.121,3.24242e-06,2142
2025-11-11 18:50:54.129920,99.121,99.121,2.40071e-06,2233
2025-11-11 18:50:54.136689,99.121,99.121,2.40071e-06,2054
2025-11-11 18:50:54.143383,99.121,99.121,4.58719e-06,1530
2025-11-11 18:50:54.150173,99.121,99.121,4.58719e-06,1462
2025-11-11 18:50:54.157321,99.121,99.121,4.58719e-06,1224
2025-11-11 18:50:54.164223,99.121,99.121,1.61538e-07,1741
2025-11-11 18:50:54.170922,99.121,99.121,1.61538e-07,1723
2025-11-11 18:50:54.177879,99.121,99.121,4.58719e-06,1346
2025-11-11 18:50:54.184800,99.121,99.121,2.40071e-06,2160
2025-11-11 18:50:54.191757,99.121,99.121,2.40071e-06,1991
2025-11-11 18:50:54.198717,99.121,99.121,3.24242e-06,2311
2025-11-11 18:50:54.205614,99.121,99.121,1.05537e-05,3134
2025-11-11 18:50:54.212501,99.121,99.121,1.05537e-05,3024
2025-11-11 18:50:54.219100,99.121,99.121,1.05537e-05,2970
2025-11-11 18:50:54.226481,99.121,99.121,1.05537e-05,2607
2025-11-11 18:50:54.233353,99.121,99.121,1.05537e-05,2311
2025-11-11 18:50:54.240006,99.121,99.121,1.05537e-05,2277
2025-11-11 18:50:54.246801,99.121,99.121,3.24242e-06,2092
2025-11-11 18:50:54.253476,99.121,99.121,3.24242e-06,2029
2025-11-11 18:50:54.260598,99.121,99.121,3.24242e-06,1916
2025-11-11 18:50:54.267660,99.121,99.121,1.05537e-05,2788
2025-11-11 18:50:54.274506,99.121,99.121,1.05537e-05,2484
2025-11-11 18:50:54.281196,99.1209,99.121,5.31483e-06,2375
2025-11-11 18:50:54.287842,99.121,99.121,1.05537e-05,2419
2025-11-11 18:50:54.295031,99.1209,99.121,5.31483e-06,2412
2025-11-11 18:50:54.301960,99.1209,99.121,5.31483e-06,2384
2025-11-11 18:50:54.308550,99.121,99.121,1.05537e-05,2354
2025-11-11 18:50:54.315716,99.121,99.121,1.05537e-05,2167
2025-11-11 18:50:54.323061,99.121,99.121,1.05537e-05,2106
2025-11-11 18:50:54.330124,99.1209,99.121,5.31483e-06,2450
2025-11-11 18:50:54.336874,99.1209,99.121,5.31483e-06,2244
2025-11-11 18:50:54.343481,99.121,99.121,1.05537e-05,2276
2025-11-11 18:50:54.350269,99.121,99.121,3.24242e-06,1759
2025-11-11 18:50:54.357376,99.121,99.121,3.24242e-06,1717
2025-11-11 18:50:54.364303,99.121,99.121,1.05537e-05,2494
2025-11-11 18:50:54.371242,99.1209,99.121,5.31483e-06,2597
2025-11-11 18:50:54.378259,99.1209,99.1209,5.84992e-07,2598
2025-11-11 18:50:54.385087,99.1209,99.1209,5.15329e-06,3232
2025-11-11 18:50:54.392247,99.1209,99.1209,5.15329e-06,3178
2025-11-11 18:50:54.399198,99.1209,99.1209,7.47126e-07,2754
2025-11-11 18:50:54.405929,99.1209,99.1209,5.15329e-06,3308
2025-11-11 18:50:54.412701,99.1209,99.1209,5.15329e-06,2968
2025-11-11 18:50:54.419694,99.1209,99.1209,7.47126e-07,2485
2025-11-11 18:50:54.427330,99.1209,99.1209,7.47126e-07,2305
2025-11-11 18:50:54.434556,99.1209,99.1209,8.684e-06,1561
2025-11-11 18:50:54.441218,99.1209,99.1209,8.684e-06,1534
2025-11-11 18:50:54.447718,99.1209,99.1209,6.82173e-07,1465
2025-11-11 18:50:54.454252,99.1209,99.1209,1.81501e-06,1380
2025-11-11 18:50:54.460642,99.1209,99.1209,1.53092e-05,1499
2025-11-11 18:50:54.467192,99.1209,99.1209,1.81501e-06,1376
2025-11-11 18:50:54.474510,99.1209,99.1209,1.81501e-06,1323
2025-11-11 18:50:54.481811,99.1209,99.1209,6.82173e-07,1607
2025-11-11 18:50:54.488856,99.1209,99.1209,6.82173e-07,1584
2025-11-11 18:50:54.495691,99.1209,99.1209,8.684e-06,1688
2025-11-11 18:50:54.502171,99.1209,99.1209,6.82173e-07,2302
2025-11-11 18:50:54.509277,99.1209,99.1209,6.82173e-07,2079
2025-11-11 18:50:54.516253,99.1209,99.1209,6.82173e-07,1868
2025-11-11 18:50:54.523113,99.1209,99.1209,6.82173e-07,1621
2025-11-11 18:50:54.529837,99.1209,99.1209,1.81501e-06,1719
2025-11-11 18:50:54.536347,99.1209,99.1209,1.53092e-05,2141
2025-11-11 18:50:54.543546,99.1209,99.1209,5.39836e-06,2472
2025-11-11 18:50:54.550556,99.1209,99.1209,5.39836e-06,2323
2025-11-11 18:50:54.557432,99.1209,99.1209,1.60822e-06,2704
2025-11-11 18:50:54.564212,99.1209,99.1209,1.60822e-06,2521
2025-11-11 18:50:54.570643,99.1209,99.1209,5.39836e-06,2357
2025-11-11 18:50:54.578160,99.1209,99.1209,1.53092e-05,2388
2025-11-11 18:50:54.585553,99.1209,99.1209,1.53092e-05,2199
2025-11-11 18:50:54.592540,99.1209,99.1209,1.53092e-05,2163
2025-11-11 18:50:54.599305,99.1209,99.1209,1.53092e-05,2130
2025-11-11 18:50:54.606338,99.1209,99.1209,1.81501e-06,2348
2025-11-11 18:50:54.613484,99.1209,99.1209,1.81501e-06,2307
2025-11-11 18:50:54.620817,99.1209,99.1209,1.81501e-06,2166
2025-11-11 18:50:54.627818,99.1209,99.1209,1.81501e-06,1850
2025-11-11 18:50:54.634869,99.1209,99.1209,6.82173e-07,1769
2025-11-11 18:50:54.642163,99.1209,99.1209,6.82173e-07,1638
2025-11-11 18:50:54.649193,99.1209,99.1209,8.684e-06,2129
2025-11-11 18:50:54.656194,99.1209,99.1209,8.684e-06,2128
2025-11-11 18:50:54.662850,99.1209,99.1209,8.684e-06,1674
2025-11-11 18:50:54.669184,99.1209,99.1209,6.82173e-07,1929
2025-11-11 18:50:54.676647,99.1209,99.1209,6.82173e-07,1594
2025-11-11 18:50:54.683543,99.1209,99.1209,8.684e-06,2073
2025-11-11 18:50:54.690279,99.1209,99.1209,8.684e-06,1997
2025-11-11 18:50:54.697228,99.1209,99.1209,7.47126e-07,2836
2025-11-11 18:50:54.703713,99.1209,99.1209,5.15329e-06,3082
2025-11-11 18:50:54.710910,99.1209,99.1209,7.47126e-07,3564
2025-11-11 18:50:54.718079,99.1209,99.1209,7.47126e-07,3311
2025-11-11 18:50:54.724898,99.1209,99.1209,8.684e-06,3012
2025-11-11 18:50:54.731748,99.1209,99.1209,8.684e-06,2988
2025-11-11 18:50:54.738222,99.1209,99.1209,8.684e-06,2967
2025-11-11 18:50:54.745663,99.1209,99.1209,6.82173e-07,2666
2025-11-11 18:50:54.752964,99.1209,99.1209,1.81501e-06,2983
2025-11-11 18:50:54.759887,99.1209,99.1209,1.53092e-05,3363
2025-11-11 18:50:54.766689,99.1209,99.1209,5.39836e-06,2286
2025-11-11 18:50:54.773625,99.1209,99.1209,1.60822e-06,2141
2025-11-11 18:50:54.780600,99.1209,99.1209,5.39836e-06,2290
2025-11-11 18:50:54.787289,99.1209,99.1209,1.60822e-06,2000
2025-11-11 18:50:54.794339,99.1209,99.1209,2.70485e-07,2011
2025-11-11 18:50:54.801093,99.1209,99.1209,4.18423e-07,1665
2025-11-11 18:50:54.807726,99.1209,99.1209,4.18423e-07,1290
2025-11-11 18:50:54.814284,99.1209,99.1209,7.96465e-06,983
2025-11-11 18:50:54.820740,99.1209,99.1209,4.18423e-07,1456
2025-11-11 18:50:54.828530,99.1209,99.1209,2.70485e-07,1924
2025-11-11 18:50:54.835854,99.1209,99.1209,2.70485e-07,1807
2025-11-11 18:50:54.842613,99.1209,99.1209,2.70485e-07,1756
2025-11-11 18:50:54.849526,99.1209,99.1209,4.18423e-07,1372
2025-11-11 18:50:54.856961,99.1209,99.1209,2.70485e-07,1847
2025-11-11 18:50:54.863853,99.1209,99.1209,2.70485e-07,1812
2025-11-11 18:50:54.870651,99.1209,99.1209,1.60822e-06,2043
2025-11-11 18:50:54.877554,99.1209,99.1209,1.60822e-06,2003
2025-11-11 18:50:54.884075,99.1209,99.1209,1.60822e-06,1928
2025-11-11 18:50:54.890998,99.1209,99.1209,2.70485e-07,1824
2025-11-11 18:50:54.898080,99.1209,99.1209,2.70485e-07,1773
2025-11-11 18:50:54.905087,99.1209,99.1209,2.70485e-07,1625
2025-11-11 18:50:54.911804,99.1209,99.1209,2.70485e-07,1373
2025-11-11 18:50:54.918519,99.1209,99.1209,1.60822e-06,1528
2025-11-11 18:50:54.926106,99.1209,99.1209,5.39836e-06,2109
2025-11-11 18:50:54.933384,99.1209,99.1209,5.39836e-06,2080
2025-11-11 18:50:54.940133,99.1209,99.1209,1.53092e-05,3034
2025-11-11 18:50:54.946862,99.1209,99.1209,1.53092e-05,2908
2025-11-11 18:50:54.953692,99.1209,99.1209,5.39836e-06,2235
2025-11-11 18:50:54.961049,99.1209,99.1209,1.53092e-05,2972
2025-11-11 18:50:54.968490,99.1209,99.1209,1.81501e-06,2911
2025-11-11 18:50:54.975170,99.1209,99.1209,1.81501e-06,2629
2025-11-11 18:50:54.982321,99.1209,99.1209,1.81501e-06,2535
2025-11-11 18:50:54.989204,99.1209,99.1209,1.81501e-06,2490
2025-11-11 18:50:54.996164,99.1209,99.1209,6.82173e-07,3010
2025-11-11 18:50:55.003075,99.1209,99.1209,6.82173e-07,2982
2025-11-11 18:50:55.009935,99.1209,99.1209,6.82173e-07,2890
2025-11-11 18:50:55.016618,99.1209,99.1209,8.684e-06,3041
2025-11-11 18:50:55.024113,99.1209,99.1209,6.82173e-07,2907
2025-11-11 18:50:55.031225,99.1209,99.1209,8.684e-06,3009
2025-11-11 18:50:55.038190,99.1209,99.1209,8.684e-06,2743
2025-11-11 18:50:55.045202,99.1209,99.1209,7.47126e-07,3351
2025-11-11 18:50:55.051867,99.1209,99.1209,7.47126e-07,3117
2025-11-11 18:50:55.059193,99.1209,99.1209,8.684e-06,2567
2025-11-11 18:50:55.065963,99.1209,99.1209,7.47126e-07,2904
2025-11-11 18:50:55.072896,99.1209,99.1209,7.47126e-07,2864
2025-11-11 18:50:55.079750,99.1209,99.1209,7.47126e-07,2771
2025-11-11 18:50:55.086577,99.1209,99.1209,7.47126e-07,2688
2025-11-11 18:50:55.094458,99.1209,99.1209,8.684e-06,2430
2025-11-11 18:50:55.101705,99.1209,99.1209,7.47126e-07,2877
2025-11-11 18:50:55.108449,99.1209,99.1209,5.15329e-06,2952
2025-11-11 18:50:55.115352,99.1209,99.1209,7.47126e-07,2642
2025-11-11 18:50:55.122339,99.1209,99.1209,7.47126e-07,2569
2025-11-11 18:50:55.129663,99.1209,99.1209,5.15329e-06,3186
2025-11-11 18:50:55.136755,99.1209,99.1209,5.15329e-06,3041
2025-11-11 18:50:55.143669,99.1209,99.1209,5.15329e-06,3004
2025-11-11 18:50:55.150344,99.1209,99.1209,7.47126e-07,2546
2025-11-11 18:50:55.157124,99.1209,99.1209,5.15329e-06,3012
2025-11-11 18:50:55.163784,99.1209,99.1209,5.15329e-06,2789
2025-11-11 18:50:55.170632,99.1209,99.1209,5.15329e-06,2737
2025-11-11 18:50:55.178190,99.1209,99.1209,5.15329e-06,2696
2025-11-11 18:50:55.185660,99.1209,99.1209,7.47126e-07,2501
2025-11-11 18:50:55.192534,99.1209,99.1209,8.684e-06,2266
2025-11-11 18:50:55.199275,99.1209,99.1209,8.684e-06,2108
2025-11-11 18:50:55.206317,99.1209,99.1209,8.684e-06,2073
2025-11-11 18:50:55.213908,99.1209,99.1209,7.47126e-07,2483
2025-11-11 18:50:55.220637,99.1209,99.1209,7.47126e-07,2222
2025-11-11 18:50:55.227742,99.1209,99.1209,8.684e-06,1782
2025-11-11 18:50:55.234552,99.1209,99.1209,7.47126e-07,2151
2025-11-11 18:50:55.241807,99.1209,99.1209,8.684e-06,1682
2025-11-11 18:50:55.248921,99.1209,99.1209,6.82173e-07,1590
2025-11-11 18:50:55.256019,99.1209,99.1209,6.82173e-07,1461
2025-11-11 18:50:55.263136,99.1209,99.1209,8.684e-06,1862
2025-11-11 18:50:55.269803,99.1209,99.1209,8.684e-06,1790
2025-11-11 18:50:55.276855,99.1209,99.1209,8.684e-06,1515
2025-11-11 18:50:55.283793,99.1209,99.1209,7.47126e-07,2666
2025-11-11 18:50:55.290676,99.1209,99.1209,5.15329e-06,3294
2025-11-11 18:50:55.297818,99.1209,99.1209,5.84992e-07,3464
2025-11-11 18:50:55.304473,99.1209,99.1209,5.84992e-07,3363
2025-11-11 18:50:55.311878,99.1209,99.1209,5.84992e-07,3221
2025-11-11 18:50:55.319443,99.1209,99.1209,5.84992e-07,3201
2025-11-11 18:50:55.326383,99.1209,99.121,5.31483e-06,3025
2025-11-11 18:50:55.333467,99.1209,99.1209,5.84992e-07,3494
2025-11-11 18:50:55.340675,99.1209,99.1209,5.84992e-07,3230
2025-11-11 18:50:55.347593,99.1209,99.1209,5.84992e-07,3185
2025-11-11 18:50:55.354412,99.1209,99.1209,5.15329e-06,3755
2025-11-11 18:50:55.361386,99.1209,99.1209,7.47126e-07,3143
2025-11-11 18:50:55.368153,99.1209,99.1209,7.47126e-07,3117
2025-11-11 18:50:55.375319,99.1209,99.1209,5.15329e-06,3871
2025-11-11 18:50:55.382414,99.1209,99.1209,5.84992e-07,3198
2025-11-11 18:50:55.389475,99.1209,99.1209,5.15329e-06,3215
2025-11-11 18:50:55.396124,99.1209,99.1209,5.15329e-06,3105
2025-11-11 18:50:55.402692,99.1209,99.1209,5.84992e-07,3381
2025-11-11 18:50:55.410479,99.1209,99.1209,5.15329e-06,3140
2025-11-11 18:50:55.417784,99.1209,99.1209,5.15329e-06,3037
2025-11-11 18:50:55.424361,99.1209,99.1209,5.84992e-07,3336
2025-11-11 18:50:55.431048,99.1209,99.121,5.31483e-06,3154
2025-11-11 18:50:55.438144,99.1209,99.1209,5.84992e-07,3888
2025-11-11 18:50:55.445462,99.1209,99.1209,5.84992e-07,3886
2025-11-11 18:50:55.452699,99.1209,99.1209,5.84992e-07,3620
2025-11-11 18:50:55.459538,99.1209,99.1209,5.84992e-07,3384
2025-11-11 18:50:55.466241,99.1209,99.1209,5.84992e-07,3338
2025-11-11 18:50:55.473094,99.1209,99.1209,5.84992e-07,3323
2025-11-11 18:50:55.479785,99.1209,99.1209,5.84992e-07,3240
2025-11-11 18:50:55.486182,99.1209,99.1209,5.84992e-07,3005
2025-11-11 18:50:55.493381,99.1209,99.1209,5.15329e-06,2959
2025-11-11 18:50:55.500507,99.1209,99.1209,5.15329e-06,2856
2025-11-11 18:50:55.507275,99.1209,99.1209,5.15329e-06,2846
2025-11-11 18:50:55.514082,99.1209,99.1209,5.84992e-07,3091
2025-11-11 18:50:55.521464,99.1209,99.121,5.31483e-06,3373
2025-11-11 18:50:55.528779,99.121,99.121,1.05537e-05,3299
2025-11-11 18:50:55.535990,99.121,99.121,1.05537e-05,3079
2025-11-11 18:50:55.543330,99.1209,99.121,5.31483e-06,2961
2025-11-11 18:50:55.550037,99.121,99.121,1.05537e-05,3561
2025-11-11 18:50:55.557191,99.1209,99.121,5.31483e-06,2961
2025-11-11 18:50:55.564289,99.121,99.121,1.05537e-05,3121
2025-11-11 18:50:55.571238,99.121,99.121,1.05537e-05,3030
2025-11-11 18:50:55.578096,99.1209,99.121,5.31483e-06,2848
2025-11-11 18:50:55.585084,99.1209,99.121,5.31483e-06,2574
2025-11-11 18:50:55.592236,99.1209,99.1209,5.84992e-07,2728
2025-11-11 18:50:55.599368,99.1209,99.1209,5.84992e-07,2692
2025-11-11 18:50:55.606282,99.1209,99.121,5.31483e-06,2638
2025-11-11 18:50:55.613215,99.1209,99.1209,5.84992e-07,2609
2025-11-11 18:50:55.619816,99.1209,99.1209,5.84992e-07,2544
2025-11-11 18:50:55.627809,99.1209,99.1209,5.84992e-07,2477
2025-11-11 18:50:55.635275,99.1209,99.121,5.31483e-06,2399
2025-11-11 18:50:55.642324,99.1209,99.121,5.31483e-06,2334
2025-11-11 18:50:55.649354,99.121,99.121,1.05537e-05,2603
2025-11-11 18:50:55.656480,99.121,99.121,1.05537e-05,2455
2025-11-11 18:50:55.663697,99.121,99.121,3.24242e-06,1559
2025-11-11 18:50:55.670700,99.121,99.121,3.24242e-06,1545
2025-11-11 18:50:55.677410,99.121,99.121,3.24242e-06,1380
2025-11-11 18:50:55.684067,99.121,99.121,2.40071e-06,1269
2025-11-11 18:50:55.691100,99.121,99.121,3.24242e-06,1285
2025-11-11 18:50:55.698223,99.121,99.121,3.24242e-06,1159
2025-11-11 18:50:55.705172,99.121,99.121,2.40071e-06,1505
2025-11-11 18:50:55.712070,99.121,99.121,2.40071e-06,1304
2025-11-11 18:50:55.718544,99.121,99.121,4.58719e-06,1063
2025-11-11 18:50:55.726179,99.121,99.121,2.40071e-06,1325
2025-11-11 18:50:55.733086,99.121,99.121,4.58719e-06,1003
2025-11-11 18:50:55.739856,99.121,99.121,2.40071e-06,1348
2025-11-11 18:50:55.747107,99.121,99.121,3.24242e-06,1323
2025-11-11 18:50:55.753840,99.121,99.121,1.05537e-05,2099
2025-11-11 18:50:55.761366,99.121,99.121,1.05537e-05,2094
2025-11-11 18:50:55.768498,99.121,99.121,3.24242e-06,1487
2025-11-11 18:50:55.775362,99.121,99.121,1.05537e-05,2550
2025-11-11 18:50:55.782052,99.121,99.121,1.05537e-05,2155
2025-11-11 18:50:55.788674,99.121,99.121,1.05537e-05,2024
2025-11-11 18:50:55.795886,99.121,99.121,3.24242e-06,1563
2025-11-11 18:50:55.803059,99.121,99.121,3.24242e-06,1546
2025-11-11 18:50:55.809876,99.121,99.121,3.24242e-06,1535
2025-11-11 18:50:55.816648,99.121,99.121,2.40071e-06,1712
2025-11-11 18:50:55.823977,99.121,99.121,2.40071e-06,1555
2025-11-11 18:50:55.831099,99.121,99.121,3.24242e-06,1319
2025-11-11 18:50:55.837744,99.121,99.121,2.40071e-06,1443
2025-11-11 18:50:55.844643,99.121,99.121,2.40071e-06,1436
2025-11-11 18:50:55.851386,99.121,99.121,3.24242e-06,1649
2025-11-11 18:50:55.858149,99.121,99.121,3.24242e-06,1311
2025-11-11 18:50:55.865076,99.121,99.121,3.24242e-06,912
2025-11-11 18:50:55.871775,99.121,99.121,2.40071e-06,1070
2025-11-11 18:50:55.879497,99.121,99.121,2.40071e-06,1031
2025-11-11 18:50:55.886483,99.121,99.121,3.24242e-06,869
2025-11-11 18:50:55.893548,99.121,99.121,2.40071e-06,1335
2025-11-11 18:50:55.900382,99.121,99.121,4.58719e-06,1161
2025-11-11 18:50:55.907618,99.121,99.121,2.40071e-06,1335
2025-11-11 18:50:55.914785,99.121,99.121,3.24242e-06,864
2025-11-11 18:50:55.921871,99.121,99.121,2.40071e-06,1111
2025-11-11 18:50:55.928741,99.121,99.121,4.58719e-06,944
2025-11-11 18:50:55.935170,99.121,99.121,1.61538e-07,1186
2025-11-11 18:50:55.942470,99.121,99.121,4.58719e-06,1083
2025-11-11 18:50:55.949830,99.121,99.121,2.40071e-06,1399
2025-11-11 18:50:55.956655,99.121,99.121,3.24242e-06,1191
2025-11-11 18:50:55.963533,99.121,99.121,2.40071e-06,1720
2025-11-11 18:50:55.970306,99.121,99.121,2.40071e-06,1698
2025-11-11 18:50:55.977580,99.121,99.121,4.58719e-06,1670
2025-11-11 18:50:55.984784,99.121,99.121,1.61538e-07,1788
2025-11-11 18:50:55.991569,99.121,99.121,4.58719e-06,2013
2025-11-11 18:50:55.998425,99.121,99.121,4.58719e-06,1798
2025-11-11 18:50:56.005213,99.121,99.121,2.40071e-06,1664
2025-11-11 18:50:56.013169,99.121,99.121,4.58719e-06,1605
2025-11-11 18:50:56.020042,99.121,99.121,4.58719e-06,1451
2025-11-11 18:50:56.026979,99.121,99.121,4.58719e-06,1203
2025-11-11 18:50:56.033776,99.121,99.121,2.40071e-06,1686
2025-11-11 18:50:56.041217,99.121,99.121,2.40071e-06,1532
2025-11-11 18:50:56.048930,99.121,99.121,4.58719e-06,1257
2025-11-11 18:50:56.055835,99.121,99.121,4.58719e-06,1240
2025-11-11 18:50:56.062704,99.121,99.121,1.61538e-07,1827
2025-11-11 18:50:56.069565,99.121,99.121,4.8446e-07,1665
2025-11-11 18:50:56.076806,99.121,99.121,8.9787e-07,1787
2025-11-11 18:50:56.084275,99.121,99.121,8.9787e-07,1710
2025-11-11 18:50:56.091168,99.121,99.121,8.9787e-07,1567
2025-11-11 18:50:56.098979,99.121,99.121,1.79806e-06,1507
2025-11-11 18:50:56.106278,99.121,99.121,8.9787e-07,1782
2025-11-11 18:50:56.113636,99.121,99.121,4.8446e-07,1739
2025-11-11 18:50:56.120632,99.121,99.121,4.8446e-07,1697
2025-11-11 18:50:56.127777,99.121,99.121,8.9787e-07,2131
2025-11-11 18:50:56.134505,99.121,99.121,8.9787e-07,2001
2025-11-11 18:50:56.141938,99.121,99.121,8.9787e-07,1930
2025-11-11 18:50:56.149099,99.121,99.121,8.9787e-07,1885
2025-11-11 18:50:56.156090,99.121,99.121,1.79806e-06,1716
2025-11-11 18:50:56.163008,99.121,99.121,8.9787e-07,1737
2025-11-11 18:50:56.169730,99.121,99.121,8.9787e-07,1699
2025-11-11 18:50:56.176996,99.121,99.121,4.8446e-07,1448
2025-11-11 18:50:56.184299,99.121,99.121,8.9787e-07,1787
2025-11-11 18:50:56.191573,99.121,99.121,1.79806e-06,1670
2025-11-11 18:50:56.198506,99.121,99.121,7.58966e-06,2046
2025-11-11 18:50:56.205165,99.121,99.121,7.58966e-06,1697
2025-11-11 18:50:56.211627,99.121,99.121,7.58966e-06,1438
2025-11-11 18:50:56.218138,99.121,99.121,4.26213e-07,1463
2025-11-11 18:50:56.225615,99.121,99.121,4.26213e-07,1436
2025-11-11 18:50:56.232767,99.121,99.121,7.15232e-07,1611
2025-11-11 18:50:56.239644,99.121,99.121,4.26213e-07,1469
2025-11-11 18:50:56.246542,99.121,99.121,7.15232e-07,1578
2025-11-11 18:50:56.253262,99.121,99.121,4.26213e-07,1337
2025-11-11 18:50:56.260624,99.121,99.121,4.26213e-07,1169
2025-11-11 18:50:56.267990,99.121,99.121,7.58966e-06,1410
2025-11-11 18:50:56.275020,99.121,99.121,4.26213e-07,1234
2025-11-11 18:50:56.281840,99.121,99.121,7.58966e-06,1610
2025-11-11 18:50:56.288537,99.121,99.121,7.58966e-06,1346
2025-11-11 18:50:56.296395,99.121,99.121,4.26213e-07,1407
2025-11-11 18:50:56.303274,99.121,99.121,7.15232e-07,1768
2025-11-11 18:50:56.310290,99.121,99.121,7.15232e-07,1739
2025-11-11 18:50:56.317182,99.121,99.121,3.51247e-06,2211
2025-11-11 18:50:56.324437,99.121,99.121,6.02564e-07,2249
2025-11-11 18:50:56.331742,99.121,99.121,6.02564e-07,2171
2025-11-11 18:50:56.338675,99.121,99.121,6.02564e-07,2101
2025-11-11 18:50:56.345709,99.121,99.121,1.42909e-05,2658
2025-11-11 18:50:56.352429,99.121,99.121,2.27239e-06,2584
2025-11-11 18:50:56.360053,99.121,99.121,1.42909e-05,2878
2025-11-11 18:50:56.367563,99.121,99.121,1.42909e-05,2587
2025-11-11 18:50:56.375886,99.121,99.121,2.27239e-06,2133
2025-11-11 18:50:56.385271,99.121,99.121,2.65921e-06,1879
2025-11-11 18:50:56.392414,99.121,99.121,2.27239e-06,2007
2025-11-11 18:50:56.399504,99.121,99.121,2.65921e-06,1850
2025-11-11 18:50:56.406471,99.121,99.121,2.65921e-06,1846
2025-11-11 18:50:56.413378,99.121,99.121,2.27239e-06,2281
2025-11-11 18:50:56.420244,99.121,99.121,2.65921e-06,2056
2025-11-11 18:50:56.427920,99.121,99.121,2.65921e-06,1940
2025-11-11 18:50:56.434911,99.121,99.121,2.65921e-06,1820
2025-11-11 18:50:56.441660,99.121,99.121,2.27239e-06,2277
2025-11-11 18:50:56.448886,99.121,99.121,1.42909e-05,2495
2025-11-11 18:50:56.455964,99.121,99.121,2.27239e-06,2420
2025-11-11 18:50:56.463515,99.121,99.121,1.42909e-05,2692
2025-11-11 18:50:56.470780,99.121,99.121,1.42909e-05,2542
2025-11-11 18:50:56.477971,99.121,99.121,1.42909e-05,2183
2025-11-11 18:50:56.484761,99.121,99.121,2.27239e-06,2097
2025-11-11 18:50:56.492065,99.121,99.121,2.27239e-06,1886
2025-11-11 18:50:56.498935,99.121,99.121,2.65921e-06,1634
2025-11-11 18:50:56.505903,99.121,99.121,2.49226e-06,875
2025-11-11 18:50:56.512659,99.121,99.121,4.02432e-06,651
2025-11-11 18:50:56.519509,99.121,99.121,1.89416e-06,639
2025-11-11 18:50:56.527340,99.121,99.121,4.02432e-06,816
2025-11-11 18:50:56.534554,99.121,99.121,2.49226e-06,1152
2025-11-11 18:50:56.541366,99.121,99.121,2.65921e-06,2103
2025-11-11 18:50:56.548156,99.121,99.121,2.27239e-06,2365
2025-11-11 18:50:56.554783,99.121,99.121,2.65921e-06,2349
2025-11-11 18:50:56.561454,99.121,99.121,2.27239e-06,2301
2025-11-11 18:50:56.568567,99.121,99.121,2.65921e-06,2486
2025-11-11 18:50:56.576225,99.121,99.121,2.65921e-06,2188
2025-11-11 18:50:56.583390,99.121,99.121,2.65921e-06,2013
2025-11-11 18:50:56.590427,99.121,99.121,2.65921e-06,1874
2025-11-11 18:50:56.597366,99.121,99.121,2.49226e-06,1128
2025-11-11 18:50:56.604055,99.121,99.121,2.65921e-06,2055
2025-11-11 18:50:56.611756,99.121,99.121,2.65921e-06,1790
2025-11-11 18:50:56.619130,99.121,99.121,2.49226e-06,1312
2025-11-11 18:50:56.626428,99.121,99.121,2.49226e-06,1133
2025-11-11 18:50:56.633734,99.121,99.121,4.02432e-06,982
2025-11-11 18:50:56.640740,99.121,99.121,1.89416e-06,1041
2025-11-11 18:50:56.647687,99.121,99.121,3.08098e-06,828
2025-11-11 18:50:56.654673,99.121,99.121,1.89416e-06,1070
2025-11-11 18:50:56.661698,99.121,99.121,3.08098e-06,810
2025-11-11 18:50:56.668831,99.121,99.121,2.80091e-06,1300
2025-11-11 18:50:56.676181,99.121,99.121,2.80091e-06,1025
2025-11-11 18:50:56.683311,99.121,99.121,3.84858e-06,1226
2025-11-11 18:50:56.690304,99.121,99.121,5.05135e-06,1277
2025-11-11 18:50:56.697135,99.121,99.121,3.84858e-06,1338
2025-11-11 18:50:56.703867,99.121,99.121,2.80091e-06,1426
2025-11-11 18:50:56.711369,99.121,99.121,3.84858e-06,1159
2025-11-11 18:50:56.718744,99.121,99.121,3.84858e-06,958
2025-11-11 18:50:56.725917,99.121,99.121,2.80091e-06,1673
2025-11-11 18:50:56.732980,99.121,99.121,2.80091e-06,1527
2025-11-11 18:50:56.740012,99.121,99.121,3.08098e-06,1477
2025-11-11 18:50:56.747044,99.121,99.121,2.87689e-06,1499
2025-11-11 18:50:56.753934,99.121,99.121,2.04088e-07,1748
2025-11-11 18:50:56.761158,99.121,99.121,2.04088e-07,1625
2025-11-11 18:50:56.768248,99.121,99.121,2.04088e-07,1602
2025-11-11 18:50:56.776057,99.121,99.121,2.87689e-06,1975
2025-11-11 18:50:56.783398,99.121,99.121,2.87689e-06,1810
2025-11-11 18:50:56.790369,99.121,99.121,2.87689e-06,1786
2025-11-11 18:50:56.797304,99.121,99.121,2.87689e-06,1473
2025-11-11 18:50:56.803911,99.121,99.121,1.89416e-06,1870
2025-11-11 18:50:56.811384,99.121,99.121,1.89416e-06,1753
2025-11-11 18:50:56.818617,99.121,99.121,4.02432e-06,1583
2025-11-11 18:50:56.825532,99.121,99.121,4.02432e-06,1573
2025-11-11 18:50:56.832502,99.121,99.121,4.02432e-06,1415
2025-11-11 18:50:56.839639,99.121,99.121,1.89416e-06,1474
2025-11-11 18:50:56.847132,99.121,99.121,2.87689e-06,1230
2025-11-11 18:50:56.854263,99.121,99.121,1.89416e-06,1350
2025-11-11 18:50:56.861326,99.121,99.121,2.87689e-06,1198
2025-11-11 18:50:56.868126,99.121,99.121,2.04088e-07,1508
2025-11-11 18:50:56.875798,99.121,99.121,2.87689e-06,1172
2025-11-11 18:50:56.882784,99.121,99.121,2.04088e-07,1642
2025-11-11 18:50:56.889684,99.121,99.121,2.04088e-07,1251
2025-11-11 18:50:56.896527,99.121,99.121,2.04088e-07,1060
2025-11-11 18:50:56.903091,99.121,99.121,2.87689e-06,1102
2025-11-11 18:50:56.909690,99.121,99.121,1.89416e-06,1806
2025-11-11 18:50:56.916196,99.121,99.121,4.02432e-06,2132
2025-11-11 18:50:56.923497,99.121,99.121,2.49226e-06,1719
2025-11-11 18:50:56.930776,99.121,99.121,4.02432e-06,2180
2025-11-11 18:50:56.937556,99.121,99.121,1.89416e-06,1905
2025-11-11 18:50:56.944912,99.121,99.121,2.87689e-06,1305
2025-11-11 18:50:56.951814,99.121,99.121,1.89416e-06,1560
2025-11-11 18:50:56.959361,99.121,99.121,1.89416e-06,1407
2025-11-11 18:50:56.966676,99.121,99.121,4.02432e-06,1471
2025-11-11 18:50:56.973788,99.121,99.121,4.02432e-06,1370
2025-11-11 18:50:56.981186,99.121,99.121,4.02432e-06,1243
2025-11-11 18:50:56.987973,99.121,99.121,4.02432e-06,1151
2025-11-11 18:50:56.996041,99.121,99.121,1.89416e-06,1139
2025-11-11 18:50:57.003174,99.121,99.121,6.51658e-06,1655
2025-11-11 18:50:57.010138,99.121,99.121,6.51658e-06,1492
2025-11-11 18:50:57.016963,99.121,99.121,9.17579e-06,2182
2025-11-11 18:50:57.024648,99.121,99.121,9.17579e-06,2123
2025-11-11 18:50:57.032137,99.121,99.121,2.27239e-06,1829
2025-11-11 18:50:57.039051,99.121,99.121,1.42909e-05,1937
2025-11-11 18:50:57.045915,99.121,99.121,2.27239e-06,1702
2025-11-11 18:50:57.052652,99.121,99.121,1.42909e-05,2533
2025-11-11 18:50:57.060237,99.121,99.121,6.02564e-07,2567
2025-11-11 18:50:57.067846,99.121,99.121,3.51247e-06,2451
2025-11-11 18:50:57.074900,99.121,99.121,3.51247e-06,2130
2025-11-11 18:50:57.082755,99.121,99.121,6.02564e-07,2266
2025-11-11 18:50:57.090110,99.121,99.121,6.02564e-07,2125
2025-11-11 18:50:57.098151,99.121,99.121,1.42909e-05,2532
2025-11-11 18:50:57.105364,99.121,99.121,1.42909e-05,2248
2025-11-11 18:50:57.112261,99.121,99.121,2.27239e-06,1792
2025-11-11 18:50:57.118922,99.121,99.121,1.42909e-05,1858
2025-11-11 18:50:57.126280,99.121,99.121,2.27239e-06,1896
2025-11-11 18:50:57.133648,99.121,99.121,2.27239e-06,1646
2025-11-11 18:50:57.140808,99.121,99.121,9.17579e-06,2126
2025-11-11 18:50:57.147712,99.121,99.121,2.27239e-06,1908
2025-11-11 18:50:57.154506,99.121,99.121,2.27239e-06,1875
2025-11-11 18:50:57.162274,99.121,99.121,2.27239e-06,1653
2025-11-11 18:50:57.169510,99.121,99.121,9.17579e-06,1945
2025-11-11 18:50:57.176457,99.121,99.121,2.27239e-06,1881
2025-11-11 18:50:57.184118,99.121,99.121,2.27239e-06,1602
2025-11-11 18:50:57.191275,99.121,99.121,1.42909e-05,1941
2025-11-11 18:50:57.198643,99.121,99.121,2.27239e-06,1773
2025-11-11 18:50:57.205737,99.121,99.121,2.27239e-06,1716
2025-11-11 18:50:57.212919,99.121,99.121,9.17579e-06,2074
2025-11-11 18:50:57.219633,99.121,99.121,2.27239e-06,2120
2025-11-11 18:50:57.226951,99.121,99.121,2.27239e-06,2033
2025-11-11 18:50:57.234269,99.121,99.121,2.27239e-06,1887
2025-11-11 18:50:57.241184,99.121,99.121,2.27239e-06,1715
2025-11-11 18:50:57.248026,99.121,99.121,1.42909e-05,2400
2025-11-11 18:50:57.254613,99.121,99.121,1.42909e-05,2046
2025-11-11 18:50:57.261153,99.121,99.121,1.42909e-05,1980
2025-11-11 18:50:57.268177,99.121,99.121,6.02564e-07,2233
2025-11-11 18:50:57.275940,99.121,99.121,3.51247e-06,2880
2025-11-11 18:50:57.283390,99.121,99.121,3.51247e-06,2561
2025-11-11 18:50:57.290329,99.121,99.121,3.51247e-06,2509
2025-11-11 18:50:57.297095,99.121,99.121,3.51247e-06,2332
2025-11-11 18:50:57.304035,99.121,99.121,3.51247e-06,2256
2025-11-11 18:50:57.311901,99.121,99.121,7.15232e-07,2365
2025-11-11 18:50:57.319525,99.121,99.121,7.15232e-07,2222
2025-11-11 18:50:57.326791,99.121,99.121,7.15232e-07,2210
2025-11-11 18:50:57.333807,99.121,99.121,4.26213e-07,2098
2025-11-11 18:50:57.341061,99.121,99.121,7.15232e-07,2592
2025-11-11 18:50:57.348278,99.121,99.121,3.51247e-06,2474
2025-11-11 18:50:57.355384,99.121,99.121,6.02564e-07,2279
2025-11-11 18:50:57.362286,99.121,99.121,3.51247e-06,2221
2025-11-11 18:50:57.369042,99.121,99.121,7.15232e-07,2364
2025-11-11 18:50:57.376463,99.121,99.121,4.26213e-07,1758
2025-11-11 18:50:57.383847,99.121,99.121,4.26213e-07,1757
2025-11-11 18:50:57.391017,99.121,99.121,7.15232e-07,1964
2025-11-11 18:50:57.397862,99.121,99.121,4.26213e-07,1721
2025-11-11 18:50:57.404526,99.121,99.121,7.15232e-07,1954
2025-11-11 18:50:57.412132,99.121,99.121,3.51247e-06,1812
2025-11-11 18:50:57.419552,99.121,99.121,3.51247e-06,1766
2025-11-11 18:50:57.426829,99.121,99.121,6.02564e-07,2049
2025-11-11 18:50:57.433726,99.121,99.121,6.02564e-07,1785
2025-11-11 18:50:57.441217,99.121,99.121,3.51247e-06,1966
2025-11-11 18:50:57.448493,99.121,99.121,3.51247e-06,1836
2025-11-11 18:50:57.455407,99.121,99.121,7.15232e-07,2386
2025-11-11 18:50:57.462508,99.121,99.121,4.26213e-07,2218
2025-11-11 18:50:57.469429,99.121,99.121,7.15232e-07,2735
2025-11-11 18:50:57.477280,99.121,99.121,7.15232e-07,2637
2025-11-11 18:50:57.485200,99.121,99.121,4.26213e-07,2332
2025-11-11 18:50:57.492094,99.121,99.121,4.26213e-07,2291
2025-11-11 18:50:57.499061,99.121,99.121,7.58966e-06,2044
2025-11-11 18:50:57.506242,99.121,99.121,7.58966e-06,1788
2025-11-11 18:50:57.514034,99.121,99.121,7.58966e-06,1678
2025-11-11 18:50:57.520959,99.121,99.121,1.79806e-06,2040
2025-11-11 18:50:57.528037,99.121,99.121,1.79806e-06,1529
2025-11-11 18:50:57.535168,99.121,99.121,7.58966e-06,1997
2025-11-11 18:50:57.542549,99.121,99.121,4.26213e-07,2463
2025-11-11 18:50:57.549778,99.121,99.121,4.26213e-07,2365
2025-11-11 18:50:57.556668,99.121,99.121,7.15232e-07,3401
2025-11-11 18:50:57.563721,99.121,99.121,7.15232e-07,3261
2025-11-11 18:50:57.570388,99.121,99.121,7.15232e-07,2848
2025-11-11 18:50:57.578143,99.121,99.121,7.15232e-07,2704
2025-11-11 18:50:57.585738,99.121,99.121,4.26213e-07,2601
2025-11-11 18:50:57.593016,99.121,99.121,4.26213e-07,2376
2025-11-11 18:50:57.600001,99.121,99.121,7.58966e-06,2306
2025-11-11 18:50:57.606838,99.121,99.121,7.58966e-06,2122
2025-11-11 18:50:57.613742,99.121,99.121,7.58966e-06,2027
2025-11-11 18:50:57.620313,99.121,99.121,7.58966e-06,1799
2025-11-11 18:50:57.628222,99.121,99.121,4.26213e-07,2127
2025-11-11 18:50:57.635553,99.121,99.121,7.58966e-06,2013
2025-11-11 18:50:57.642448,99.121,99.121,4.26213e-07,2098
2025-11-11 18:50:57.649451,99.121,99.121,7.58966e-06,1738
2025-11-11 18:50:57.656662,99.121,99.121,7.58966e-06,1681
2025-11-11 18:50:57.663905,99.121,99.121,7.58966e-06,1662
2025-11-11 18:50:57.670807,99.121,99.121,1.79806e-06,1615
2025-11-11 18:50:57.678560,99.121,99.121,1.79806e-06,1544
2025-11-11 18:50:57.685754,99.121,99.121,7.58966e-06,1778
2025-11-11 18:50:57.693253,99.121,99.121,4.26213e-07,2207
2025-11-11 18:50:57.700541,99.121,99.121,7.15232e-07,2664
2025-11-11 18:50:57.707591,99.121,99.121,4.26213e-07,2387
2025-11-11 18:50:57.714584,99.121,99.121,7.15232e-07,2371
2025-11-11 18:50:57.721367,99.121,99.121,4.26213e-07,2456
2025-11-11 18:50:57.728991,99.121,99.121,4.26213e-07,2221
2025-11-11 18:50:57.736263,99.121,99.121,7.15232e-07,2439
2025-11-11 18:50:57.743462,99.121,99.121,3.51247e-06,1857
2025-11-11 18:50:57.750409,99.121,99.121,7.15232e-07,2138
2025-11-11 18:50:57.758091,99.121,99.121,4.26213e-07,1855
2025-11-11 18:50:57.765314,99.121,99.121,4.26213e-07,1711
2025-11-11 18:50:57.772395,99.121,99.121,7.58966e-06,1832
2025-11-11 18:50:57.779543,99.121,99.121,1.79806e-06,1550
2025-11-11 18:50:57.786449,99.121,99.121,8.9787e-07,1891
2025-11-11 18:50:57.793993,99.121,99.121,1.79806e-06,1955
2025-11-11 18:50:57.801283,99.121,99.121,1.79806e-06,1891
2025-11-11 18:50:57.807942,99.121,99.121,7.58966e-06,2048
2025-11-11 18:50:57.814636,99.121,99.121,7.58966e-06,1988
2025-11-11 18:50:57.821332,99.121,99.121,7.58966e-06,1909
2025-11-11 18:50:57.828845,99.121,99.121,7.58966e-06,1858
2025-11-11 18:50:57.835886,99.121,99.121,7.58966e-06,1847
2025-11-11 18:50:57.842658,99.121,99.121,7.58966e-06,1780
2025-11-11 18:50:57.849491,99.121,99.121,4.26213e-07,2013
2025-11-11 18:50:57.856639,99.121,99.121,7.15232e-07,2267
2025-11-11 18:50:57.863753,99.121,99.121,7.15232e-07,2199
2025-11-11 18:50:57.870775,99.121,99.121,4.26213e-07,2333
2025-11-11 18:50:57.877725,99.121,99.121,4.26213e-07,2248
2025-11-11 18:50:57.884373,99.121,99.121,4.26213e-07,2199
2025-11-11 18:50:57.891827,99.121,99.121,4.26213e-07,2072
2025-11-11 18:50:57.898914,99.121,99.121,4.26213e-07,2017
2025-11-11 18:50:57.905778,99.121,99.121,7.58966e-06,1794
2025-11-11 18:50:57.912497,99.121,99.121,1.79806e-06,1918
2025-11-11 18:50:57.919117,99.121,99.121,1.79806e-06,1684
2025-11-11 18:50:57.926247,99.121,99.121,1.79806e-06,1419
2025-11-11 18:50:57.933386,99.121,99.121,7.58966e-06,1557
2025-11-11 18:50:57.940241,99.121,99.121,1.79806e-06,1530
2025-11-11 18:50:57.947152,99.121,99.121,8.9787e-07,2598
2025-11-11 18:50:57.953901,99.121,99.121,8.9787e-07,2115
2025-11-11 18:50:57.960677,99.121,99.121,8.9787e-07,1875
2025-11-11 18:50:57.967181,99.121,99.121,1.79806e-06,1560
2025-11-11 18:50:57.974375,99.121,99.121,8.9787e-07,2087
2025-11-11 18:50:57.981735,99.121,99.121,1.79806e-06,1497
2025-11-11 18:50:57.988681,99.121,99.121,1.79806e-06,1472
2025-11-11 18:50:57.996037,99.121,99.121,7.58966e-06,2062
2025-11-11 18:50:58.002699,99.121,99.121,7.58966e-06,1892
2025-11-11 18:50:58.009777,99.121,99.121,7.58966e-06,1862
2025-11-11 18:50:58.017067,99.121,99.121,4.26213e-07,1971
2025-11-11 18:50:58.023858,99.121,99.121,4.26213e-07,1913
2025-11-11 18:50:58.030682,99.121,99.121,7.15232e-07,2205
2025-11-11 18:50:58.037150,99.121,99.121,4.26213e-07,1904
2025-11-11 18:50:58.044425,99.121,99.121,7.58966e-06,1851
2025-11-11 18:50:58.051974,99.121,99.121,4.26213e-07,2344
2025-11-11 18:50:58.058821,99.121,99.121,7.58966e-06,1647
2025-11-11 18:50:58.065830,99.121,99.121,4.26213e-07,2476
2025-11-11 18:50:58.072997,99.121,99.121,7.15232e-07,2987
2025-11-11 18:50:58.080209,99.121,99.121,7.15232e-07,2972
2025-11-11 18:50:58.087269,99.121,99.121,7.15232e-07,2860
2025-11-11 18:50:58.095820,99.121,99.121,3.51247e-06,2850
2025-11-11 18:50:58.102800,99.121,99.121,7.15232e-07,3017
2025-11-11 18:50:58.109990,99.121,99.121,7.15232e-07,2836
2025-11-11 18:50:58.117070,99.121,99.121,7.15232e-07,2813
2025-11-11 18:50:58.123811,99.121,99.121,7.15232e-07,2730
2025-11-11 18:50:58.130476,99.121,99.121,3.51247e-06,2857
2025-11-11 18:50:58.137321,99.121,99.121,6.02564e-07,3075
2025-11-11 18:50:58.144877,99.121,99.121,6.02564e-07,2951
2025-11-11 18:50:58.152110,99.121,99.121,6.02564e-07,2694
2025-11-11 18:50:58.158796,99.121,99.121,6.02564e-07,2657
2025-11-11 18:50:58.166407,99.121,99.121,1.42909e-05,2393
2025-11-11 18:50:58.173457,99.121,99.121,6.02564e-07,3022
2025-11-11 18:50:58.180487,99.121,99.121,6.02564e-07,2836
2025-11-11 18:50:58.187587,99.121,99.121,3.51247e-06,3000
2025-11-11 18:50:58.194851,99.121,99.121,3.51247e-06,2825
2025-11-11 18:50:58.201575,99.121,99.121,3.51247e-06,2730
2025-11-11 18:50:58.209051,99.121,99.121,6.02564e-07,2754
2025-11-11 18:50:58.216069,99.121,99.121,1.42909e-05,2721
2025-11-11 18:50:58.223064,99.121,99.121,1.42909e-05,2514
2025-11-11 18:50:58.229951,99.121,99.121,1.42909e-05,2490
2025-11-11 18:50:58.236492,99.121,99.121,1.42909e-05,2307
2025-11-11 18:50:58.243736,99.121,99.121,1.42909e-05,2192
2025-11-11 18:50:58.250829,99.121,99.121,6.02564e-07,2460
2025-11-11 18:50:58.257730,99.121,99.121,3.51247e-06,2407
2025-11-11 18:50:58.264761,99.121,99.121,6.02564e-07,2402
2025-11-11 18:50:58.271667,99.121,99.121,6.02564e-07,2239
2025-11-11 18:50:58.278954,99.121,99.121,6.02564e-07,2224
2025-11-11 18:50:58.286183,99.121,99.121,3.51247e-06,2375
2025-11-11 18:50:58.293211,99.121,99.121,6.02564e-07,2205
2025-11-11 18:50:58.300247,99.121,99.121,6.02564e-07,2204
2025-11-11 18:50:58.306996,99.121,99.121,1.42909e-05,1917
2025-11-11 18:50:58.313719,99.121,99.121,1.42909e-05,1800
2025-11-11 18:50:58.320296,99.121,99.121,2.27239e-06,1239
2025-11-11 18:50:58.327733,99.121,99.121,2.27239e-06,1141
2025-11-11 18:50:58.334782,99.121,99.121,1.42909e-05,1648
2025-11-11 18:50:58.341640,99.121,99.121,2.27239e-06,1027
2025-11-11 18:50:58.348415,99.121,99.121,9.17579e-06,1689
2025-11-11 18:50:58.355247,99.121,99.121,9.17579e-06,1493
2025-11-11 18:50:58.362916,99.121,99.121,2.27239e-06,733
2025-11-11 18:50:58.370072,99.121,99.121,9.17579e-06,1683
2025-11-11 18:50:58.376763,99.121,99.121,1.107e-05,1711
2025-11-11 18:50:58.383614,99.121,99.121,1.107e-05,1561
2025-11-11 18:50:58.390987,99.121,99.121,1.107e-05,1473
2025-11-11 18:50:58.398092,99.121,99.121,2.27239e-06,1712
2025-11-11 18:50:58.405242,99.121,99.121,1.42909e-05,2206
2025-11-11 18:50:58.412291,99.121,99.121,6.02564e-07,2576
2025-11-11 18:50:58.419126,99.121,99.121,3.51247e-06,2510
2025-11-11 18:50:58.426301,99.121,99.121,6.02564e-07,2593
2025-11-11 18:50:58.433286,99.121,99.121,3.51247e-06,2613
2025-11-11 18:50:58.440257,99.121,99.121,6.02564e-07,2722
2025-11-11 18:50:58.446960,99.121,99.121,3.51247e-06,2707
2025-11-11 18:50:58.453867,99.121,99.121,7.15232e-07,2929
2025-11-11 18:50:58.461176,99.121,99.121,3.51247e-06,2643
2025-11-11 18:50:58.468437,99.121,99.121,7.15232e-07,3098
2025-11-11 18:50:58.476165,99.121,99.121,7.15232e-07,2827
2025-11-11 18:50:58.483636,99.121,99.121,3.51247e-06,2426
2025-11-11 18:50:58.490639,99.121,99.121,7.15232e-07,2696
2025-11-11 18:50:58.497787,99.121,99.121,4.26213e-07,2687
2025-11-11 18:50:58.504610,99.121,99.121,4.26213e-07,2665
2025-11-11 18:50:58.511897,99.121,99.121,7.58966e-06,2080
2025-11-11 18:50:58.518583,99.121,99.121,7.58966e-06,1687
2025-11-11 18:50:58.525859,99.121,99.121,1.79806e-06,2136
2025-11-11 18:50:58.532895,99.121,99.121,1.79806e-06,1783
2025-11-11 18:50:58.539660,99.121,99.121,8.9787e-07,2357
2025-11-11 18:50:58.546568,99.121,99.121,4.8446e-07,2099
2025-11-11 18:50:58.553251,99.121,99.121,8.9787e-07,2091
2025-11-11 18:50:58.560839,99.121,99.121,4.8446e-07,2134
2025-11-11 18:50:58.568141,99.121,99.121,1.61538e-07,2149
2025-11-11 18:50:58.575264,99.121,99.121,1.61538e-07,2126
2025-11-11 18:50:58.582226,99.121,99.121,4.58719e-06,1653
2025-11-11 18:50:58.589151,99.121,99.121,2.40071e-06,1918
2025-11-11 18:50:58.596625,99.121,99.121,2.40071e-06,1668
2025-11-11 18:50:58.603472,99.121,99.121,3.24242e-06,1305
2025-11-11 18:50:58.611071,99.121,99.121,3.24242e-06,1186
2025-11-11 18:50:58.617771,99.121,99.121,1.05537e-05,2099
2025-11-11 18:50:58.625167,99.121,99.121,3.24242e-06,1343
2025-11-11 18:50:58.632313,99.121,99.121,1.05537e-05,2191
2025-11-11 18:50:58.639259,99.121,99.121,1.05537e-05,2174
2025-11-11 18:50:58.646056,99.121,99.121,3.24242e-06,1406
2025-11-11 18:50:58.652678,99.121,99.121,2.40071e-06,1884
2025-11-11 18:50:58.659299,99.121,99.121,4.58719e-06,1591
2025-11-11 18:50:58.665814,99.121,99.121,2.40071e-06,1961
2025-11-11 18:50:58.672346,99.121,99.121,2.40071e-06,1957
2025-11-11 18:50:58.680298,99.121,99.121,2.40071e-06,1753
2025-11-11 18:50:58.687140,99.121,99.121,4.58719e-06,1996
2025-11-11 18:50:58.694241,99.121,99.121,4.58719e-06,1627
2025-11-11 18:50:58.701297,99.121,99.121,1.61538e-07,2153
2025-11-11 18:50:58.708718,99.121,99.121,4.8446e-07,2305
2025-11-11 18:50:58.716436,99.121,99.121,8.9787e-07,2107
2025-11-11 18:50:58.723318,99.121,99.121,1.79806e-06,1884
2025-11-11 18:50:58.730345,99.121,99.121,7.58966e-06,2136
2025-11-11 18:50:58.737067,99.121,99.121,7.58966e-06,2003
2025-11-11 18:50:58.744764,99.121,99.121,7.58966e-06,1979
2025-11-11 18:50:58.752099,99.121,99.121,1.79806e-06,1764
2025-11-11 18:50:58.759178,99.121,99.121,8.9787e-07,1813
2025-11-11 18:50:58.766156,99.121,99.121,8.9787e-07,1683
2025-11-11 18:50:58.773841,99.121,99.121,4.8446e-07,2095
2025-11-11 18:50:58.781027,99.121,99.121,8.9787e-07,1717
2025-11-11 18:50:58.788243,99.121,99.121,8.9787e-07,1664
2025-11-11 18:50:58.795107,99.121,99.121,8.9787e-07,1604
2025-11-11 18:50:58.801937,99.121,99.121,4.8446e-07,1781
2025-11-11 18:50:58.809175,99.121,99.121,1.61538e-07,1467
2025-11-11 18:50:58.816686,99.121,99.121,1.61538e-07,1409
2025-11-11 18:50:58.824068,99.121,99.121,4.8446e-07,1672
2025-11-11 18:50:58.831016,99.121,99.121,1.61538e-07,1511
2025-11-11 18:50:58.837910,99.121,99.121,1.61538e-07,1496
2025-11-11 18:50:58.845150,99.121,99.121,4.8446e-07,1729
2025-11-11 18:50:58.852380,99.121,99.121,4.8446e-07,1689
2025-11-11 18:50:58.859146,99.121,99.121,1.61538e-07,1503
2025-11-11 18:50:58.865981,99.121,99.121,4.8446e-07,1921
2025-11-11 18:50:58.873367,99.121,99.121,8.9787e-07,1725
2025-11-11 18:50:58.880486,99.121,99.121,1.79806e-06,1815
2025-11-11 18:50:58.887484,99.121,99.121,1.79806e-06,1778
2025-11-11 18:50:58.894568,99.121,99.121,7.58966e-06,1794
2025-11-11 18:50:58.901285,99.121,99.121,1.79806e-06,1737
2025-11-11 18:50:58.908490,99.121,99.121,8.9787e-07,1681
2025-11-11 18:50:58.915710,99.121,99.121,8.9787e-07,1565
2025-11-11 18:50:58.922564,99.121,99.121,4.8446e-07,1892
2025-11-11 18:50:58.929806,99.121,99.121,8.9787e-07,1832
2025-11-11 18:50:58.936469,99.121,99.121,8.9787e-07,1587
2025-11-11 18:50:58.944088,99.121,99.121,1.79806e-06,1664
2025-11-11 18:50:58.951299,99.121,99.121,8.9787e-07,1705
2025-11-11 18:50:58.958155,99.121,99.121,8.9787e-07,1691
2025-11-11 18:50:58.964988,99.121,99.121,1.79806e-06,1728
2025-11-11 18:50:58.971779,99.121,99.121,8.9787e-07,1764
2025-11-11 18:50:58.979556,99.121,99.121,8.9787e-07,1712
2025-11-11 18:50:58.986460,99.121,99.121,8.9787e-07,1657
2025-11-11 18:50:58.993538,99.121,99.121,4.8446e-07,2209
2025-11-11 18:50:59.000477,99.121,99.121,4.8446e-07,2032
2025-11-11 18:50:59.007119,99.121,99.121,1.61538e-07,1888
2025-11-11 18:50:59.013548,99.121,99.121,4.58719e-06,1466
2025-11-11 18:50:59.020545,99.121,99.121,1.61538e-07,1729
2025-11-11 18:50:59.028500,99.121,99.121,4.58719e-06,1908
2025-11-11 18:50:59.035627,99.121,99.121,4.58719e-06,1751
2025-11-11 18:50:59.042681,99.121,99.121,2.40071e-06,1909
2025-11-11 18:50:59.049569,99.121,99.121,4.58719e-06,1929
2025-11-11 18:50:59.056703,99.121,99.121,4.58719e-06,1827
2025-11-11 18:50:59.063947,99.121,99.121,4.58719e-06,1685
2025-11-11 18:50:59.070861,99.121,99.121,4.58719e-06,1647
2025-11-11 18:50:59.078049,99.121,99.121,2.40071e-06,1844
2025-11-11 18:50:59.084615,99.121,99.121,2.40071e-06,1826
2025-11-11 18:50:59.092840,99.121,99.121,2.40071e-06,1695
2025-11-11 18:50:59.101028,99.121,99.121,2.40071e-06,1650
2025-11-11 18:50:59.108109,99.121,99.121,2.40071e-06,1629
2025-11-11 18:50:59.115178,99.121,99.121,2.40071e-06,1564
2025-11-11 18:50:59.121887,99.121,99.121,4.58719e-06,1557
2025-11-11 18:50:59.129428,99.121,99.121,4.58719e-06,1424
2025-11-11 18:50:59.136572,99.121,99.121,1.61538e-07,1487
2025-11-11 18:50:59.143860,99.121,99.121,4.58719e-06,1897
2025-11-11 18:50:59.150782,99.121,99.121,2.40071e-06,2400
2025-11-11 18:50:59.158136,99.121,99.121,2.40071e-06,2098
2025-11-11 18:50:59.165611,99.121,99.121,2.40071e-06,2079
2025-11-11 18:50:59.172484,99.121,99.121,4.58719e-06,1891
2025-11-11 18:50:59.179468,99.121,99.121,4.58719e-06,1722
2025-11-11 18:50:59.186169,99.121,99.121,4.58719e-06,1562
2025-11-11 18:50:59.193537,99.121,99.121,4.58719e-06,1424
2025-11-11 18:50:59.200987,99.121,99.121,2.40071e-06,1556
2025-11-11 18:50:59.207953,99.121,99.121,3.24242e-06,1629
2025-11-11 18:50:59.214934,99.121,99.121,3.24242e-06,1430
2025-11-11 18:50:59.221816,99.121,99.121,2.40071e-06,1430
2025-11-11 18:50:59.230285,99.121,99.121,4.58719e-06,1274
2025-11-11 18:50:59.237233,99.121,99.121,2.40071e-06,1483
2025-11-11 18:50:59.244304,99.121,99.121,4.58719e-06,1403
2025-11-11 18:50:59.251205,99.121,99.121,2.40071e-06,1411
2025-11-11 18:50:59.258520,99.121,99.121,4.58719e-06,1901
2025-11-11 18:50:59.265983,99.121,99.121,4.58719e-06,1818
2025-11-11 18:50:59.273188,99.121,99.121,4.58719e-06,1383
2025-11-11 18:50:59.280168,99.121,99.121,4.58719e-06,1273
2025-11-11 18:50:59.286994,99.121,99.121,1.61538e-07,1732
2025-11-11 18:50:59.294236,99.121,99.121,1.61538e-07,1709
2025-11-11 18:50:59.301391,99.121,99.121,4.58719e-06,1542
2025-11-11 18:50:59.308519,99.121,99.121,4.58719e-06,1384
2025-11-11 18:50:59.315555,99.121,99.121,2.40071e-06,1525
2025-11-11 18:50:59.322727,99.121,99.121,3.24242e-06,1682
2025-11-11 18:50:59.330775,99.121,99.121,1.05537e-05,2485
2025-11-11 18:50:59.337674,99.121,99.121,1.05537e-05,2438
2025-11-11 18:50:59.344774,99.121,99.121,1.05537e-05,2436
2025-11-11 18:50:59.351729,99.121,99.121,1.05537e-05,2040
2025-11-11 18:50:59.358693,99.121,99.121,3.24242e-06,1732
2025-11-11 18:50:59.365417,99.121,99.121,1.05537e-05,2612
2025-11-11 18:50:59.372122,99.121,99.121,1.05537e-05,2602
2025-11-11 18:50:59.379858,99.1209,99.121,5.31483e-06,2375
2025-11-11 18:50:59.387054,99.121,99.121,1.05537e-05,2574
2025-11-11 18:50:59.395458,99.1209,99.121,5.31483e-06,2559
2025-11-11 18:50:59.402457,99.1209,99.1209,5.84992e-07,2740
2025-11-11 18:50:59.410357,99.1209,99.121,5.31483e-06,2629
2025-11-11 18:50:59.418092,99.121,99.121,1.05537e-05,2538
2025-11-11 18:50:59.425359,99.121,99.121,1.05537e-05,2280
2025-11-11 18:50:59.432940,99.121,99.121,1.05537e-05,2035
2025-11-11 18:50:59.440507,99.121,99.121,3.24242e-06,1794
2025-11-11 18:50:59.447972,99.121,99.121,3.24242e-06,1547
2025-11-11 18:50:59.455169,99.121,99.121,2.40071e-06,1906
2025-11-11 18:50:59.462378,99.121,99.121,4.58719e-06,2257
2025-11-11 18:50:59.469381,99.121,99.121,4.58719e-06,2241
2025-11-11 18:50:59.477603,99.121,99.121,4.58719e-06,2055
2025-11-11 18:50:59.485052,99.121,99.121,4.58719e-06,1859
2025-11-11 18:50:59.492298,99.121,99.121,4.58719e-06,1831
2025-11-11 18:50:59.499510,99.121,99.121,4.58719e-06,1776
2025-11-11 18:50:59.507041,99.121,99.121,1.61538e-07,2031
2025-11-11 18:50:59.514430,99.121,99.121,4.8446e-07,1912
2025-11-11 18:50:59.521718,99.121,99.121,1.61538e-07,1908
2025-11-11 18:50:59.528902,99.121,99.121,4.58719e-06,1662
2025-11-11 18:50:59.536121,99.121,99.121,1.61538e-07,1578
2025-11-11 18:50:59.543765,99.121,99.121,1.61538e-07,1497
2025-11-11 18:50:59.551471,99.121,99.121,4.8446e-07,1813
2025-11-11 18:50:59.558536,99.121,99.121,4.8446e-07,1527
2025-11-11 18:50:59.565934,99.121,99.121,8.9787e-07,1735
2025-11-11 18:50:59.573464,99.121,99.121,1.79806e-06,1424
2025-11-11 18:50:59.581004,99.121,99.121,5.67504e-06,1825
2025-11-11 18:50:59.588226,99.121,99.121,1.91462e-06,1875
2025-11-11 18:50:59.595704,99.121,99.121,1.91462e-06,1821
2025-11-11 18:50:59.602923,99.121,99.121,1.91462e-06,1695
2025-11-11 18:50:59.610380,99.121,99.121,4.26213e-07,2578
2025-11-11 18:50:59.617959,99.121,99.121,4.26213e-07,2093
2025-11-11 18:50:59.625428,99.121,99.121,4.26213e-07,2077
2025-11-11 18:50:59.632473,99.121,99.121,4.26213e-07,2048
2025-11-11 18:50:59.640203,99.121,99.121,4.26213e-07,1931
2025-11-11 18:50:59.647709,99.121,99.121,7.15232e-07,1930
2025-11-11 18:50:59.654927,99.121,99.121,4.26213e-07,1775
2025-11-11 18:50:59.662152,99.121,99.121,7.15232e-07,1939
2025-11-11 18:50:59.669405,99.121,99.121,4.26213e-07,1665
2025-11-11 18:50:59.677242,99.121,99.121,7.15232e-07,2167
2025-11-11 18:50:59.684691,99.121,99.121,4.26213e-07,1688
2025-11-11 18:50:59.691964,99.121,99.121,7.15232e-07,1923
2025-11-11 18:50:59.699175,99.121,99.121,3.51247e-06,2233
2025-11-11 18:50:59.706596,99.121,99.121,3.51247e-06,2053
2025-11-11 18:50:59.713590,99.121,99.121,3.51247e-06,1866
2025-11-11 18:50:59.720687,99.121,99.121,6.02564e-07,1379
2025-11-11 18:50:59.728707,99.121,99.121,1.42909e-05,1512
2025-11-11 18:50:59.736376,99.121,99.121,1.42909e-05,1283
2025-11-11 18:50:59.743810,99.121,99.121,6.02564e-07,1449
2025-11-11 18:50:59.751107,99.121,99.121,3.51247e-06,1848
2025-11-11 18:50:59.758748,99.121,99.121,6.02564e-07,1617
2025-11-11 18:50:59.766034,99.121,99.121,6.02564e-07,1435
2025-11-11 18:50:59.773209,99.121,99.121,1.42909e-05,1167
2025-11-11 18:50:59.780480,99.121,99.121,1.42909e-05,1155
2025-11-11 18:50:59.787293,99.121,99.121,1.42909e-05,1012
2025-11-11 18:50:59.795237,99.121,99.121,2.27239e-06,1538
2025-11-11 18:50:59.802994,99.121,99.121,1.42909e-05,946
2025-11-11 18:50:59.810209,99.121,99.121,6.02564e-07,1019
2025-11-11 18:50:59.817310,99.121,99.121,3.51247e-06,1611
2025-11-11 18:50:59.824822,99.121,99.121,7.15232e-07,1860
2025-11-11 18:50:59.832525,99.121,99.121,4.26213e-07,2059
2025-11-11 18:50:59.839787,99.121,99.121,1.91462e-06,2128
2025-11-11 18:50:59.847195,99.121,99.121,5.67504e-06,1976
2025-11-11 18:50:59.854276,99.121,99.121,5.67504e-06,1882
2025-11-11 18:50:59.862123,99.121,99.121,1.91462e-06,2077
2025-11-11 18:50:59.869798,99.121,99.121,4.26213e-07,2764
2025-11-11 18:50:59.877655,99.121,99.121,4.26213e-07,2553
2025-11-11 18:50:59.884779,99.121,99.121,4.26213e-07,2410
2025-11-11 18:50:59.892312,99.121,99.121,4.26213e-07,2159
2025-11-11 18:50:59.899855,99.121,99.121,4.26213e-07,2074
2025-11-11 18:50:59.906901,99.121,99.121,1.91462e-06,2187
2025-11-11 18:50:59.914086,99.121,99.121,4.26213e-07,1812
2025-11-11 18:50:59.920986,99.121,99.121,4.26213e-07,1692
2025-11-11 18:50:59.929290,99.121,99.121,1.91462e-06,1890
2025-11-11 18:50:59.936866,99.121,99.121,5.67504e-06,1779
2025-11-11 18:50:59.944312,99.121,99.121,1.91462e-06,2025
2025-11-11 18:50:59.951632,99.121,99.121,1.91462e-06,1993
2025-11-11 18:50:59.959628,99.121,99.121,1.91462e-06,1895
2025-11-11 18:50:59.967008,99.121,99.121,4.26213e-07,1862
2025-11-11 18:50:59.974028,99.121,99.121,7.15232e-07,1975
2025-11-11 18:50:59.981169,99.121,99.121,4.26213e-07,2187
2025-11-11 18:50:59.988276,99.121,99.121,4.26213e-07,1999
2025-11-11 18:50:59.996735,99.121,99.121,1.91462e-06,2727
2025-11-11 18:51:00.004142,99.121,99.121,1.91462e-06,2682
2025-11-11 18:51:00.011955,99.121,99.121,5.67504e-06,2631
2025-11-11 18:51:00.020836,99.121,99.121,5.67504e-06,2577
2025-11-11 18:51:00.029307,99.121,99.121,1.79806e-06,2348
2025-11-11 18:51:00.036818,99.121,99.121,8.9787e-07,2719
2025-11-11 18:51:00.044331,99.121,99.121,4.8446e-07,2434
2025-11-11 18:51:00.051448,99.121,99.121,8.9787e-07,2776
2025-11-11 18:51:00.058686,99.121,99.121,4.8446e-07,2436
2025-11-11 18:51:00.065628,99.121,99.121,8.9787e-07,2912
2025-11-11 18:51:00.073432,99.121,99.121,4.8446e-07,2318
2025-11-11 18:51:00.081267,99.121,99.121,1.61538e-07,1842
2025-11-11 18:51:00.088489,99.121,99.121,4.58719e-06,2100
2025-11-11 18:51:00.096546,99.121,99.121,4.58719e-06,1758
2025-11-11 18:51:00.104192,99.121,99.121,4.58719e-06,1530
2025-11-11 18:51:00.111825,99.121,99.121,1.61538e-07,1772
2025-11-11 18:51:00.119394,99.121,99.121,1.61538e-07,1569
2025-11-11 18:51:00.126687,99.121,99.121,1.61538e-07,1539
2025-11-11 18:51:00.133879,99.121,99.121,1.61538e-07,1518
2025-11-11 18:51:00.141534,99.121,99.121,4.58719e-06,1830
2025-11-11 18:51:00.149284,99.121,99.121,2.40071e-06,2074
2025-11-11 18:51:00.156732,99.121,99.121,2.40071e-06,2070
2025-11-11 18:51:00.164182,99.121,99.121,4.58719e-06,1814
2025-11-11 18:51:00.171356,99.121,99.121,4.58719e-06,1303
2025-11-11 18:51:00.179605,99.121,99.121,2.40071e-06,1355
2025-11-11 18:51:00.187027,99.121,99.121,2.40071e-06,1327
2025-11-11 18:51:00.194434,99.121,99.121,2.40071e-06,1265
2025-11-11 18:51:00.201637,99.121,99.121,2.40071e-06,1006
2025-11-11 18:51:00.209316,99.121,99.121,4.58719e-06,939
2025-11-11 18:51:00.216858,99.121,99.121,2.40071e-06,1331
2025-11-11 18:51:00.224111,99.121,99.121,3.24242e-06,1172
2025-11-11 18:51:00.231437,99.121,99.121,2.40071e-06,1532
2025-11-11 18:51:00.238912,99.121,99.121,3.24242e-06,1365
2025-11-11 18:51:00.246697,99.1209,99.121,1.58685e-05,2261
2025-11-11 18:51:00.254060,99.1209,99.121,1.58685e-05,2199
2025-11-11 18:51:00.262231,99.1209,99.121,1.58685e-05,1865
2025-11-11 18:51:00.269325,99.1209,99.121,1.58685e-05,1833
2025-11-11 18:51:00.277111,99.121,99.121,3.24242e-06,2082
2025-11-11 18:51:00.284680,99.121,99.121,3.24242e-06,1854
2025-11-11 18:51:00.292119,99.121,99.121,2.40071e-06,1627
2025-11-11 18:51:00.299389,99.121,99.121,2.40071e-06,1499
2025-11-11 18:51:00.307006,99.121,99.121,3.24242e-06,1581
2025-11-11 18:51:00.314623,99.121,99.121,2.40071e-06,1151
2025-11-11 18:51:00.322191,99.121,99.121,3.24242e-06,1454
2025-11-11 18:51:00.329540,99.1209,99.121,1.58685e-05,1350
2025-11-11 18:51:00.336719,99.1209,99.1209,5.84992e-07,1771
2025-11-11 18:51:00.344260,99.1209,99.1209,5.84992e-07,1516
2025-11-11 18:51:00.351832,99.1209,99.1209,5.15329e-06,1584
2025-11-11 18:51:00.359353,99.1209,99.1209,5.84992e-07,1604
2025-11-11 18:51:00.366720,99.1209,99.1209,5.84992e-07,1381
2025-11-11 18:51:00.374116,99.1209,99.1209,5.15329e-06,1733
2025-11-11 18:51:00.381780,99.1209,99.1209,7.47126e-07,1947
2025-11-11 18:51:00.389087,99.1209,99.1209,5.15329e-06,1737
2025-11-11 18:51:00.396247,99.1209,99.1209,5.15329e-06,1733
2025-11-11 18:51:00.403383,99.1209,99.1209,5.15329e-06,1709
2025-11-11 18:51:00.410538,99.1209,99.1209,5.84992e-07,1294
2025-11-11 18:51:00.417836,99.1209,99.121,1.58685e-05,1214
2025-11-11 18:51:00.425210,99.1209,99.1209,5.84992e-07,1505
2025-11-11 18:51:00.432660,99.1209,99.1209,5.84992e-07,1322
2025-11-11 18:51:00.440205,99.1209,99.1209,5.15329e-06,1930
2025-11-11 18:51:00.447648,99.1209,99.1209,7.47126e-07,2519
2025-11-11 18:51:00.454769,99.1209,99.1209,7.47126e-07,2021
2025-11-11 18:51:00.463050,99.1209,99.1209,7.47126e-07,1943
2025-11-11 18:51:00.470562,99.1209,99.1209,7.47126e-07,1863
2025-11-11 18:51:00.478111,99.1209,99.1209,8.684e-06,1705
2025-11-11 18:51:00.485355,99.1209,99.1209,6.82173e-07,1863
2025-11-11 18:51:00.492853,99.1209,99.1209,1.81501e-06,1819
2025-11-11 18:51:00.500323,99.1209,99.1209,6.82173e-07,1610
2025-11-11 18:51:00.507644,99.1209,99.1209,8.684e-06,1685
2025-11-11 18:51:00.515682,99.1209,99.1209,7.47126e-07,1656
2025-11-11 18:51:00.523262,99.1209,99.1209,7.47126e-07,1486
2025-11-11 18:51:00.530597,99.1209,99.1209,7.47126e-07,1333
2025-11-11 18:51:00.537920,99.1209,99.1209,5.15329e-06,1627
2025-11-11 18:51:00.545198,99.1209,99.1209,7.47126e-07,1395
2025-11-11 18:51:00.552135,99.1209,99.1209,8.684e-06,1998
2025-11-11 18:51:00.559957,99.1209,99.1209,8.684e-06,1905
2025-11-11 18:51:00.567795,99.1209,99.1209,8.684e-06,1827
2025-11-11 18:51:00.575264,99.1209,99.1209,8.684e-06,1827
2025-11-11 18:51:00.582719,99.1209,99.1209,8.684e-06,1744
2025-11-11 18:51:00.590058,99.1209,99.1209,8.684e-06,1643
2025-11-11 18:51:00.597742,99.1209,99.1209,6.82173e-07,1692
2025-11-11 18:51:00.605161,99.1209,99.1209,1.81501e-06,1948
2025-11-11 18:51:00.612371,99.1209,99.1209,6.82173e-07,1835
2025-11-11 18:51:00.619290,99.1209,99.1209,1.81501e-06,1933
2025-11-11 18:51:00.627601,99.1209,99.1209,1.53092e-05,1617
2025-11-11 18:51:00.635333,99.1209,99.1209,1.53092e-05,1574
2025-11-11 18:51:00.642602,99.1209,99.1209,1.53092e-05,1484
2025-11-11 18:51:00.650222,99.1209,99.1209,3.39523e-06,1805
2025-11-11 18:51:00.658008,99.1209,99.1209,1.53092e-05,1599
2025-11-11 18:51:00.665725,99.1209,99.1209,1.53092e-05,1539
2025-11-11 18:51:00.673691,99.1209,99.1209,1.53092e-05,1440
2025-11-11 18:51:00.680980,99.1209,99.1209,1.53092e-05,1373
2025-11-11 18:51:00.688588,99.1209,99.1209,1.53092e-05,1347
2025-11-11 18:51:00.696364,99.1209,99.1209,3.39523e-06,1732
2025-11-11 18:51:00.703707,99.1209,99.1209,2.00314e-06,1668
2025-11-11 18:51:00.711235,99.1209,99.1209,2.00314e-06,1595
2025-11-11 18:51:00.718406,99.1209,99.1209,1.60822e-06,1517
2025-11-11 18:51:00.726247,99.1209,99.1209,2.70485e-07,1472
2025-11-11 18:51:00.733709,99.1209,99.1209,1.60822e-06,1509
2025-11-11 18:51:00.740975,99.1209,99.1209,2.00314e-06,1490
2025-11-11 18:51:00.748295,99.1209,99.1209,3.39523e-06,2016
2025-11-11 18:51:00.755638,99.1209,99.1209,3.39523e-06,2002
2025-11-11 18:51:00.762700,99.1209,99.1209,2.00314e-06,1285
2025-11-11 18:51:00.769484,99.1209,99.1209,3.39523e-06,1956
2025-11-11 18:51:00.777645,99.1209,99.1209,3.39523e-06,1806
2025-11-11 18:51:00.785622,99.1209,99.1209,3.39523e-06,1681
2025-11-11 18:51:00.792970,99.1209,99.1209,3.39523e-06,1640
2025-11-11 18:51:00.800342,99.1209,99.1209,3.39523e-06,1470
2025-11-11 18:51:00.808167,99.1209,99.1209,2.00314e-06,1254
2025-11-11 18:51:00.816016,99.1209,99.1209,2.00314e-06,1252
2025-11-11 18:51:00.823162,99.1209,99.1209,1.60822e-06,1156
2025-11-11 18:51:00.830578,99.1209,99.1209,2.70485e-07,1214
2025-11-11 18:51:00.837582,99.1209,99.1209,2.70485e-07,1133
2025-11-11 18:51:00.845756,99.1209,99.1209,1.60822e-06,1212
2025-11-11 18:51:00.853448,99.1209,99.1209,2.70485e-07,1187
2025-11-11 18:51:00.860750,99.1209,99.1209,2.70485e-07,968
2025-11-11 18:51:00.867876,99.1209,99.1209,1.60822e-06,1254
2025-11-11 18:51:00.875772,99.1209,99.1209,2.00314e-06,1378
2025-11-11 18:51:00.883715,99.1209,99.1209,2.00314e-06,1336
2025-11-11 18:51:00.890968,99.1209,99.1209,1.60822e-06,1531
2025-11-11 18:51:00.898255,99.1209,99.1209,1.60822e-06,1462
2025-11-11 18:51:00.905610,99.1209,99.1209,2.00314e-06,1314
2025-11-11 18:51:00.913718,99.1209,99.1209,2.00314e-06,1284
2025-11-11 18:51:00.921040,99.1209,99.1209,3.39523e-06,1620
2025-11-11 18:51:00.928397,99.1209,99.1209,2.00314e-06,1204
2025-11-11 18:51:00.935632,99.1209,99.1209,1.60822e-06,1120
2025-11-11 18:51:00.943308,99.1209,99.1209,2.00314e-06,1166
2025-11-11 18:51:00.950897,99.1209,99.1209,2.00314e-06,1112
2025-11-11 18:51:00.958009,99.1209,99.1209,1.60822e-06,1145
2025-11-11 18:51:00.965413,99.1209,99.1209,1.60822e-06,1104
2025-11-11 18:51:00.972793,99.1209,99.1209,2.70485e-07,783
2025-11-11 18:51:00.980573,99.1209,99.1209,4.18423e-07,1293
2025-11-11 18:51:00.988068,99.1209,99.1209,4.18423e-07,1070
2025-11-11 18:51:00.995447,99.1209,99.1209,7.96465e-06,1109
2025-11-11 18:51:01.002494,99.1209,99.1209,7.22549e-07,1291
2025-11-11 18:51:01.010208,99.1209,99.1209,7.96465e-06,1393
2025-11-11 18:51:01.017898,99.1209,99.1209,7.22549e-07,1296
2025-11-11 18:51:01.024978,99.1209,99.1209,7.96465e-06,1183
2025-11-11 18:51:01.032231,99.1209,99.1209,4.18423e-07,1232
2025-11-11 18:51:01.039765,99.1209,99.1209,4.18423e-07,964
2025-11-11 18:51:01.048077,99.1209,99.1209,4.18423e-07,851
2025-11-11 18:51:01.055567,99.1209,99.1209,4.18423e-07,807
2025-11-11 18:51:01.062922,99.1209,99.1209,7.96465e-06,967
2025-11-11 18:51:01.069872,99.1209,99.1209,7.96465e-06,712
2025-11-11 18:51:01.077915,99.1209,99.1209,4.18423e-07,759
2025-11-11 18:51:01.086019,99.1209,99.1209,4.18423e-07,604
2025-11-11 18:51:01.093487,99.1209,99.1209,2.70485e-07,906
2025-11-11 18:51:01.102340,99.1209,99.1209,2.70485e-07,786
2025-11-11 18:51:01.109974,99.1209,99.1209,2.70485e-07,744
2025-11-11 18:51:01.117154,99.1209,99.1209,2.70485e-07,736
2025-11-11 18:51:01.124782,99.1209,99.1209,4.18423e-07,558
2025-11-11 18:51:01.132247,99.1209,99.1209,2.70485e-07,639
2025-11-11 18:51:01.139563,99.1209,99.1209,4.18423e-07,934
2025-11-11 18:51:01.147153,99.1209,99.1209,4.18423e-07,632
2025-11-11 18:51:01.154449,99.1209,99.1209,2.70485e-07,1199
2025-11-11 18:51:01.163008,99.1209,99.1209,2.70485e-07,996
2025-11-11 18:51:01.170168,99.1209,99.1209,2.70485e-07,962
2025-11-11 18:51:01.177568,99.1209,99.1209,2.70485e-07,791
2025-11-11 18:51:01.184764,99.1209,99.1209,1.60822e-06,1129
2025-11-11 18:51:01.192681,99.1209,99.1209,2.00314e-06,1185
2025-11-11 18:51:01.200239,99.1209,99.1209,3.39523e-06,1161
2025-11-11 18:51:01.207744,99.1209,99.1209,2.00314e-06,1172
2025-11-11 18:51:01.215058,99.1209,99.1209,3.39523e-06,1530
2025-11-11 18:51:01.222374,99.1209,99.1209,1.53092e-05,2408
2025-11-11 18:51:01.230112,99.1209,99.1209,1.81501e-06,2436
2025-11-11 18:51:01.237556,99.1209,99.1209,1.81501e-06,2240
2025-11-11 18:51:01.245113,99.1209,99.1209,1.53092e-05,2314
2025-11-11 18:51:01.252339,99.1209,99.1209,1.81501e-06,2270
2025-11-11 18:51:01.260164,99.1209,99.1209,1.53092e-05,2395
2025-11-11 18:51:01.267918,99.1209,99.1209,1.53092e-05,2341
2025-11-11 18:51:01.275355,99.1209,99.1209,1.81501e-06,2167
2025-11-11 18:51:01.282807,99.1209,99.1209,1.53092e-05,2860
2025-11-11 18:51:01.291033,99.1209,99.1209,1.53092e-05,2474
2025-11-11 18:51:01.299410,99.1209,99.1209,1.53092e-05,2176
2025-11-11 18:51:01.306887,99.1209,99.1209,3.39523e-06,1963
2025-11-11 18:51:01.314262,99.1209,99.1209,1.53092e-05,2134
2025-11-11 18:51:01.321716,99.1209,99.1209,1.53092e-05,2081
2025-11-11 18:51:01.329636,99.1209,99.1209,1.81501e-06,1778
2025-11-11 18:51:01.336947,99.1209,99.1209,6.82173e-07,1971
2025-11-11 18:51:01.344445,99.1209,99.1209,6.82173e-07,1885
2025-11-11 18:51:01.351637,99.1209,99.1209,5.9603e-06,2243
2025-11-11 18:51:01.359546,99.1209,99.1209,2.7237e-06,1945
2025-11-11 18:51:01.367265,99.1209,99.1209,5.9603e-06,2202
2025-11-11 18:51:01.374859,99.1209,99.1209,2.7237e-06,2130
2025-11-11 18:51:01.382116,99.1209,99.1209,2.7237e-06,2078
2025-11-11 18:51:01.389573,99.1209,99.1209,7.47126e-07,1764
2025-11-11 18:51:01.397827,99.1209,99.1209,5.15329e-06,1866
2025-11-11 18:51:01.405273,99.1209,99.1209,5.84992e-07,1766
2025-11-11 18:51:01.412750,99.1209,99.1209,5.84992e-07,1671
2025-11-11 18:51:01.419962,99.1209,99.1209,5.84992e-07,1593
2025-11-11 18:51:01.428117,99.1209,99.1209,5.84992e-07,1462
2025-11-11 18:51:01.435932,99.1209,99.1209,5.15329e-06,2099
2025-11-11 18:51:01.443313,99.1209,99.1209,5.15329e-06,1964
2025-11-11 18:51:01.450729,99.1209,99.1209,5.15329e-06,1800
2025-11-11 18:51:01.457934,99.1209,99.1209,7.47126e-07,1870
2025-11-11 18:51:01.465142,99.1209,99.1209,5.15329e-06,2086
2025-11-11 18:51:01.472614,99.1209,99.1209,5.15329e-06,1742
2025-11-11 18:51:01.480415,99.1209,99.1209,5.84992e-07,1443
2025-11-11 18:51:01.487798,99.1209,99.121,1.58685e-05,1080
2025-11-11 18:51:01.495418,99.121,99.121,3.24242e-06,862
2025-11-11 18:51:01.502515,99.1209,99.121,1.58685e-05,1084
2025-11-11 18:51:01.510435,99.1209,99.1209,5.84992e-07,1621
2025-11-11 18:51:01.518204,99.1209,99.1209,5.84992e-07,1538
2025-11-11 18:51:01.525676,99.1209,99.1209,5.15329e-06,1824
2025-11-11 18:51:01.533056,99.1209,99.1209,5.15329e-06,1779
2025-11-11 18:51:01.540576,99.1209,99.1209,5.15329e-06,1656
2025-11-11 18:51:01.548307,99.1209,99.1209,5.15329e-06,1535
2025-11-11 18:51:01.555596,99.1209,99.1209,5.15329e-06,1394
2025-11-11 18:51:01.562828,99.1209,99.1209,5.84992e-07,1251
2025-11-11 18:51:01.569838,99.1209,99.121,1.64535e-05,1208
2025-11-11 18:51:01.577988,99.1209,99.1209,5.15329e-06,1723
2025-11-11 18:51:01.585442,99.1209,99.1209,5.15329e-06,1490
2025-11-11 18:51:01.592637,99.1209,99.1209,7.47126e-07,1639
2025-11-11 18:51:01.600910,99.1209,99.1209,7.47126e-07,1575
2025-11-11 18:51:01.608408,99.1209,99.1209,7.47126e-07,1541
2025-11-11 18:51:01.616133,99.1209,99.1209,2.7237e-06,1751
2025-11-11 18:51:01.623525,99.1209,99.1209,5.9603e-06,2349
2025-11-11 18:51:01.631205,99.1209,99.1209,5.9603e-06,2230
2025-11-11 18:51:01.638334,99.1209,99.1209,6.82173e-07,2104
2025-11-11 18:51:01.646361,99.1209,99.1209,5.9603e-06,2103
2025-11-11 18:51:01.653776,99.1209,99.1209,5.9603e-06,1923
2025-11-11 18:51:01.661052,99.1209,99.1209,6.82173e-07,1716
2025-11-11 18:51:01.668377,99.1209,99.1209,6.82173e-07,1702
2025-11-11 18:51:01.676575,99.1209,99.1209,1.81501e-06,1599
2025-11-11 18:51:01.684249,99.1209,99.1209,6.82173e-07,1598
2025-11-11 18:51:01.691930,99.1209,99.1209,5.9603e-06,1680
2025-11-11 18:51:01.699747,99.1209,99.1209,5.9603e-06,1666
2025-11-11 18:51:01.707708,99.1209,99.1209,5.9603e-06,1661
2025-11-11 18:51:01.715561,99.1209,99.1209,5.9603e-06,1636
2025-11-11 18:51:01.723056,99.1209,99.1209,6.82173e-07,2011
2025-11-11 18:51:01.730599,99.1209,99.1209,1.81501e-06,2234
2025-11-11 18:51:01.737877,99.1209,99.1209,1.53092e-05,2591
2025-11-11 18:51:01.745782,99.1209,99.1209,3.39523e-06,2628
2025-11-11 18:51:01.753308,99.1209,99.1209,3.39523e-06,2507
2025-11-11 18:51:01.760943,99.1209,99.1209,1.53092e-05,2879
2025-11-11 18:51:01.768342,99.1209,99.1209,1.53092e-05,2866
2025-11-11 18:51:01.776188,99.1209,99.1209,1.53092e-05,2697
2025-11-11 18:51:01.784152,99.1209,99.1209,1.53092e-05,2397
2025-11-11 18:51:01.791458,99.1209,99.1209,3.39523e-06,2528
2025-11-11 18:51:01.798770,99.1209,99.1209,3.39523e-06,2527
2025-11-11 18:51:01.806424,99.1209,99.1209,1.53092e-05,2681
2025-11-11 18:51:01.813533,99.1209,99.1209,3.39523e-06,2444
2025-11-11 18:51:01.820848,99.1209,99.1209,1.53092e-05,2538
2025-11-11 18:51:01.829533,99.1209,99.1209,3.39523e-06,2367
2025-11-11 18:51:01.836755,99.1209,99.1209,3.39523e-06,2157
2025-11-11 18:51:01.844379,99.1209,99.1209,2.00314e-06,2063
2025-11-11 18:51:01.851824,99.1209,99.1209,2.00314e-06,1982
2025-11-11 18:51:01.859769,99.1209,99.1209,1.60822e-06,1686
2025-11-11 18:51:01.867836,99.1209,99.1209,2.00314e-06,2322
2025-11-11 18:51:01.875347,99.1209,99.1209,2.00314e-06,2136
2025-11-11 18:51:01.883011,99.1209,99.1209,2.00314e-06,2022
2025-11-11 18:51:01.890664,99.1209,99.1209,3.39523e-06,2051
2025-11-11 18:51:01.898293,99.1209,99.1209,1.53092e-05,2142
2025-11-11 18:51:01.905863,99.1209,99.1209,3.39523e-06,2274
2025-11-11 18:51:01.913270,99.1209,99.1209,3.39523e-06,2067
2025-11-11 18:51:01.920481,99.1209,99.1209,3.39523e-06,1925
2025-11-11 18:51:01.928469,99.1209,99.1209,2.00314e-06,1890
2025-11-11 18:51:01.936320,99.1209,99.1209,3.39523e-06,2112
2025-11-11 18:51:01.943947,99.1209,99.1209,2.00314e-06,1802
2025-11-11 18:51:01.951100,99.1209,99.1209,2.00314e-06,1774
2025-11-11 18:51:01.959082,99.1209,99.1209,3.39523e-06,1902
2025-11-11 18:51:01.966683,99.1209,99.1209,2.00314e-06,2348
2025-11-11 18:51:01.974171,99.1209,99.1209,2.00314e-06,2174
2025-11-11 18:51:01.981600,99.1209,99.1209,1.60822e-06,2071
2025-11-11 18:51:01.989086,99.1209,99.1209,2.00314e-06,2318
2025-11-11 18:51:01.997045,99.1209,99.1209,2.00314e-06,1901
2025-11-11 18:51:02.004444,99.1209,99.1209,1.60822e-06,1486
2025-11-11 18:51:02.012311,99.1209,99.1209,2.70485e-07,1025
2025-11-11 18:51:02.019488,99.1209,99.1209,1.60822e-06,1681
2025-11-11 18:51:02.027433,99.1209,99.1209,1.60822e-06,1391
2025-11-11 18:51:02.035305,99.1209,99.1209,1.60822e-06,1374
2025-11-11 18:51:02.042705,99.1209,99.1209,2.00314e-06,1795
2025-11-11 18:51:02.050028,99.1209,99.1209,3.39523e-06,1909
2025-11-11 18:51:02.057753,99.1209,99.1209,2.00314e-06,2124
2025-11-11 18:51:02.065845,99.1209,99.1209,2.00314e-06,1776
2025-11-11 18:51:02.073292,99.1209,99.1209,3.39523e-06,2700
2025-11-11 18:51:02.080762,99.1209,99.1209,3.39523e-06,1996
2025-11-11 18:51:02.088597,99.1209,99.1209,2.00314e-06,2149
2025-11-11 18:51:02.096806,99.1209,99.1209,1.60822e-06,1652
2025-11-11 18:51:02.105429,99.1209,99.1209,2.00314e-06,1965
2025-11-11 18:51:02.113525,99.1209,99.1209,1.60822e-06,1624
2025-11-11 18:51:02.121157,99.1209,99.1209,2.00314e-06,2011
2025-11-11 18:51:02.129576,99.1209,99.1209,1.60822e-06,1617
2025-11-11 18:51:02.137005,99.1209,99.1209,2.70485e-07,1632
2025-11-11 18:51:02.144618,99.1209,99.1209,4.18423e-07,1630
2025-11-11 18:51:02.151854,99.1209,99.1209,2.70485e-07,1634
2025-11-11 18:51:02.159301,99.1209,99.1209,4.18423e-07,1529
2025-11-11 18:51:02.166509,99.1209,99.1209,2.70485e-07,1683
2025-11-11 18:51:02.174062,99.1209,99.1209,2.70485e-07,1598
2025-11-11 18:51:02.182159,99.1209,99.1209,2.70485e-07,1421
2025-11-11 18:51:02.189694,99.1209,99.1209,2.70485e-07,1325
2025-11-11 18:51:02.197167,99.1209,99.1209,1.60822e-06,1839
2025-11-11 18:51:02.204384,99.1209,99.1209,2.00314e-06,2469
2025-11-11 18:51:02.213115,99.1209,99.1209,2.00314e-06,2416
2025-11-11 18:51:02.221025,99.1209,99.1209,2.00314e-06,2044
2025-11-11 18:51:02.228868,99.1209,99.1209,3.39523e-06,2157
2025-11-11 18:51:02.236053,99.1209,99.1209,3.39523e-06,2124
2025-11-11 18:51:02.243935,99.1209,99.1209,2.00314e-06,2035
2025-11-11 18:51:02.251925,99.1209,99.1209,3.39523e-06,2296
2025-11-11 18:51:02.259152,99.1209,99.1209,2.00314e-06,2271
2025-11-11 18:51:02.266573,99.1209,99.1209,3.39523e-06,2206
2025-11-11 18:51:02.274231,99.1209,99.1209,2.00314e-06,1999
2025-11-11 18:51:02.281834,99.1209,99.1209,3.39523e-06,2503
2025-11-11 18:51:02.289750,99.1209,99.1209,1.53092e-05,2794
2025-11-11 18:51:02.297584,99.1209,99.1209,1.81501e-06,2807
2025-11-11 18:51:02.305212,99.1209,99.1209,1.81501e-06,2744
2025-11-11 18:51:02.312998,99.1209,99.1209,1.53092e-05,2788
2025-11-11 18:51:02.320704,99.1209,99.1209,3.39523e-06,2566
2025-11-11 18:51:02.328619,99.1209,99.1209,1.53092e-05,2634
2025-11-11 18:51:02.335780,99.1209,99.1209,1.81501e-06,2437
2025-11-11 18:51:02.343491,99.1209,99.1209,1.53092e-05,2528
2025-11-11 18:51:02.351630,99.1209,99.1209,1.81501e-06,2661
2025-11-11 18:51:02.359134,99.1209,99.1209,1.81501e-06,2524
2025-11-11 18:51:02.366820,99.1209,99.1209,6.82173e-07,2390
2025-11-11 18:51:02.374593,99.1209,99.1209,6.82173e-07,2041
2025-11-11 18:51:02.382274,99.1209,99.1209,5.9603e-06,2036
2025-11-11 18:51:02.389858,99.1209,99.1209,2.7237e-06,1624
2025-11-11 18:51:02.397166,99.1209,99.1209,5.9603e-06,2320
2025-11-11 18:51:02.404451,99.1209,99.1209,6.82173e-07,2239
2025-11-11 18:51:02.412918,99.1209,99.1209,5.9603e-06,2574
2025-11-11 18:51:02.420604,99.1209,99.1209,5.9603e-06,2566
2025-11-11 18:51:02.428422,99.1209,99.1209,5.9603e-06,2105
2025-11-11 18:51:02.436043,99.1209,99.1209,2.7237e-06,1991
2025-11-11 18:51:02.443619,99.1209,99.1209,2.7237e-06,1929
2025-11-11 18:51:02.451435,99.1209,99.1209,2.7237e-06,1804
2025-11-11 18:51:02.459038,99.1209,99.1209,7.47126e-07,1836
2025-11-11 18:51:02.466431,99.1209,99.1209,5.15329e-06,1596
2025-11-11 18:51:02.474189,99.1209,99.121,1.64535e-05,1204
2025-11-11 18:51:02.482246,99.121,99.121,3.24242e-06,720
2025-11-11 18:51:02.489720,99.1209,99.121,1.64535e-05,1173
2025-11-11 18:51:02.497231,99.1209,99.121,1.64535e-05,1111
2025-11-11 18:51:02.504531,99.1209,99.1209,5.15329e-06,1276
2025-11-11 18:51:02.511778,99.1209,99.1209,5.15329e-06,1222
2025-11-11 18:51:02.518773,99.1209,99.1209,7.47126e-07,1410
2025-11-11 18:51:02.527140,99.1209,99.1209,7.47126e-07,1352
2025-11-11 18:51:02.535169,99.1209,99.1209,7.47126e-07,1187
2025-11-11 18:51:02.542661,99.1209,99.1209,2.7237e-06,1611
2025-11-11 18:51:02.550141,99.1209,99.1209,5.9603e-06,1857
2025-11-11 18:51:02.557898,99.1209,99.1209,5.9603e-06,1658
2025-11-11 18:51:02.565879,99.1209,99.1209,5.9603e-06,1623
2025-11-11 18:51:02.573632,99.1209,99.1209,2.7237e-06,1373
2025-11-11 18:51:02.581018,99.1209,99.1209,7.47126e-07,944
2025-11-11 18:51:02.588085,99.1209,99.1209,5.15329e-06,1421
2025-11-11 18:51:02.596418,99.1209,99.121,1.64535e-05,1367
2025-11-11 18:51:02.604258,99.1209,99.1209,5.15329e-06,1714
2025-11-11 18:51:02.611931,99.1209,99.121,1.64535e-05,1416
2025-11-11 18:51:02.619250,99.1209,99.1209,5.15329e-06,1469
2025-11-11 18:51:02.627044,99.1209,99.121,1.64535e-05,1992
2025-11-11 18:51:02.634837,99.1209,99.121,1.64535e-05,1857
2025-11-11 18:51:02.642249,99.121,99.121,3.24242e-06,1630
2025-11-11 18:51:02.649538,99.1209,99.121,1.64535e-05,1961
2025-11-11 18:51:02.657450,99.1209,99.121,1.64535e-05,1457
2025-11-11 18:51:02.665632,99.121,99.121,3.24242e-06,1288
2025-11-11 18:51:02.673012,99.121,99.121,2.40071e-06,1728
2025-11-11 18:51:02.680610,99.121,99.121,2.40071e-06,1653
2025-11-11 18:51:02.687828,99.121,99.121,3.24242e-06,1266
2025-11-11 18:51:02.696450,99.121,99.121,2.40071e-06,1610
2025-11-11 18:51:02.703980,99.121,99.121,4.58719e-06,1768
2025-11-11 18:51:02.711862,99.121,99.121,2.40071e-06,1958
2025-11-11 18:51:02.719273,99.121,99.121,3.24242e-06,1654
2025-11-11 18:51:02.727441,99.1209,99.121,1.64535e-05,1779
2025-11-11 18:51:02.735362,99.1209,99.1209,5.15329e-06,2228
2025-11-11 18:51:02.742811,99.1209,99.1209,5.15329e-06,1896
2025-11-11 18:51:02.750255,99.1209,99.1209,5.15329e-06,1717
2025-11-11 18:51:02.758442,99.1209,99.121,1.64535e-05,1432
2025-11-11 18:51:02.766469,99.1209,99.121,1.64535e-05,1232
2025-11-11 18:51:02.774272,99.1209,99.1209,5.15329e-06,1723
2025-11-11 18:51:02.781786,99.1209,99.1209,7.47126e-07,2082
2025-11-11 18:51:02.789430,99.1209,99.1209,2.7237e-06,2361
2025-11-11 18:51:02.797549,99.1209,99.1209,2.7237e-06,2083
2025-11-11 18:51:02.804828,99.1209,99.1209,7.47126e-07,2197
2025-11-11 18:51:02.812557,99.1209,99.1209,2.7237e-06,1898
2025-11-11 18:51:02.820079,99.1209,99.1209,2.7237e-06,1889
2025-11-11 18:51:02.828486,99.1209,99.1209,7.47126e-07,2369
2025-11-11 18:51:02.836448,99.1209,99.1209,7.47126e-07,2299
2025-11-11 18:51:02.844095,99.1209,99.1209,7.47126e-07,2097
2025-11-11 18:51:02.851464,99.1209,99.1209,7.47126e-07,2074
2025-11-11 18:51:02.858781,99.1209,99.1209,5.15329e-06,2053
2025-11-11 18:51:02.866105,99.1209,99.1209,7.47126e-07,2251
2025-11-11 18:51:02.873912,99.1209,99.1209,5.15329e-06,1902
2025-11-11 18:51:02.881931,99.1209,99.121,1.64535e-05,1492
2025-11-11 18:51:02.889399,99.1209,99.121,1.64535e-05,1401
2025-11-11 18:51:02.896952,99.1209,99.121,1.64535e-05,1326
2025-11-11 18:51:02.904413,99.1209,99.1209,5.15329e-06,1532
2025-11-11 18:51:02.913039,99.1209,99.121,1.64535e-05,1889
2025-11-11 18:51:02.920600,99.1209,99.121,1.64535e-05,1654
2025-11-11 18:51:02.928668,99.1209,99.1209,5.15329e-06,1616
2025-11-11 18:51:02.936024,99.1209,99.1209,7.47126e-07,1840
2025-11-11 18:51:02.943952,99.1209,99.1209,5.15329e-06,2012
2025-11-11 18:51:02.951937,99.1209,99.1209,5.15329e-06,1823
2025-11-11 18:51:02.959366,99.1209,99.1209,7.47126e-07,1765
2025-11-11 18:51:02.966900,99.1209,99.1209,7.47126e-07,1518
2025-11-11 18:51:02.974713,99.1209,99.1209,2.7237e-06,1253
2025-11-11 18:51:02.982693,99.1209,99.1209,5.9603e-06,1431
2025-11-11 18:51:02.990090,99.1209,99.1209,6.82173e-07,1688
2025-11-11 18:51:02.997507,99.1209,99.1209,1.81501e-06,2127
2025-11-11 18:51:03.004682,99.1209,99.1209,1.81501e-06,1914
2025-11-11 18:51:03.013246,99.1209,99.1209,1.81501e-06,1607
2025-11-11 18:51:03.020677,99.1209,99.1209,1.81501e-06,1593
2025-11-11 18:51:03.028185,99.1209,99.1209,6.82173e-07,1482
2025-11-11 18:51:03.035620,99.1209,99.1209,5.9603e-06,1108
2025-11-11 18:51:03.043753,99.1209,99.1209,5.9603e-06,1096
2025-11-11 18:51:03.051739,99.1209,99.1209,6.82173e-07,1250
2025-11-11 18:51:03.059149,99.1209,99.1209,1.81501e-06,1683
2025-11-11 18:51:03.066725,99.1209,99.1209,1.53092e-05,1792
2025-11-11 18:51:03.074542,99.1209,99.1209,3.39523e-06,2201
2025-11-11 18:51:03.082436,99.1209,99.1209,3.39523e-06,2102
2025-11-11 18:51:03.090325,99.1209,99.1209,3.39523e-06,1979
2025-11-11 18:51:03.098036,99.1209,99.1209,3.39523e-06,1841
2025-11-11 18:51:03.106933,99.1209,99.1209,3.39523e-06,1834
2025-11-11 18:51:03.114909,99.1209,99.1209,3.39523e-06,1757
2025-11-11 18:51:03.122552,99.1209,99.1209,3.39523e-06,1704
2025-11-11 18:51:03.130090,99.1209,99.1209,2.00314e-06,1768
2025-11-11 18:51:03.138264,99.1209,99.1209,3.39523e-06,1603
2025-11-11 18:51:03.146543,99.1209,99.1209,2.00314e-06,1644
2025-11-11 18:51:03.154038,99.1209,99.1209,3.39523e-06,1647
2025-11-11 18:51:03.161665,99.1209,99.1209,1.53092e-05,2036
2025-11-11 18:51:03.168976,99.1209,99.1209,1.81501e-06,1882
2025-11-11 18:51:03.176873,99.1209,99.1209,1.81501e-06,1828
2025-11-11 18:51:03.185048,99.1209,99.1209,1.53092e-05,2260
2025-11-11 18:51:03.192542,99.1209,99.1209,1.53092e-05,2151
2025-11-11 18:51:03.200036,99.1209,99.1209,1.53092e-05,1905
2025-11-11 18:51:03.207234,99.1209,99.1209,1.81501e-06,2279
2025-11-11 18:51:03.214546,99.1209,99.1209,1.53092e-05,1923
2025-11-11 18:51:03.221762,99.1209,99.1209,1.81501e-06,2061
2025-11-11 18:51:03.230310,99.1209,99.1209,1.81501e-06,2014
2025-11-11 18:51:03.238003,99.1209,99.1209,6.82173e-07,1635
2025-11-11 18:51:03.245763,99.1209,99.1209,1.81501e-06,1827
2025-11-11 18:51:03.253127,99.1209,99.1209,6.82173e-07,1991
2025-11-11 18:51:03.261363,99.1209,99.1209,6.82173e-07,1915
2025-11-11 18:51:03.269261,99.1209,99.1209,6.82173e-07,1593
2025-11-11 18:51:03.277001,99.1209,99.1209,1.81501e-06,1677
2025-11-11 18:51:03.284570,99.1209,99.1209,6.82173e-07,2036
2025-11-11 18:51:03.292610,99.1209,99.1209,6.82173e-07,1729
2025-11-11 18:51:03.300517,99.1209,99.1209,1.81501e-06,1754
2025-11-11 18:51:03.308088,99.1209,99.1209,6.82173e-07,1608
2025-11-11 18:51:03.315580,99.1209,99.1209,1.81501e-06,1671
2025-11-11 18:51:03.323546,99.1209,99.1209,1.53092e-05,1650
2025-11-11 18:51:03.331610,99.1209,99.1209,1.81501e-06,1559
2025-11-11 18:51:03.339288,99.1209,99.1209,1.81501e-06,1529
2025-11-11 18:51:03.347089,99.1209,99.1209,1.53092e-05,1815
2025-11-11 18:51:03.354526,99.1209,99.1209,1.53092e-05,1654
2025-11-11 18:51:03.363451,99.1209,99.1209,3.39523e-06,1172
2025-11-11 18:51:03.371040,99.1209,99.1209,1.53092e-05,1170
2025-11-11 18:51:03.378705,99.1209,99.1209,1.53092e-05,1101
2025-11-11 18:51:03.385973,99.1209,99.1209,3.39523e-06,1047
2025-11-11 18:51:03.393785,99.1209,99.1209,3.39523e-06,921
2025-11-11 18:51:03.401972,99.1209,99.1209,1.53092e-05,1179
2025-11-11 18:51:03.409368,99.1209,99.1209,1.53092e-05,923
2025-11-11 18:51:03.417098,99.1209,99.1209,3.39523e-06,915
2025-11-11 18:51:03.424760,99.1209,99.1209,2.00314e-06,1108
2025-11-11 18:51:03.432739,99.1209,99.1209,3.39523e-06,909
2025-11-11 18:51:03.440313,99.1209,99.1209,1.53092e-05,1066
2025-11-11 18:51:03.448462,99.1209,99.1209,1.81501e-06,1298
2025-11-11 18:51:03.456059,99.1209,99.1209,6.82173e-07,1254
2025-11-11 18:51:03.464655,99.1209,99.1209,1.81501e-06,1320
2025-11-11 18:51:03.472394,99.1209,99.1209,1.81501e-06,1318
2025-11-11 18:51:03.480019,99.1209,99.1209,6.82173e-07,1290
2025-11-11 18:51:03.487513,99.1209,99.1209,5.9603e-06,1289
2025-11-11 18:51:03.496202,99.1209,99.1209,5.9603e-06,1103
2025-11-11 18:51:03.504075,99.1209,99.1209,2.7237e-06,1258
2025-11-11 18:51:03.511809,99.1209,99.1209,7.47126e-07,1512
2025-11-11 18:51:03.519236,99.1209,99.1209,7.47126e-07,1480
2025-11-11 18:51:03.527317,99.1209,99.1209,2.7237e-06,1264
2025-11-11 18:51:03.535252,99.1209,99.1209,7.47126e-07,1688
2025-11-11 18:51:03.542716,99.1209,99.1209,5.15329e-06,1358
2025-11-11 18:51:03.550503,99.1209,99.1209,7.47126e-07,2105
2025-11-11 18:51:03.557853,99.1209,99.1209,7.47126e-07,2091
2025-11-11 18:51:03.565322,99.1209,99.1209,7.47126e-07,1773
2025-11-11 18:51:03.573022,99.1209,99.1209,5.15329e-06,1413
2025-11-11 18:51:03.581288,99.1209,99.121,1.64535e-05,1708
2025-11-11 18:51:03.588726,99.121,99.121,3.24242e-06,1904
2025-11-11 18:51:03.596277,99.1209,99.121,1.64535e-05,1755
2025-11-11 18:51:03.604027,99.121,99.121,3.24242e-06,1724
2025-11-11 18:51:03.612355,99.1209,99.121,1.64535e-05,1779
2025-11-11 18:51:03.619972,99.121,99.121,3.24242e-06,1701
2025-11-11 18:51:03.627783,99.121,99.121,3.24242e-06,1651
2025-11-11 18:51:03.635056,99.1209,99.121,1.64535e-05,1842
2025-11-11 18:51:03.642874,99.1209,99.1209,5.15329e-06,1594
2025-11-11 18:51:03.650992,99.1209,99.121,1.64535e-05,1419
2025-11-11 18:51:03.658938,99.1209,99.121,1.64535e-05,1394
2025-11-11 18:51:03.666494,99.1209,99.1209,5.15329e-06,1919
2025-11-11 18:51:03.674218,99.1209,99.1209,5.15329e-06,1581
2025-11-11 18:51:03.682095,99.1209,99.1209,7.47126e-07,2329
2025-11-11 18:51:03.689617,99.1209,99.1209,7.47126e-07,2292
2025-11-11 18:51:03.697430,99.1209,99.1209,7.47126e-07,1995
2025-11-11 18:51:03.704698,99.1209,99.1209,7.47126e-07,1879
2025-11-11 18:51:03.713777,99.1209,99.1209,5.15329e-06,1708
2025-11-11 18:51:03.721866,99.1209,99.1209,5.15329e-06,1666
2025-11-11 18:51:03.729836,99.1209,99.1209,7.47126e-07,1914
2025-11-11 18:51:03.737242,99.1209,99.1209,7.47126e-07,1809
2025-11-11 18:51:03.745263,99.1209,99.1209,7.47126e-07,1788
2025-11-11 18:51:03.753957,99.1209,99.1209,2.7237e-06,1926
2025-11-11 18:51:03.761819,99.1209,99.1209,2.7237e-06,1782
2025-11-11 18:51:03.769255,99.1209,99.1209,2.7237e-06,1548
2025-11-11 18:51:03.777158,99.1209,99.1209,2.7237e-06,1500
2025-11-11 18:51:03.785256,99.1209,99.1209,5.9603e-06,1467
2025-11-11 18:51:03.792984,99.1209,99.1209,5.9603e-06,1436
2025-11-11 18:51:03.800541,99.1209,99.1209,6.82173e-07,1613
2025-11-11 18:51:03.808458,99.1209,99.1209,1.81501e-06,1587
2025-11-11 18:51:03.816214,99.1209,99.1209,1.81501e-06,1214
2025-11-11 18:51:03.824034,99.1209,99.1209,6.82173e-07,1208
2025-11-11 18:51:03.831543,99.1209,99.1209,6.82173e-07,1170
2025-11-11 18:51:03.839411,99.1209,99.1209,5.9603e-06,1195
2025-11-11 18:51:03.847289,99.1209,99.1209,6.82173e-07,1182
2025-11-11 18:51:03.855367,99.1209,99.1209,6.82173e-07,1133
2025-11-11 18:51:03.863379,99.1209,99.1209,5.9603e-06,1408
2025-11-11 18:51:03.871128,99.1209,99.1209,5.9603e-06,1362
2025-11-11 18:51:03.879799,99.1209,99.1209,2.7237e-06,1440
2025-11-11 18:51:03.887254,99.1209,99.1209,5.9603e-06,1350
2025-11-11 18:51:03.895105,99.1209,99.1209,5.9603e-06,1285
2025-11-11 18:51:03.902606,99.1209,99.1209,5.9603e-06,1105
2025-11-11 18:51:03.909871,99.1209,99.1209,5.9603e-06,986
2025-11-11 18:51:03.917237,99.1209,99.1209,6.82173e-07,729
2025-11-11 18:51:03.925215,99.1209,99.1209,1.81501e-06,1071
2025-11-11 18:51:03.933343,99.1209,99.1209,1.53092e-05,1692
2025-11-11 18:51:03.940953,99.1209,99.1209,2.97156e-06,1683
2025-11-11 18:51:03.948468,99.1209,99.1209,1.53092e-05,1859
2025-11-11 18:51:03.955966,99.1209,99.1209,1.81501e-06,1320
2025-11-11 18:51:03.964272,99.1209,99.1209,1.53092e-05,1918
2025-11-11 18:51:03.971835,99.1209,99.1209,1.53092e-05,1823
2025-11-11 18:51:03.979409,99.1209,99.1209,1.53092e-05,1722
2025-11-11 18:51:03.987034,99.1209,99.1209,1.53092e-05,1513
2025-11-11 18:51:03.994940,99.1209,99.1209,1.53092e-05,1457
2025-11-11 18:51:04.002884,99.1209,99.1209,2.97156e-06,1626
2025-11-11 18:51:04.010469,99.1209,99.1209,1.53092e-05,1654
2025-11-11 18:51:04.017926,99.1209,99.1209,2.97156e-06,1532
2025-11-11 18:51:04.026180,99.1209,99.1209,4.23669e-07,1517
2025-11-11 18:51:04.034124,99.1209,99.1209,2.00314e-06,1678
2025-11-11 18:51:04.041799,99.1209,99.1209,4.23669e-07,1762
2025-11-11 18:51:04.049636,99.1209,99.1209,2.97156e-06,2016
2025-11-11 18:51:04.057625,99.1209,99.1209,4.23669e-07,1825
2025-11-11 18:51:04.065583,99.1209,99.1209,2.97156e-06,1896
2025-11-11 18:51:04.073181,99.1209,99.1209,4.23669e-07,1971
2025-11-11 18:51:04.080715,99.1209,99.1209,4.23669e-07,1769
2025-11-11 18:51:04.088149,99.1209,99.1209,4.23669e-07,1714
2025-11-11 18:51:04.096505,99.1209,99.1209,2.97156e-06,1544
2025-11-11 18:51:04.105440,99.1209,99.1209,4.23669e-07,1969
2025-11-11 18:51:04.113184,99.1209,99.1209,2.97156e-06,1579
2025-11-11 18:51:04.120456,99.1209,99.1209,4.23669e-07,1820
2025-11-11 18:51:04.129064,99.1209,99.1209,4.23669e-07,1742
2025-11-11 18:51:04.136981,99.1209,99.1209,2.00314e-06,1818
2025-11-11 18:51:04.144653,99.1209,99.1209,1.60822e-06,1662
2025-11-11 18:51:04.152180,99.1209,99.1209,1.60822e-06,1524
2025-11-11 18:51:04.160453,99.1209,99.1209,1.60822e-06,1386
2025-11-11 18:51:04.168598,99.1209,99.1209,1.60822e-06,1257
2025-11-11 18:51:04.176226,99.1209,99.1209,2.70485e-07,1044
2025-11-11 18:51:04.184000,99.1209,99.1209,4.18423e-07,1059
2025-11-11 18:51:04.192118,99.1209,99.1209,5.07134e-06,1433
2025-11-11 18:51:04.199836,99.1209,99.1209,5.07134e-06,868
2025-11-11 18:51:04.207611,99.1209,99.1209,4.18423e-07,1124
2025-11-11 18:51:04.215140,99.1209,99.1209,5.07134e-06,1033
2025-11-11 18:51:04.222714,99.1209,99.1209,4.18423e-07,1316
2025-11-11 18:51:04.230999,99.1209,99.1209,4.18423e-07,1033
2025-11-11 18:51:04.238641,99.1209,99.1209,2.70485e-07,1104
2025-11-11 18:51:04.246466,99.1209,99.1209,1.60822e-06,1586
2025-11-11 18:51:04.253874,99.1209,99.1209,1.60822e-06,1416
2025-11-11 18:51:04.261238,99.1209,99.1209,2.70485e-07,993
2025-11-11 18:51:04.268695,99.1209,99.1209,2.70485e-07,795
2025-11-11 18:51:04.276852,99.1209,99.1209,2.70485e-07,775
2025-11-11 18:51:04.284871,99.1209,99.1209,4.18423e-07,1158
2025-11-11 18:51:04.292584,99.1209,99.1209,4.18423e-07,824
2025-11-11 18:51:04.300320,99.1209,99.1209,5.07134e-06,807
2025-11-11 18:51:04.308502,99.1209,99.1209,2.89331e-06,647
2025-11-11 18:51:04.316599,99.1209,99.1209,7.22549e-07,772
2025-11-11 18:51:04.324152,99.1209,99.1209,1.71996e-06,850
2025-11-11 18:51:04.331852,99.1209,99.1209,2.62944e-07,842
2025-11-11 18:51:04.339861,99.1209,99.1209,2.9007e-07,986
2025-11-11 18:51:04.347907,99.1209,99.1209,1.81453e-06,1102
2025-11-11 18:51:04.355572,99.1209,99.1209,2.9007e-07,978
2025-11-11 18:51:04.363216,99.1209,99.1209,2.9007e-07,778
2025-11-11 18:51:04.370879,99.1209,99.1209,1.81453e-06,1162
2025-11-11 18:51:04.379694,99.1209,99.1209,1.24129e-07,978
2025-11-11 18:51:04.387282,99.1209,99.1209,1.81453e-06,1193
2025-11-11 18:51:04.395386,99.1209,99.1209,1.81453e-06,1131
2025-11-11 18:51:04.402965,99.1209,99.1209,1.24129e-07,997
2025-11-11 18:51:04.410868,99.1209,99.1209,1.81453e-06,1176
2025-11-11 18:51:04.418958,99.1209,99.1209,1.81453e-06,974
2025-11-11 18:51:04.426368,99.1209,99.1209,1.24129e-07,800
2025-11-11 18:51:04.434094,99.1209,99.1209,1.24129e-07,712
2025-11-11 18:51:04.441955,99.1209,99.1209,6.0891e-06,785
2025-11-11 18:51:04.449699,99.1209,99.1209,6.0891e-06,633
2025-11-11 18:51:04.457471,99.1209,99.1209,1.75808e-06,603
2025-11-11 18:51:04.465096,99.1209,99.1209,1.75808e-06,602
2025-11-11 18:51:04.472896,99.1209,99.1209,1.05655e-05,602
2025-11-11 18:51:04.481010,99.1209,99.1209,8.0215e-06,776
2025-11-11 18:51:04.488909,99.1209,99.1209,8.0215e-06,496
2025-11-11 18:51:04.496571,99.1209,99.1209,1.05655e-05,665
2025-11-11 18:51:04.504385,99.1209,99.1209,1.75808e-06,832
2025-11-11 18:51:04.512536,99.1209,99.1209,6.0891e-06,899
2025-11-11 18:51:04.520232,99.1209,99.1209,1.75808e-06,1662
2025-11-11 18:51:04.528078,99.1209,99.1209,1.75808e-06,1518
2025-11-11 18:51:04.535673,99.1209,99.1209,1.75808e-06,1061
2025-11-11 18:51:04.543503,99.1209,99.1209,1.05655e-05,1355
2025-11-11 18:51:04.551577,99.1209,99.1209,1.05655e-05,988
2025-11-11 18:51:04.559239,99.1209,99.1209,1.75808e-06,1081
2025-11-11 18:51:04.566899,99.1209,99.1209,1.05655e-05,957
2025-11-11 18:51:04.574832,99.1209,99.1209,1.05655e-05,878
2025-11-11 18:51:04.582708,99.1209,99.1209,1.05655e-05,833
2025-11-11 18:51:04.590230,99.1209,99.1209,1.75808e-06,824
2025-11-11 18:51:04.597701,99.1209,99.1209,1.75808e-06,587
2025-11-11 18:51:04.605655,99.1209,99.1209,6.0891e-06,1025
2025-11-11 18:51:04.613100,99.1209,99.1209,1.24129e-07,1411
2025-11-11 18:51:04.620615,99.1209,99.1209,1.24129e-07,1276
2025-11-11 18:51:04.628779,99.1209,99.1209,1.81453e-06,1796
2025-11-11 18:51:04.636812,99.1209,99.1209,1.81453e-06,1725
2025-11-11 18:51:04.644798,99.1209,99.1209,1.81453e-06,1579
2025-11-11 18:51:04.652380,99.1209,99.1209,2.9007e-07,1751
2025-11-11 18:51:04.660661,99.1209,99.1209,2.62944e-07,2150
2025-11-11 18:51:04.668934,99.1209,99.1209,1.71996e-06,2417
2025-11-11 18:51:04.676871,99.1209,99.1209,1.71996e-06,2328
2025-11-11 18:51:04.684520,99.1209,99.1209,1.71996e-06,2229
2025-11-11 18:51:04.692580,99.1209,99.1209,1.71996e-06,2059
2025-11-11 18:51:04.700432,99.1209,99.1209,1.71996e-06,1846
2025-11-11 18:51:04.708238,99.1209,99.1209,7.22549e-07,1776
2025-11-11 18:51:04.716330,99.1209,99.1209,2.89331e-06,1444
2025-11-11 18:51:04.724041,99.1209,99.1209,5.07134e-06,1442
2025-11-11 18:51:04.732095,99.1209,99.1209,5.07134e-06,1387
2025-11-11 18:51:04.739800,99.1209,99.1209,3.61586e-06,2230
2025-11-11 18:51:04.747335,99.1209,99.1209,3.61586e-06,1916
2025-11-11 18:51:04.754916,99.1209,99.1209,5.07134e-06,1518
2025-11-11 18:51:04.763685,99.1209,99.1209,3.61586e-06,1635
2025-11-11 18:51:04.771327,99.1209,99.1209,3.61586e-06,1607
2025-11-11 18:51:04.779250,99.1209,99.1209,1.71996e-06,2016
2025-11-11 18:51:04.786725,99.1209,99.1209,3.61586e-06,1968
2025-11-11 18:51:04.795079,99.1209,99.1209,5.07134e-06,1917
2025-11-11 18:51:04.803230,99.1209,99.1209,3.61586e-06,1883
2025-11-11 18:51:04.810968,99.1209,99.1209,3.61586e-06,1837
2025-11-11 18:51:04.818570,99.1209,99.1209,3.61586e-06,1695
2025-11-11 18:51:04.827021,99.1209,99.1209,1.71996e-06,1988
2025-11-11 18:51:04.834963,99.1209,99.1209,1.71996e-06,1792
2025-11-11 18:51:04.842781,99.1209,99.1209,2.62944e-07,2183
2025-11-11 18:51:04.850489,99.1209,99.1209,2.62944e-07,2026
2025-11-11 18:51:04.858438,99.1209,99.1209,2.62944e-07,1956
2025-11-11 18:51:04.866431,99.1209,99.1209,2.62944e-07,1711
2025-11-11 18:51:04.874117,99.1209,99.1209,2.62944e-07,1668
2025-11-11 18:51:04.882024,99.1209,99.1209,2.62944e-07,1642
2025-11-11 18:51:04.890127,99.1209,99.1209,2.62944e-07,1583
2025-11-11 18:51:04.898234,99.1209,99.1209,1.71996e-06,1399
2025-11-11 18:51:04.905921,99.1209,99.1209,1.71996e-06,1264
2025-11-11 18:51:04.913559,99.1209,99.1209,3.61586e-06,985
2025-11-11 18:51:04.921238,99.1209,99.1209,1.71996e-06,1490
2025-11-11 18:51:04.929530,99.1209,99.1209,2.62944e-07,2183
2025-11-11 18:51:04.937351,99.1209,99.1209,1.71996e-06,1429
2025-11-11 18:51:04.945064,99.1209,99.1209,2.62944e-07,1717
2025-11-11 18:51:04.952564,99.1209,99.1209,2.9007e-07,1965
2025-11-11 18:51:04.960051,99.1209,99.1209,2.62944e-07,2286
2025-11-11 18:51:04.967245,99.1209,99.1209,1.71996e-06,2685
2025-11-11 18:51:04.976080,99.1209,99.1209,3.61586e-06,2255
2025-11-11 18:51:04.984318,99.1209,99.1209,1.71996e-06,2711
2025-11-11 18:51:04.991969,99.1209,99.1209,1.71996e-06,2467
2025-11-11 18:51:04.999594,99.1209,99.1209,3.61586e-06,2764
2025-11-11 18:51:05.007800,99.1209,99.1209,5.07134e-06,2797
2025-11-11 18:51:05.015992,99.1209,99.1209,5.07134e-06,2756
2025-11-11 18:51:05.023743,99.1209,99.1209,4.18423e-07,2669
2025-11-11 18:51:05.031514,99.1209,99.1209,2.70485e-07,2278
2025-11-11 18:51:05.038874,99.1209,99.1209,1.60822e-06,1939
2025-11-11 18:51:05.047389,99.1209,99.1209,2.00314e-06,1827
2025-11-11 18:51:05.055117,99.1209,99.1209,2.00314e-06,1803
2025-11-11 18:51:05.062587,99.1209,99.1209,4.23669e-07,1522
2025-11-11 18:51:05.069897,99.1209,99.1209,2.00314e-06,1977
2025-11-11 18:51:05.078246,99.1209,99.1209,1.60822e-06,2708
2025-11-11 18:51:05.086404,99.1209,99.1209,1.60822e-06,2276
2025-11-11 18:51:05.094360,99.1209,99.1209,1.60822e-06,2213
2025-11-11 18:51:05.102981,99.1209,99.1209,1.60822e-06,2115
2025-11-11 18:51:05.111194,99.1209,99.1209,2.70485e-07,2595
2025-11-11 18:51:05.119069,99.1209,99.1209,1.60822e-06,2431
2025-11-11 18:51:05.126708,99.1209,99.1209,1.60822e-06,2141
2025-11-11 18:51:05.134359,99.1209,99.1209,2.00314e-06,2050
2025-11-11 18:51:05.142388,99.1209,99.1209,2.00314e-06,1835
2025-11-11 18:51:05.150145,99.1209,99.1209,2.00314e-06,1696
2025-11-11 18:51:05.158104,99.1209,99.1209,4.23669e-07,1458
2025-11-11 18:51:05.165806,99.1209,99.1209,4.23669e-07,1321
2025-11-11 18:51:05.173639,99.1209,99.1209,2.00314e-06,1736
2025-11-11 18:51:05.181835,99.1209,99.1209,2.00314e-06,1554
2025-11-11 18:51:05.189521,99.1209,99.1209,1.60822e-06,1740
2025-11-11 18:51:05.197444,99.1209,99.1209,2.00314e-06,1616
2025-11-11 18:51:05.205010,99.1209,99.1209,2.00314e-06,1554
2025-11-11 18:51:05.213823,99.1209,99.1209,2.00314e-06,1473
2025-11-11 18:51:05.221669,99.1209,99.1209,1.60822e-06,2247
2025-11-11 18:51:05.229601,99.1209,99.1209,1.60822e-06,2100
2025-11-11 18:51:05.237259,99.1209,99.1209,1.60822e-06,2030
2025-11-11 18:51:05.245300,99.1209,99.1209,2.00314e-06,1497
2025-11-11 18:51:05.253150,99.1209,99.1209,2.00314e-06,1431
2025-11-11 18:51:05.260861,99.1209,99.1209,4.23669e-07,1261
2025-11-11 18:51:05.268920,99.1209,99.1209,2.97156e-06,1327
2025-11-11 18:51:05.276834,99.1209,99.1209,1.53092e-05,1576
2025-11-11 18:51:05.284871,99.1209,99.1209,1.53092e-05,1480
2025-11-11 18:51:05.292788,99.1209,99.1209,1.53092e-05,1291
2025-11-11 18:51:05.301046,99.1209,99.1209,2.97156e-06,1449
2025-11-11 18:51:05.308926,99.1209,99.1209,4.23669e-07,1551
2025-11-11 18:51:05.316475,99.1209,99.1209,4.23669e-07,1511
2025-11-11 18:51:05.324618,99.1209,99.1209,4.23669e-07,1354
2025-11-11 18:51:05.332937,99.1209,99.1209,2.00314e-06,1770
2025-11-11 18:51:05.340732,99.1209,99.1209,2.00314e-06,1574
2025-11-11 18:51:05.348509,99.1209,99.1209,1.60822e-06,2279
2025-11-11 18:51:05.356330,99.1209,99.1209,1.60822e-06,2078
2025-11-11 18:51:05.364706,99.1209,99.1209,2.00314e-06,1598
2025-11-11 18:51:05.372613,99.1209,99.1209,1.60822e-06,1989
2025-11-11 18:51:05.380335,99.1209,99.1209,2.70485e-07,2543
2025-11-11 18:51:05.387745,99.1209,99.1209,2.70485e-07,2483
2025-11-11 18:51:05.396652,99.1209,99.1209,4.18423e-07,3316
2025-11-11 18:51:05.404285,99.1209,99.1209,5.07134e-06,3661
2025-11-11 18:51:05.412017,99.1209,99.1209,4.18423e-07,3366
2025-11-11 18:51:05.419434,99.1209,99.1209,5.07134e-06,3906
2025-11-11 18:51:05.427433,99.1209,99.1209,4.18423e-07,3333
2025-11-11 18:51:05.435582,99.1209,99.1209,4.18423e-07,3197
2025-11-11 18:51:05.443408,99.1209,99.1209,4.18423e-07,2799
2025-11-11 18:51:05.451205,99.1209,99.1209,2.70485e-07,2775
2025-11-11 18:51:05.459299,99.1209,99.1209,2.70485e-07,2703
2025-11-11 18:51:05.467177,99.1209,99.1209,2.70485e-07,2621
2025-11-11 18:51:05.475045,99.1209,99.1209,1.60822e-06,2306
2025-11-11 18:51:05.482965,99.1209,99.1209,1.60822e-06,2216
2025-11-11 18:51:05.491140,99.1209,99.1209,1.60822e-06,2135
2025-11-11 18:51:05.499184,99.1209,99.1209,2.00314e-06,1843
2025-11-11 18:51:05.507256,99.1209,99.1209,4.23669e-07,1587
2025-11-11 18:51:05.515246,99.1209,99.1209,2.97156e-06,1576
2025-11-11 18:51:05.522881,99.1209,99.1209,2.97156e-06,1471
2025-11-11 18:51:05.531102,99.1209,99.1209,4.23669e-07,1462
2025-11-11 18:51:05.539068,99.1209,99.1209,4.23669e-07,1460
2025-11-11 18:51:05.546932,99.1209,99.1209,2.97156e-06,1662
2025-11-11 18:51:05.554464,99.1209,99.1209,2.97156e-06,1639
2025-11-11 18:51:05.563335,99.1209,99.1209,2.97156e-06,1489
2025-11-11 18:51:05.571034,99.1209,99.1209,4.23669e-07,1436
2025-11-11 18:51:05.578875,99.1209,99.1209,2.97156e-06,1539
2025-11-11 18:51:05.586213,99.1209,99.1209,1.53092e-05,1396
2025-11-11 18:51:05.594305,99.1209,99.1209,1.53092e-05,1265
2025-11-11 18:51:05.602584,99.1209,99.1209,1.53092e-05,1187
2025-11-11 18:51:05.610720,99.1209,99.1209,2.97156e-06,1344
2025-11-11 18:51:05.618269,99.1209,99.1209,1.53092e-05,1346
2025-11-11 18:51:05.626042,99.1209,99.1209,1.53092e-05,1141
2025-11-11 18:51:05.634037,99.1209,99.1209,2.97156e-06,1562
2025-11-11 18:51:05.641722,99.1209,99.1209,4.23669e-07,1706
2025-11-11 18:51:05.649449,99.1209,99.1209,2.00314e-06,2104
2025-11-11 18:51:05.657163,99.1209,99.1209,1.60822e-06,2424
2025-11-11 18:51:05.664606,99.1209,99.1209,2.00314e-06,2096
2025-11-11 18:51:05.673729,99.1209,99.1209,2.00314e-06,1879
2025-11-11 18:51:05.681819,99.1209,99.1209,4.23669e-07,1870
2025-11-11 18:51:05.689438,99.1209,99.1209,2.97156e-06,1634
2025-11-11 18:51:05.697242,99.1209,99.1209,2.97156e-06,1550
2025-11-11 18:51:05.704805,99.1209,99.1209,2.97156e-06,1509
2025-11-11 18:51:05.713725,99.1209,99.1209,4.23669e-07,2144
2025-11-11 18:51:05.721557,99.1209,99.1209,4.23669e-07,2022
2025-11-11 18:51:05.729706,99.1209,99.1209,4.23669e-07,2019
2025-11-11 18:51:05.737156,99.1209,99.1209,2.00314e-06,2015
2025-11-11 18:51:05.745378,99.1209,99.1209,4.23669e-07,2196
2025-11-11 18:51:05.753583,99.1209,99.1209,2.97156e-06,1903
2025-11-11 18:51:05.761686,99.1209,99.1209,1.53092e-05,1955
2025-11-11 18:51:05.769390,99.1209,99.1209,1.53092e-05,1767
2025-11-11 18:51:05.777511,99.1209,99.1209,1.53092e-05,1757
2025-11-11 18:51:05.785764,99.1209,99.1209,1.81501e-06,1702
2025-11-11 18:51:05.793525,99.1209,99.1209,1.81501e-06,1602
2025-11-11 18:51:05.801148,99.1209,99.1209,6.82173e-07,1600
2025-11-11 18:51:05.809482,99.1209,99.1209,1.81501e-06,1363
2025-11-11 18:51:05.817408,99.1209,99.1209,9.36617e-06,2117
2025-11-11 18:51:05.825198,99.1209,99.1209,1.81501e-06,1724
2025-11-11 18:51:05.833179,99.1209,99.1209,1.53092e-05,1864
2025-11-11 18:51:05.841270,99.1209,99.1209,1.53092e-05,1548
2025-11-11 18:51:05.849348,99.1209,99.1209,2.97156e-06,2045
2025-11-11 18:51:05.857090,99.1209,99.1209,2.97156e-06,2001
2025-11-11 18:51:05.865041,99.1209,99.1209,2.97156e-06,1745
2025-11-11 18:51:05.873122,99.1209,99.1209,1.53092e-05,1898
2025-11-11 18:51:05.881352,99.1209,99.1209,1.53092e-05,1896
2025-11-11 18:51:05.889139,99.1209,99.1209,1.53092e-05,1718
2025-11-11 18:51:05.897068,99.1209,99.1209,2.97156e-06,2060
2025-11-11 18:51:05.904572,99.1209,99.1209,1.53092e-05,1620
2025-11-11 18:51:05.913788,99.1209,99.1209,2.97156e-06,2024
2025-11-11 18:51:05.921690,99.1209,99.1209,2.97156e-06,1862
2025-11-11 18:51:05.929251,99.1209,99.1209,1.53092e-05,1495
2025-11-11 18:51:05.936632,99.1209,99.1209,2.97156e-06,1758
2025-11-11 18:51:05.944742,99.1209,99.1209,1.53092e-05,1515
2025-11-11 18:51:05.952762,99.1209,99.1209,2.97156e-06,1714
2025-11-11 18:51:05.960761,99.1209,99.1209,2.97156e-06,1691
2025-11-11 18:51:05.968429,99.1209,99.1209,1.53092e-05,1574
2025-11-11 18:51:05.977092,99.1209,99.1209,1.81501e-06,1424
2025-11-11 18:51:05.985133,99.1209,99.1209,9.36617e-06,1529
2025-11-11 18:51:05.992881,99.1209,99.1209,7.47126e-07,1545
2025-11-11 18:51:06.000626,99.1209,99.1209,9.36617e-06,1515
2025-11-11 18:51:06.008177,99.1209,99.1209,9.36617e-06,1448
2025-11-11 18:51:06.016114,99.1209,99.1209,7.47126e-07,1606
2025-11-11 18:51:06.024634,99.1209,99.1209,9.36617e-06,1933
2025-11-11 18:51:06.032606,99.1209,99.1209,9.36617e-06,1879
2025-11-11 18:51:06.040555,99.1209,99.1209,7.47126e-07,1484
2025-11-11 18:51:06.048401,99.1209,99.1209,9.36617e-06,1357
2025-11-11 18:51:06.055862,99.1209,99.1209,7.47126e-07,1962
2025-11-11 18:51:06.064678,99.1209,99.1209,7.47126e-07,1305
2025-11-11 18:51:06.072598,99.1209,99.1209,5.15329e-06,1039
2025-11-11 18:51:06.080297,99.1209,99.1209,7.47126e-07,1564
2025-11-11 18:51:06.087967,99.1209,99.1209,9.36617e-06,1676
2025-11-11 18:51:06.096566,99.1209,99.1209,1.81501e-06,2121
2025-11-11 18:51:06.105261,99.1209,99.1209,1.81501e-06,1757
2025-11-11 18:51:06.113534,99.1209,99.1209,1.53092e-05,2098
2025-11-11 18:51:06.121234,99.1209,99.1209,1.53092e-05,1654
2025-11-11 18:51:06.130251,99.1209,99.1209,1.81501e-06,1816
2025-11-11 18:51:06.137965,99.1209,99.1209,1.53092e-05,1809
2025-11-11 18:51:06.145862,99.1209,99.1209,1.53092e-05,1678
2025-11-11 18:51:06.153519,99.1209,99.1209,1.81501e-06,2014
2025-11-11 18:51:06.162614,99.1209,99.1209,9.36617e-06,2083
2025-11-11 18:51:06.170379,99.1209,99.1209,7.47126e-07,2573
2025-11-11 18:51:06.178412,99.1209,99.1209,7.47126e-07,2262
2025-11-11 18:51:06.185955,99.1209,99.1209,9.36617e-06,2092
2025-11-11 18:51:06.194219,99.1209,99.1209,7.47126e-07,2452
2025-11-11 18:51:06.202457,99.1209,99.1209,7.47126e-07,2412
2025-11-11 18:51:06.210035,99.1209,99.1209,5.15329e-06,1944
2025-11-11 18:51:06.218105,99.1209,99.1209,7.47126e-07,2226
2025-11-11 18:51:06.226145,99.1209,99.1209,7.47126e-07,2186
2025-11-11 18:51:06.234838,99.1209,99.1209,7.47126e-07,1879
2025-11-11 18:51:06.242637,99.1209,99.1209,7.47126e-07,1776
2025-11-11 18:51:06.250297,99.1209,99.1209,7.47126e-07,1715
2025-11-11 18:51:06.258261,99.1209,99.1209,5.15329e-06,1708
2025-11-11 18:51:06.266380,99.1209,99.1209,7.47126e-07,1719
2025-11-11 18:51:06.273893,99.1209,99.1209,5.15329e-06,1507
2025-11-11 18:51:06.281673,99.1209,99.121,1.64535e-05,1354
2025-11-11 18:51:06.289637,99.121,99.121,3.24242e-06,1206
2025-11-11 18:51:06.297890,99.121,99.121,3.24242e-06,1051
2025-11-11 18:51:06.305748,99.1209,99.121,1.64535e-05,1426
2025-11-11 18:51:06.313368,99.1209,99.121,1.64535e-05,1305
2025-11-11 18:51:06.321154,99.1209,99.121,1.64535e-05,1294
2025-11-11 18:51:06.329496,99.121,99.121,3.24242e-06,1114
2025-11-11 18:51:06.337230,99.121,99.121,2.40071e-06,1850
2025-11-11 18:51:06.344982,99.121,99.121,2.40071e-06,1625
2025-11-11 18:51:06.352605,99.121,99.121,4.58719e-06,1341
2025-11-11 18:51:06.359957,99.121,99.121,1.61538e-07,1553
2025-11-11 18:51:06.367238,99.121,99.121,4.58719e-06,1404
2025-11-11 18:51:06.375358,99.121,99.121,4.58719e-06,1330
2025-11-11 18:51:06.383023,99.121,99.121,2.40071e-06,1390
2025-11-11 18:51:06.390641,99.121,99.121,2.40071e-06,1141
2025-11-11 18:51:06.398164,99.121,99.121,3.24242e-06,1040
2025-11-11 18:51:06.405650,99.121,99.121,2.40071e-06,1319
2025-11-11 18:51:06.414131,99.121,99.121,2.40071e-06,1247
2025-11-11 18:51:06.421967,99.121,99.121,4.58719e-06,1416
2025-11-11 18:51:06.430066,99.121,99.121,4.58719e-06,1281
2025-11-11 18:51:06.437515,99.121,99.121,1.61538e-07,1445
2025-11-11 18:51:06.445622,99.121,99.121,4.58719e-06,1310
2025-11-11 18:51:06.453329,99.121,99.121,4.58719e-06,1275
2025-11-11 18:51:06.461156,99.121,99.121,1.61538e-07,1543
2025-11-11 18:51:06.468491,99.121,99.121,4.58719e-06,1468
2025-11-11 18:51:06.476701,99.121,99.121,1.61538e-07,1423
2025-11-11 18:51:06.485131,99.121,99.121,4.58719e-06,1569
2025-11-11 18:51:06.492731,99.121,99.121,1.61538e-07,2087
2025-11-11 18:51:06.500291,99.121,99.121,1.61538e-07,1904
2025-11-11 18:51:06.508117,99.121,99.121,1.61538e-07,1401
2025-11-11 18:51:06.516224,99.121,99.121,4.58719e-06,1699
2025-11-11 18:51:06.524338,99.121,99.121,4.58719e-06,1307
2025-11-11 18:51:06.532042,99.121,99.121,2.40071e-06,1485
2025-11-11 18:51:06.539587,99.121,99.121,2.40071e-06,1470
2025-11-11 18:51:06.547940,99.121,99.121,2.40071e-06,1341
2025-11-11 18:51:06.555399,99.121,99.121,3.24242e-06,875
2025-11-11 18:51:06.562977,99.121,99.121,2.40071e-06,1521
2025-11-11 18:51:06.570167,99.121,99.121,4.58719e-06,1549
2025-11-11 18:51:06.578213,99.121,99.121,2.40071e-06,1802
2025-11-11 18:51:06.586107,99.121,99.121,2.40071e-06,1439
2025-11-11 18:51:06.593628,99.121,99.121,4.58719e-06,1458
2025-11-11 18:51:06.601294,99.121,99.121,1.61538e-07,1888
2025-11-11 18:51:06.609385,99.121,99.121,4.8446e-07,2426
2025-11-11 18:51:06.617159,99.121,99.121,4.8446e-07,2355
2025-11-11 18:51:06.624881,99.121,99.121,4.8446e-07,1992
2025-11-11 18:51:06.632529,99.121,99.121,8.9787e-07,2243
2025-11-11 18:51:06.640440,99.121,99.121,8.9787e-07,2032
2025-11-11 18:51:06.648296,99.121,99.121,4.8446e-07,2266
2025-11-11 18:51:06.655972,99.121,99.121,4.8446e-07,2098
2025-11-11 18:51:06.663653,99.121,99.121,1.61538e-07,1899
2025-11-11 18:51:06.671045,99.121,99.121,4.8446e-07,2373
2025-11-11 18:51:06.679863,99.121,99.121,8.9787e-07,2395
2025-11-11 18:51:06.687312,99.121,99.121,4.8446e-07,2143
2025-11-11 18:51:06.694953,99.121,99.121,8.9787e-07,2418
2025-11-11 18:51:06.702380,99.121,99.121,8.9787e-07,2334
2025-11-11 18:51:06.710044,99.121,99.121,4.8446e-07,2006
2025-11-11 18:51:06.717356,99.121,99.121,4.8446e-07,1767
2025-11-11 18:51:06.725245,99.121,99.121,8.9787e-07,2163
2025-11-11 18:51:06.733533,99.121,99.121,8.9787e-07,2072
2025-11-11 18:51:06.741032,99.121,99.121,8.9787e-07,2058
2025-11-11 18:51:06.748570,99.121,99.121,1.79806e-06,2127
2025-11-11 18:51:06.756368,99.121,99.121,3.15809e-06,2312
2025-11-11 18:51:06.764790,99.121,99.121,3.15809e-06,2166
2025-11-11 18:51:06.772594,99.121,99.121,2.51695e-06,2081
2025-11-11 18:51:06.780156,99.121,99.121,1.91462e-06,2128
2025-11-11 18:51:06.787501,99.121,99.121,1.91462e-06,1822
2025-11-11 18:51:06.796075,99.121,99.121,4.26213e-07,1659
2025-11-11 18:51:06.803426,99.121,99.121,4.26213e-07,1518
2025-11-11 18:51:06.811095,99.121,99.121,1.91462e-06,1580
2025-11-11 18:51:06.818391,99.121,99.121,4.26213e-07,1975
2025-11-11 18:51:06.826137,99.121,99.121,4.26213e-07,1894
2025-11-11 18:51:06.834118,99.121,99.121,4.26213e-07,1685
2025-11-11 18:51:06.841913,99.121,99.121,4.26213e-07,1665
2025-11-11 18:51:06.849520,99.121,99.121,4.26213e-07,1593
2025-11-11 18:51:06.857978,99.121,99.121,4.26213e-07,1461
2025-11-11 18:51:06.865971,99.121,99.121,4.26213e-07,1416
2025-11-11 18:51:06.873526,99.121,99.121,7.15232e-07,1478
2025-11-11 18:51:06.881510,99.121,99.121,7.15232e-07,1454
2025-11-11 18:51:06.889046,99.121,99.121,4.26213e-07,1543
2025-11-11 18:51:06.897164,99.121,99.121,4.26213e-07,1490
2025-11-11 18:51:06.905004,99.121,99.121,1.91462e-06,1915
2025-11-11 18:51:06.912755,99.121,99.121,2.51695e-06,1822
2025-11-11 18:51:06.920008,99.121,99.121,1.91462e-06,1861
2025-11-11 18:51:06.927996,99.121,99.121,1.91462e-06,1688
2025-11-11 18:51:06.936062,99.121,99.121,4.26213e-07,1536
2025-11-11 18:51:06.943356,99.121,99.121,4.26213e-07,1321
2025-11-11 18:51:06.950906,99.121,99.121,7.15232e-07,1864
2025-11-11 18:51:06.958854,99.121,99.121,7.15232e-07,1747
2025-11-11 18:51:06.966886,99.121,99.121,7.15232e-07,1663
2025-11-11 18:51:06.974318,99.121,99.121,7.15232e-07,1651
2025-11-11 18:51:06.981837,99.121,99.121,3.51247e-06,1673
2025-11-11 18:51:06.989340,99.121,99.121,6.02564e-07,1348
2025-11-11 18:51:06.997558,99.121,99.121,1.42909e-05,1488
2025-11-11 18:51:07.005028,99.121,99.121,6.02564e-07,1272
2025-11-11 18:51:07.012945,99.121,99.121,1.42909e-05,1566
2025-11-11 18:51:07.020508,99.121,99.121,1.42909e-05,1562
2025-11-11 18:51:07.028308,99.121,99.121,2.27239e-06,1504
2025-11-11 18:51:07.036592,99.121,99.121,2.27239e-06,1414
2025-11-11 18:51:07.044127,99.121,99.121,4.84544e-06,1025
2025-11-11 18:51:07.051263,99.121,99.121,9.1014e-06,1996
2025-11-11 18:51:07.058518,99.121,99.121,9.1014e-06,1917
2025-11-11 18:51:07.065778,99.121,99.121,2.04088e-07,2362
2025-11-11 18:51:07.073622,99.121,99.121,2.04088e-07,2324
2025-11-11 18:51:07.081971,99.121,99.121,2.04088e-07,1999
2025-11-11 18:51:07.089917,99.121,99.121,9.1014e-06,1968
2025-11-11 18:51:07.097380,99.121,99.121,2.04088e-07,2236
2025-11-11 18:51:07.106637,99.121,99.121,1.99644e-06,2375
2025-11-11 18:51:07.114568,99.121,99.121,8.04474e-07,2373
2025-11-11 18:51:07.122488,99.121,99.121,8.04474e-07,2152
2025-11-11 18:51:07.130154,99.121,99.121,1.99644e-06,2831
2025-11-11 18:51:07.137679,99.121,99.121,1.99644e-06,2633
2025-11-11 18:51:07.145909,99.121,99.121,8.04474e-07,2145
2025-11-11 18:51:07.153492,99.121,99.121,8.04474e-07,1999
2025-11-11 18:51:07.161410,99.121,99.121,1.55429e-06,1631
2025-11-11 18:51:07.169005,99.121,99.121,2.29429e-06,1104
2025-11-11 18:51:07.176838,99.121,99.121,1.8003e-06,902
2025-11-11 18:51:07.184787,99.121,99.121,4.49696e-06,955
2025-11-11 18:51:07.192868,99.121,99.121,2.12022e-06,1058
2025-11-11 18:51:07.200465,99.121,99.121,4.49696e-06,1087
2025-11-11 18:51:07.208265,99.121,99.121,4.49696e-06,1023
2025-11-11 18:51:07.216531,99.121,99.121,4.49696e-06,953
2025-11-11 18:51:07.224151,99.121,99.121,1.8003e-06,1327
2025-11-11 18:51:07.232250,99.121,99.121,1.8003e-06,1237
2025-11-11 18:51:07.239858,99.121,99.121,4.49696e-06,1191
2025-11-11 18:51:07.247988,99.121,99.121,4.49696e-06,917
2025-11-11 18:51:07.255743,99.121,99.121,2.12022e-06,979
2025-11-11 18:51:07.263416,99.121,99.121,6.13848e-07,1148
2025-11-11 18:51:07.270754,99.121,99.121,2.23826e-06,1202
2025-11-11 18:51:07.278671,99.121,99.121,6.13848e-07,1871
2025-11-11 18:51:07.286396,99.121,99.121,2.12022e-06,1644
2025-11-11 18:51:07.294079,99.121,99.121,6.13848e-07,1701
2025-11-11 18:51:07.301518,99.121,99.121,6.13848e-07,1618
2025-11-11 18:51:07.309339,99.121,99.121,6.13848e-07,1112
2025-11-11 18:51:07.317322,99.121,99.121,2.12022e-06,1115
2025-11-11 18:51:07.324939,99.121,99.121,2.12022e-06,967
2025-11-11 18:51:07.332787,99.121,99.121,6.13848e-07,991
2025-11-11 18:51:07.341033,99.121,99.121,2.12022e-06,1212
2025-11-11 18:51:07.349025,99.121,99.121,4.49696e-06,1356
2025-11-11 18:51:07.356785,99.121,99.121,1.8003e-06,1498
2025-11-11 18:51:07.364343,99.121,99.121,4.49696e-06,1587
2025-11-11 18:51:07.371892,99.121,99.121,4.49696e-06,1515
2025-11-11 18:51:07.380555,99.121,99.121,4.49696e-06,1475
2025-11-11 18:51:07.388335,99.121,99.121,1.8003e-06,1527
2025-11-11 18:51:07.396175,99.121,99.121,1.8003e-06,1503
2025-11-11 18:51:07.403536,99.121,99.121,1.8003e-06,1448
2025-11-11 18:51:07.410905,99.121,99.121,2.29429e-06,1813
2025-11-11 18:51:07.418131,99.121,99.121,1.55429e-06,2318
2025-11-11 18:51:07.426340,99.121,99.121,8.04474e-07,2181
2025-11-11 18:51:07.434334,99.121,99.121,1.99644e-06,2260
2025-11-11 18:51:07.441936,99.121,99.121,2.04088e-07,1924
2025-11-11 18:51:07.449878,99.121,99.121,2.04088e-07,1858
2025-11-11 18:51:07.457568,99.121,99.121,1.99644e-06,2000
2025-11-11 18:51:07.465848,99.121,99.121,2.04088e-07,2119
2025-11-11 18:51:07.473955,99.121,99.121,2.04088e-07,1893
2025-11-11 18:51:07.481831,99.121,99.121,1.99644e-06,1989
2025-11-11 18:51:07.489354,99.121,99.121,8.04474e-07,1957
2025-11-11 18:51:07.497451,99.121,99.121,1.99644e-06,1991
2025-11-11 18:51:07.504975,99.121,99.121,2.04088e-07,2352
2025-11-11 18:51:07.512606,99.121,99.121,2.04088e-07,2178
2025-11-11 18:51:07.520241,99.121,99.121,2.04088e-07,2013
2025-11-11 18:51:07.528325,99.121,99.121,1.99644e-06,2090
2025-11-11 18:51:07.536317,99.121,99.121,2.04088e-07,1719
2025-11-11 18:51:07.544061,99.121,99.121,1.99644e-06,2160
2025-11-11 18:51:07.551577,99.121,99.121,8.04474e-07,2251
2025-11-11 18:51:07.559650,99.121,99.121,1.55429e-06,2448
2025-11-11 18:51:07.567572,99.121,99.121,8.04474e-07,2487
2025-11-11 18:51:07.575206,99.121,99.121,1.55429e-06,2560
2025-11-11 18:51:07.582773,99.121,99.121,8.04474e-07,2325
2025-11-11 18:51:07.590515,99.121,99.121,1.55429e-06,2405
2025-11-11 18:51:07.598643,99.121,99.121,8.04474e-07,2325
2025-11-11 18:51:07.606591,99.121,99.121,8.04474e-07,2192
2025-11-11 18:51:07.614281,99.121,99.121,1.99644e-06,2169
2025-11-11 18:51:07.621872,99.121,99.121,8.04474e-07,2277
2025-11-11 18:51:07.630040,99.121,99.121,1.55429e-06,2663
2025-11-11 18:51:07.637638,99.121,99.121,8.04474e-07,2645
2025-11-11 18:51:07.645308,99.121,99.121,8.04474e-07,2624
2025-11-11 18:51:07.652710,99.121,99.121,1.55429e-06,2492
2025-11-11 18:51:07.660728,99.121,99.121,2.29429e-06,1938
2025-11-11 18:51:07.669036,99.121,99.121,2.29429e-06,1828
2025-11-11 18:51:07.676659,99.121,99.121,1.8003e-06,1817
2025-11-11 18:51:07.684285,99.121,99.121,1.8003e-06,1749
2025-11-11 18:51:07.692149,99.121,99.121,4.49696e-06,1857
2025-11-11 18:51:07.699893,99.121,99.121,4.49696e-06,1565
2025-11-11 18:51:07.707504,99.121,99.121,2.12022e-06,1527
2025-11-11 18:51:07.715110,99.121,99.121,4.49696e-06,1805
2025-11-11 18:51:07.722731,99.121,99.121,4.49696e-06,1607
2025-11-11 18:51:07.730841,99.121,99.121,4.49696e-06,1427
2025-11-11 18:51:07.738612,99.121,99.121,1.8003e-06,1564
2025-11-11 18:51:07.746499,99.121,99.121,2.29429e-06,1782
2025-11-11 18:51:07.754094,99.121,99.121,2.29429e-06,1751
2025-11-11 18:51:07.761869,99.121,99.121,2.29429e-06,1745
2025-11-11 18:51:07.769408,99.121,99.121,2.29429e-06,1701
2025-11-11 18:51:07.777531,99.121,99.121,1.55429e-06,2137
2025-11-11 18:51:07.785664,99.121,99.121,8.04474e-07,2109
2025-11-11 18:51:07.793299,99.121,99.121,8.04474e-07,2034
2025-11-11 18:51:07.800744,99.121,99.121,1.99644e-06,2701
2025-11-11 18:51:07.808680,99.121,99.121,1.99644e-06,2317
2025-11-11 18:51:07.816513,99.121,99.121,1.99644e-06,2297
2025-11-11 18:51:07.824751,99.121,99.121,2.04088e-07,2391
2025-11-11 18:51:07.832626,99.121,99.121,9.1014e-06,2370
2025-11-11 18:51:07.841118,99.121,99.121,9.1014e-06,2122
2025-11-11 18:51:07.849167,99.121,99.121,9.1014e-06,2110
2025-11-11 18:51:07.857842,99.121,99.121,4.84544e-06,1730
2025-11-11 18:51:07.865861,99.121,99.121,9.1014e-06,1969
2025-11-11 18:51:07.873785,99.121,99.121,9.1014e-06,1876
2025-11-11 18:51:07.881960,99.121,99.121,2.04088e-07,2084
2025-11-11 18:51:07.889630,99.121,99.121,9.1014e-06,1864
2025-11-11 18:51:07.897312,99.121,99.121,2.04088e-07,2209
2025-11-11 18:51:07.904586,99.121,99.121,2.04088e-07,2135
2025-11-11 18:51:07.913018,99.121,99.121,2.04088e-07,2094
2025-11-11 18:51:07.921002,99.121,99.121,1.99644e-06,2220
2025-11-11 18:51:07.929090,99.121,99.121,2.04088e-07,2133
2025-11-11 18:51:07.936464,99.121,99.121,1.99644e-06,2211
2025-11-11 18:51:07.944643,99.121,99.121,1.99644e-06,2162
2025-11-11 18:51:07.952530,99.121,99.121,1.99644e-06,1628
2025-11-11 18:51:07.960254,99.121,99.121,2.04088e-07,1509
2025-11-11 18:51:07.968258,99.121,99.121,1.99644e-06,1671
2025-11-11 18:51:07.976049,99.121,99.121,1.99644e-06,1597
2025-11-11 18:51:07.983892,99.121,99.121,8.04474e-07,1509
2025-11-11 18:51:07.991478,99.121,99.121,1.99644e-06,2025
2025-11-11 18:51:07.998929,99.121,99.121,1.99644e-06,1971
2025-11-11 18:51:08.006843,99.121,99.121,8.04474e-07,1560
2025-11-11 18:51:08.014771,99.121,99.121,8.04474e-07,1502
2025-11-11 18:51:08.022210,99.121,99.121,8.04474e-07,1447
2025-11-11 18:51:08.030037,99.121,99.121,1.55429e-06,1684
2025-11-11 18:51:08.037309,99.121,99.121,1.55429e-06,1657
2025-11-11 18:51:08.045769,99.121,99.121,8.04474e-07,1423
2025-11-11 18:51:08.053514,99.121,99.121,1.55429e-06,1547
2025-11-11 18:51:08.069940,99.121,99.121,2.29429e-06,1717
2025-11-11 18:51:08.078613,99.121,99.121,2.29429e-06,1631
2025-11-11 18:51:08.087074,99.121,99.121,2.29429e-06,1615
2025-11-11 18:51:08.095500,99.121,99.121,2.29429e-06,1522
2025-11-11 18:51:08.103690,99.121,99.121,1.8003e-06,1343
2025-11-11 18:51:08.112010,99.121,99.121,1.8003e-06,1093
2025-11-11 18:51:08.120081,99.121,99.121,2.29429e-06,1616
2025-11-11 18:51:08.128905,99.121,99.121,2.29429e-06,1602
2025-11-11 18:51:08.137524,99.121,99.121,2.29429e-06,1601
2025-11-11 18:51:08.145553,99.121,99.121,1.8003e-06,1194
2025-11-11 18:51:08.153300,99.121,99.121,2.29429e-06,1868
2025-11-11 18:51:08.161650,99.121,99.121,2.29429e-06,1555
2025-11-11 18:51:08.170151,99.121,99.121,1.55429e-06,1801
2025-11-11 18:51:08.178376,99.121,99.121,8.04474e-07,1814
2025-11-11 18:51:08.186287,99.121,99.121,1.55429e-06,1940
2025-11-11 18:51:08.194462,99.121,99.121,1.55429e-06,1701
2025-11-11 18:51:08.202759,99.121,99.121,2.29429e-06,1803
2025-11-11 18:51:08.210921,99.121,99.121,2.29429e-06,1740
2025-11-11 18:51:08.218553,99.121,99.121,1.8003e-06,1310
2025-11-11 18:51:08.226814,99.121,99.121,4.49696e-06,1899
2025-11-11 18:51:08.235409,99.121,99.121,2.12022e-06,1761
2025-11-11 18:51:08.243240,99.121,99.121,4.49696e-06,2070
2025-11-11 18:51:08.251020,99.121,99.121,4.49696e-06,1965
2025-11-11 18:51:08.259059,99.121,99.121,4.49696e-06,1677
2025-11-11 18:51:08.267139,99.121,99.121,4.49696e-06,1488
2025-11-11 18:51:08.275116,99.121,99.121,4.49696e-06,1472
2025-11-11 18:51:08.283073,99.121,99.121,2.12022e-06,1167
2025-11-11 18:51:08.291389,99.121,99.121,4.49696e-06,1334
2025-11-11 18:51:08.299775,99.121,99.121,1.8003e-06,1578
2025-11-11 18:51:08.307636,99.121,99.121,4.49696e-06,1420
2025-11-11 18:51:08.315549,99.121,99.121,4.49696e-06,1304
2025-11-11 18:51:08.323635,99.121,99.121,4.49696e-06,1261
2025-11-11 18:51:08.332265,99.121,99.121,2.12022e-06,1539
2025-11-11 18:51:08.340245,99.121,99.121,4.49696e-06,1219
2025-11-11 18:51:08.348204,99.121,99.121,2.12022e-06,1404
2025-11-11 18:51:08.356702,99.121,99.121,2.12022e-06,1275
2025-11-11 18:51:08.365328,99.121,99.121,6.13848e-07,1086
2025-11-11 18:51:08.373302,99.121,99.121,2.23826e-06,954
2025-11-11 18:51:08.381729,99.121,99.121,6.13848e-07,1278
2025-11-11 18:51:08.389360,99.121,99.121,2.23826e-06,1250
2025-11-11 18:51:08.397970,99.121,99.121,6.13848e-07,1082
2025-11-11 18:51:08.405915,99.121,99.121,2.12022e-06,1091
2025-11-11 18:51:08.413891,99.121,99.121,2.12022e-06,929
2025-11-11 18:51:08.421601,99.121,99.121,2.12022e-06,807
2025-11-11 18:51:08.430136,99.121,99.121,6.13848e-07,677
2025-11-11 18:51:08.437999,99.121,99.121,2.23826e-06,1005
2025-11-11 18:51:08.446286,99.121,99.1211,1.70211e-05,1358
2025-11-11 18:51:08.454026,99.121,99.1211,1.70211e-05,1284
2025-11-11 18:51:08.461637,99.121,99.1211,1.70211e-05,1057
2025-11-11 18:51:08.469250,99.121,99.1211,1.70211e-05,1012
2025-11-11 18:51:08.478336,99.121,99.121,2.23826e-06,1266
2025-11-11 18:51:08.486863,99.121,99.121,2.23826e-06,1006
2025-11-11 18:51:08.494910,99.121,99.121,2.23826e-06,865
2025-11-11 18:51:08.504491,99.121,99.121,2.23826e-06,658
2025-11-11 18:51:08.513135,99.121,99.121,6.13848e-07,684
2025-11-11 18:51:08.521101,99.121,99.121,2.12022e-06,1200
2025-11-11 18:51:08.529322,99.121,99.121,6.13848e-07,684
2025-11-11 18:51:08.537013,99.121,99.121,2.12022e-06,1037
2025-11-11 18:51:08.545601,99.121,99.121,2.12022e-06,864
2025-11-11 18:51:08.553825,99.121,99.121,4.49696e-06,1265
2025-11-11 18:51:08.561801,99.121,99.121,1.8003e-06,1727
2025-11-11 18:51:08.569586,99.121,99.121,2.29429e-06,2023
2025-11-11 18:51:08.577988,99.121,99.121,1.8003e-06,1955
2025-11-11 18:51:08.586471,99.121,99.121,1.8003e-06,1618
2025-11-11 18:51:08.594761,99.121,99.121,1.8003e-06,1378
2025-11-11 18:51:08.602739,99.121,99.121,2.29429e-06,1937
2025-11-11 18:51:08.610953,99.121,99.121,2.29429e-06,1937
2025-11-11 18:51:08.619551,99.121,99.121,2.29429e-06,1830
2025-11-11 18:51:08.627562,99.121,99.121,2.29429e-06,1711
2025-11-11 18:51:08.635140,99.121,99.121,2.29429e-06,1581
2025-11-11 18:51:08.643337,99.121,99.121,1.8003e-06,1517
2025-11-11 18:51:08.651760,99.121,99.121,2.29429e-06,1561
2025-11-11 18:51:08.659663,99.121,99.121,1.8003e-06,1543
2025-11-11 18:51:08.667651,99.121,99.121,1.8003e-06,1483
2025-11-11 18:51:08.675751,99.121,99.121,1.8003e-06,1424
2025-11-11 18:51:08.684094,99.121,99.121,4.49696e-06,1502
2025-11-11 18:51:08.692009,99.121,99.121,2.12022e-06,1097
2025-11-11 18:51:08.699744,99.121,99.121,4.49696e-06,1310
2025-11-11 18:51:08.708058,99.121,99.121,4.49696e-06,1237
2025-11-11 18:51:08.716274,99.121,99.121,4.49696e-06,1207
2025-11-11 18:51:08.724164,99.121,99.121,1.8003e-06,1453
2025-11-11 18:51:08.732216,99.121,99.121,4.49696e-06,1392
2025-11-11 18:51:08.740465,99.121,99.121,1.8003e-06,1474
2025-11-11 18:51:08.749375,99.121,99.121,4.49696e-06,1397
2025-11-11 18:51:08.757445,99.121,99.121,2.12022e-06,1217
2025-11-11 18:51:08.765666,99.121,99.121,4.49696e-06,1775
2025-11-11 18:51:08.774158,99.121,99.121,4.49696e-06,1736
2025-11-11 18:51:08.782585,99.121,99.121,4.49696e-06,1655
2025-11-11 18:51:08.790461,99.121,99.121,2.12022e-06,1300
2025-11-11 18:51:08.798298,99.121,99.121,6.13848e-07,1118
2025-11-11 18:51:08.806005,99.121,99.121,2.23826e-06,1586
2025-11-11 18:51:08.813812,99.121,99.1211,1.70211e-05,1362
2025-11-11 18:51:08.821425,99.121,99.121,2.23826e-06,1500
2025-11-11 18:51:08.830304,99.121,99.1211,1.70211e-05,1518
2025-11-11 18:51:08.838044,99.1211,99.1211,4.11868e-06,1322
2025-11-11 18:51:08.846467,99.1211,99.1211,9.00289e-06,1365
2025-11-11 18:51:08.854332,99.1211,99.1211,4.11868e-06,1312
2025-11-11 18:51:08.863410,99.1211,99.1211,9.00289e-06,1719
2025-11-11 18:51:08.871654,99.1211,99.1211,6.81095e-06,1648
2025-11-11 18:51:08.879775,99.1211,99.1211,7.81552e-07,1147
2025-11-11 18:51:08.887830,99.1211,99.1211,7.81552e-07,991
2025-11-11 18:51:08.896770,99.1211,99.1211,2.22812e-06,1076
2025-11-11 18:51:08.904542,99.1211,99.1211,7.81552e-07,1100
2025-11-11 18:51:08.912319,99.1211,99.1211,7.81552e-07,1028
2025-11-11 18:51:08.920189,99.1211,99.1211,2.22812e-06,1011
2025-11-11 18:51:08.929931,99.1211,99.1211,2.22812e-06,923
2025-11-11 18:51:08.937926,99.1211,99.1211,7.81552e-07,1118
2025-11-11 18:51:08.945911,99.1211,99.1211,2.22812e-06,901
2025-11-11 18:51:08.953548,99.1211,99.1211,2.22812e-06,776
2025-11-11 18:51:08.962350,99.1211,99.1211,7.81552e-07,1013
2025-11-11 18:51:08.970275,99.1211,99.1211,2.22812e-06,891
2025-11-11 18:51:08.978692,99.1211,99.1211,7.81552e-07,1577
2025-11-11 18:51:08.986514,99.1211,99.1211,6.81095e-06,2459
2025-11-11 18:51:08.995191,99.1211,99.1211,9.00289e-06,2808
2025-11-11 18:51:09.003367,99.1211,99.1211,9.00289e-06,2544
2025-11-11 18:51:09.011287,99.1211,99.1211,9.00289e-06,2383
2025-11-11 18:51:09.019320,99.1211,99.1211,9.00289e-06,2255
2025-11-11 18:51:09.028137,99.1211,99.1211,6.81095e-06,2480
2025-11-11 18:51:09.036502,99.1211,99.1211,6.81095e-06,2215
2025-11-11 18:51:09.044680,99.1211,99.1211,6.81095e-06,2112
2025-11-11 18:51:09.052447,99.1211,99.1211,6.81095e-06,2098
2025-11-11 18:51:09.060733,99.1211,99.1211,9.00289e-06,2310
2025-11-11 18:51:09.069218,99.1211,99.1211,9.00289e-06,2082
2025-11-11 18:51:09.077601,99.1211,99.1211,4.11868e-06,2488
2025-11-11 18:51:09.085632,99.1211,99.1211,9.00289e-06,2033
2025-11-11 18:51:09.093977,99.1211,99.1211,9.00289e-06,1868
2025-11-11 18:51:09.102460,99.1211,99.1211,4.11868e-06,2209
2025-11-11 18:51:09.111490,99.121,99.1211,1.70211e-05,3090
2025-11-11 18:51:09.119753,99.121,99.1211,1.70211e-05,3046
2025-11-11 18:51:09.128378,99.121,99.1211,1.70211e-05,2549
2025-11-11 18:51:09.136552,99.121,99.1211,1.70211e-05,2449
2025-11-11 18:51:09.144677,99.121,99.121,2.23826e-06,2105
2025-11-11 18:51:09.152369,99.121,99.1211,1.70211e-05,2567
2025-11-11 18:51:09.160181,99.121,99.1211,1.70211e-05,2369
2025-11-11 18:51:09.168010,99.1211,99.1211,4.11868e-06,2284
2025-11-11 18:51:09.176176,99.1211,99.1211,4.11868e-06,2068
2025-11-11 18:51:09.184666,99.1211,99.1211,9.00289e-06,2132
2025-11-11 18:51:09.192997,99.1211,99.1211,6.81095e-06,2144
2025-11-11 18:51:09.200874,99.1211,99.1211,9.00289e-06,2002
2025-11-11 18:51:09.209222,99.1211,99.1211,4.11868e-06,2238
2025-11-11 18:51:09.217271,99.1211,99.1211,9.00289e-06,1807
2025-11-11 18:51:09.225311,99.1211,99.1211,9.00289e-06,1764
2025-11-11 18:51:09.233477,99.1211,99.1211,4.11868e-06,2167
2025-11-11 18:51:09.241965,99.1211,99.1211,9.00289e-06,1916
2025-11-11 18:51:09.250005,99.1211,99.1211,4.11868e-06,2201
2025-11-11 18:51:09.258037,99.121,99.1211,1.70211e-05,2278
2025-11-11 18:51:09.265963,99.121,99.121,2.23826e-06,2317
2025-11-11 18:51:09.274135,99.121,99.121,2.23826e-06,2208
2025-11-11 18:51:09.282497,99.121,99.1211,1.70211e-05,2098
2025-11-11 18:51:09.290725,99.1211,99.1211,4.11868e-06,1890
2025-11-11 18:51:09.298969,99.1211,99.1211,4.11868e-06,1768
2025-11-11 18:51:09.307506,99.1211,99.1211,4.11868e-06,1703
2025-11-11 18:51:09.315875,99.121,99.1211,1.70211e-05,2151
2025-11-11 18:51:09.324050,99.121,99.1211,1.70211e-05,2143
2025-11-11 18:51:09.332193,99.121,99.1211,1.70211e-05,2139
2025-11-11 18:51:09.340124,99.121,99.1211,1.70211e-05,2114
2025-11-11 18:51:09.348953,99.1211,99.1211,4.11868e-06,1764
2025-11-11 18:51:09.357001,99.121,99.1211,1.70211e-05,2121
2025-11-11 18:51:09.364902,99.121,99.121,2.23826e-06,1977
2025-11-11 18:51:09.373216,99.121,99.121,6.13848e-07,1447
2025-11-11 18:51:09.382221,99.121,99.121,2.12022e-06,1759
2025-11-11 18:51:09.390087,99.121,99.121,4.49696e-06,1676
2025-11-11 18:51:09.398073,99.121,99.121,4.49696e-06,1605
2025-11-11 18:51:09.405837,99.121,99.121,4.49696e-06,1584
2025-11-11 18:51:09.414711,99.121,99.121,4.49696e-06,1453
2025-11-11 18:51:09.422671,99.121,99.121,4.49696e-06,1401
2025-11-11 18:51:09.430608,99.121,99.121,4.49696e-06,1362
2025-11-11 18:51:09.438176,99.121,99.121,1.8003e-06,1485
2025-11-11 18:51:09.447255,99.121,99.121,1.8003e-06,1200
2025-11-11 18:51:09.455258,99.121,99.121,2.29429e-06,1652
2025-11-11 18:51:09.463318,99.121,99.121,1.55429e-06,1858
2025-11-11 18:51:09.471292,99.121,99.121,8.04474e-07,1668
2025-11-11 18:51:09.480306,99.121,99.121,1.55429e-06,1636
2025-11-11 18:51:09.488452,99.121,99.121,2.29429e-06,1642
2025-11-11 18:51:09.496926,99.121,99.121,2.29429e-06,1545
2025-11-11 18:51:09.504775,99.121,99.121,1.8003e-06,1227
2025-11-11 18:51:09.513902,99.121,99.121,1.8003e-06,1220
2025-11-11 18:51:09.521886,99.121,99.121,1.8003e-06,935
2025-11-11 18:51:09.530026,99.121,99.121,4.49696e-06,1140
2025-11-11 18:51:09.537800,99.121,99.121,4.49696e-06,1099
2025-11-11 18:51:09.545534,99.121,99.121,1.8003e-06,1069
2025-11-11 18:51:09.553334,99.121,99.121,2.29429e-06,1304
2025-11-11 18:51:09.562138,99.121,99.121,1.55429e-06,1279
2025-11-11 18:51:09.570173,99.121,99.121,2.29429e-06,1181
2025-11-11 18:51:09.578339,99.121,99.121,1.8003e-06,969
2025-11-11 18:51:09.586090,99.121,99.121,6.29726e-06,1051
2025-11-11 18:51:09.594477,99.121,99.121,2.12022e-06,1583
2025-11-11 18:51:09.603071,99.121,99.121,2.12022e-06,1487
2025-11-11 18:51:09.611077,99.121,99.121,2.12022e-06,1470
2025-11-11 18:51:09.619176,99.121,99.121,6.13848e-07,1859
2025-11-11 18:51:09.627580,99.121,99.121,2.23826e-06,2028
2025-11-11 18:51:09.635775,99.121,99.121,6.13848e-07,2103
2025-11-11 18:51:09.643761,99.121,99.121,6.13848e-07,1688
2025-11-11 18:51:09.651612,99.121,99.121,6.13848e-07,1666
2025-11-11 18:51:09.659952,99.121,99.121,6.13848e-07,1643
2025-11-11 18:51:09.668571,99.121,99.121,6.13848e-07,1569
2025-11-11 18:51:09.676691,99.121,99.121,2.12022e-06,1703
2025-11-11 18:51:09.684582,99.121,99.121,6.13848e-07,1980
2025-11-11 18:51:09.693077,99.121,99.121,6.13848e-07,1922
2025-11-11 18:51:09.701416,99.121,99.121,2.23826e-06,2079
2025-11-11 18:51:09.709874,99.121,99.1211,1.70211e-05,2546
2025-11-11 18:51:09.717859,99.1211,99.1211,4.11868e-06,2345
2025-11-11 18:51:09.726779,99.1211,99.1211,4.11868e-06,2161
2025-11-11 18:51:09.735210,99.121,99.1211,1.70211e-05,2254
2025-11-11 18:51:09.743561,99.121,99.1211,1.70211e-05,2155
2025-11-11 18:51:09.751499,99.121,99.121,2.23826e-06,1650
2025-11-11 18:51:09.760521,99.121,99.121,2.23826e-06,1600
2025-11-11 18:51:09.769084,99.121,99.1211,1.70211e-05,2042
2025-11-11 18:51:09.777247,99.121,99.1211,1.70211e-05,2040
2025-11-11 18:51:09.785031,99.1211,99.1211,4.11868e-06,2235
2025-11-11 18:51:09.793595,99.1211,99.1211,4.11868e-06,2177
2025-11-11 18:51:09.802002,99.121,99.1211,1.70211e-05,2068
2025-11-11 18:51:09.810149,99.1211,99.1211,4.11868e-06,2182
2025-11-11 18:51:09.818001,99.1211,99.1211,4.11868e-06,1986
2025-11-11 18:51:09.826131,99.121,99.1211,1.70211e-05,2374
2025-11-11 18:51:09.834625,99.121,99.1211,1.70211e-05,2240
2025-11-11 18:51:09.842956,99.1211,99.1211,4.11868e-06,2188
2025-11-11 18:51:09.851151,99.121,99.1211,1.70211e-05,2411
2025-11-11 18:51:09.859630,99.121,99.1211,1.70211e-05,2083
2025-11-11 18:51:09.868174,99.121,99.121,2.23826e-06,1684
2025-11-11 18:51:09.875937,99.121,99.121,6.13848e-07,1350
2025-11-11 18:51:09.884092,99.121,99.121,6.13848e-07,1296
2025-11-11 18:51:09.891975,99.121,99.121,2.23826e-06,1748
2025-11-11 18:51:09.899728,99.121,99.121,2.23826e-06,1688
2025-11-11 18:51:09.908106,99.121,99.121,2.23826e-06,1683
2025-11-11 18:51:09.916653,99.121,99.1211,1.70211e-05,2440
2025-11-11 18:51:09.924582,99.1211,99.1211,4.11868e-06,2793
2025-11-11 18:51:09.933624,99.1211,99.1211,9.00289e-06,2570
2025-11-11 18:51:09.941938,99.1211,99.1211,9.00289e-06,2448
2025-11-11 18:51:09.950071,99.1211,99.1211,4.11868e-06,2808
2025-11-11 18:51:09.957988,99.1211,99.1211,9.00289e-06,2807
2025-11-11 18:51:09.966189,99.1211,99.1211,9.00289e-06,2443
2025-11-11 18:51:09.974736,99.1211,99.1211,6.81095e-06,2266
2025-11-11 18:51:09.983390,99.1211,99.1211,6.81095e-06,2203
2025-11-11 18:51:09.991131,99.1211,99.1211,6.81095e-06,2056
2025-11-11 18:51:09.999493,99.1211,99.1211,7.81552e-07,2283
2025-11-11 18:51:10.007740,99.1211,99.1211,7.81552e-07,2061
2025-11-11 18:51:10.016367,99.1211,99.1211,7.81552e-07,1970
2025-11-11 18:51:10.024565,99.1211,99.1211,7.81552e-07,1955
2025-11-11 18:51:10.032337,99.1211,99.1211,7.81552e-07,1666
2025-11-11 18:51:10.040754,99.1211,99.1211,7.81552e-07,1623
2025-11-11 18:51:10.048887,99.1211,99.1211,6.81095e-06,1775
2025-11-11 18:51:10.056589,99.1211,99.1211,6.81095e-06,1639
2025-11-11 18:51:10.064607,99.1211,99.1211,7.81552e-07,1839
2025-11-11 18:51:10.072403,99.1211,99.1211,7.81552e-07,1802
2025-11-11 18:51:10.081391,99.1211,99.1211,7.81552e-07,1730
2025-11-11 18:51:10.089714,99.1211,99.1211,7.81552e-07,1447
2025-11-11 18:51:10.097485,99.1211,99.1211,6.81095e-06,1549
2025-11-11 18:51:10.105692,99.1211,99.1211,7.81552e-07,1687
2025-11-11 18:51:10.115398,99.1211,99.1211,7.81552e-07,1608
2025-11-11 18:51:10.123509,99.1211,99.1211,7.81552e-07,1584
2025-11-11 18:51:10.131396,99.1211,99.1211,7.81552e-07,1381
2025-11-11 18:51:10.139396,99.1211,99.1211,6.81095e-06,1475
2025-11-11 18:51:10.148302,99.1211,99.1211,7.81552e-07,1333
2025-11-11 18:51:10.156408,99.1211,99.1211,2.22812e-06,855
2025-11-11 18:51:10.164645,99.1211,99.1211,2.89522e-05,809
2025-11-11 18:51:10.173413,99.1211,99.1211,2.22812e-06,983
2025-11-11 18:51:10.182454,99.1211,99.1211,7.81552e-07,1407
2025-11-11 18:51:10.190486,99.1211,99.1211,7.81552e-07,1360
2025-11-11 18:51:10.198537,99.1211,99.1211,2.22812e-06,1145
2025-11-11 18:51:10.206827,99.1211,99.1211,7.81552e-07,1453
2025-11-11 18:51:10.215507,99.1211,99.1211,6.81095e-06,1645
2025-11-11 18:51:10.223527,99.1211,99.1211,9.00289e-06,2067
2025-11-11 18:51:10.231449,99.1211,99.1211,9.00289e-06,2066
2025-11-11 18:51:10.239680,99.1211,99.1211,4.11868e-06,2383
2025-11-11 18:51:10.247937,99.1211,99.1211,4.11868e-06,2381
2025-11-11 18:51:10.256199,99.1211,99.1211,4.11868e-06,2066
2025-11-11 18:51:10.264714,99.121,99.1211,1.70211e-05,1959
2025-11-11 18:51:10.272814,99.121,99.1211,1.70211e-05,1825
2025-11-11 18:51:10.280953,99.121,99.1211,1.70211e-05,1599
2025-11-11 18:51:10.289124,99.1211,99.1211,4.11868e-06,1690
2025-11-11 18:51:10.298124,99.1211,99.1211,9.00289e-06,1436
2025-11-11 18:51:10.306293,99.1211,99.1211,6.81095e-06,1025
2025-11-11 18:51:10.314387,99.1211,99.1211,9.00289e-06,1542
2025-11-11 18:51:10.322934,99.1211,99.1211,6.81095e-06,1311
2025-11-11 18:51:10.331904,99.1211,99.1211,6.81095e-06,1170
2025-11-11 18:51:10.340432,99.1211,99.1211,6.81095e-06,1035
2025-11-11 18:51:10.348524,99.1211,99.1211,7.81552e-07,1057
2025-11-11 18:51:10.357082,99.1211,99.1211,7.81552e-07,781
2025-11-11 18:51:10.365871,99.1211,99.1211,6.81095e-06,976
2025-11-11 18:51:10.373850,99.1211,99.1211,9.00289e-06,1491
2025-11-11 18:51:10.381791,99.1211,99.1211,4.11868e-06,1810
2025-11-11 18:51:10.390101,99.1211,99.1211,9.00289e-06,1575
2025-11-11 18:51:10.398981,99.1211,99.1211,9.00289e-06,1424
2025-11-11 18:51:10.406846,99.1211,99.1211,4.11868e-06,1872
2025-11-11 18:51:10.414920,99.121,99.1211,1.70211e-05,2186
2025-11-11 18:51:10.423154,99.121,99.1211,1.70211e-05,2111
2025-11-11 18:51:10.431692,99.1211,99.1211,4.11868e-06,2003
2025-11-11 18:51:10.439869,99.1211,99.1211,4.11868e-06,1902
2025-11-11 18:51:10.447861,99.1211,99.1211,9.00289e-06,1825
2025-11-11 18:51:10.455493,99.1211,99.1211,4.11868e-06,2037
2025-11-11 18:51:10.464706,99.121,99.1211,1.70211e-05,1810
2025-11-11 18:51:10.473104,99.121,99.121,2.23826e-06,1725
2025-11-11 18:51:10.481626,99.121,99.121,2.23826e-06,1614
2025-11-11 18:51:10.489790,99.121,99.1211,1.70211e-05,1851
2025-11-11 18:51:10.498643,99.1211,99.1211,4.11868e-06,1969
2025-11-11 18:51:10.506948,99.1211,99.1211,4.11868e-06,1835
2025-11-11 18:51:10.515003,99.1211,99.1211,9.00289e-06,1717
2025-11-11 18:51:10.523241,99.1211,99.1211,9.00289e-06,1570
2025-11-11 18:51:10.531603,99.1211,99.1211,6.81095e-06,1603
2025-11-11 18:51:10.539634,99.1211,99.1211,6.81095e-06,1347
2025-11-11 18:51:10.547672,99.1211,99.1211,6.81095e-06,1281
2025-11-11 18:51:10.555484,99.1211,99.1211,7.81552e-07,1505
2025-11-11 18:51:10.564402,99.1211,99.1211,7.81552e-07,1410
2025-11-11 18:51:10.572558,99.1211,99.1211,7.81552e-07,1175
2025-11-11 18:51:10.580632,99.1211,99.1211,7.81552e-07,1137
2025-11-11 18:51:10.588446,99.1211,99.1211,6.81095e-06,1498
2025-11-11 18:51:10.596250,99.1211,99.1211,6.81095e-06,1437
2025-11-11 18:51:10.604179,99.1211,99.1211,9.00289e-06,2072
2025-11-11 18:51:10.613019,99.1211,99.1211,4.11868e-06,2324
2025-11-11 18:51:10.621161,99.121,99.1211,1.70211e-05,2252
2025-11-11 18:51:10.629412,99.121,99.121,2.23826e-06,2265
2025-11-11 18:51:10.637294,99.121,99.121,6.13848e-07,1872
2025-11-11 18:51:10.646185,99.121,99.121,6.13848e-07,1537
2025-11-11 18:51:10.654028,99.121,99.121,2.23826e-06,1897
2025-11-11 18:51:10.662080,99.121,99.121,2.23826e-06,1831
2025-11-11 18:51:10.670151,99.121,99.121,2.23826e-06,1758
2025-11-11 18:51:10.678609,99.121,99.1211,1.70211e-05,1736
2025-11-11 18:51:10.687072,99.1211,99.1211,4.11868e-06,2201
2025-11-11 18:51:10.695245,99.1211,99.1211,4.11868e-06,2150
2025-11-11 18:51:10.703079,99.1211,99.1211,9.00289e-06,2404
2025-11-11 18:51:10.711975,99.1211,99.1211,9.00289e-06,2167
2025-11-11 18:51:10.720531,99.1211,99.1211,9.00289e-06,2016
2025-11-11 18:51:10.728679,99.1211,99.1211,9.00289e-06,1939
2025-11-11 18:51:10.737046,99.1211,99.1211,6.81095e-06,1923
2025-11-11 18:51:10.746437,99.1211,99.1211,9.00289e-06,2232
2025-11-11 18:51:10.754525,99.1211,99.1211,4.11868e-06,2406
2025-11-11 18:51:10.762889,99.1211,99.1211,4.11868e-06,2214
2025-11-11 18:51:10.770782,99.1211,99.1211,4.11868e-06,2186
2025-11-11 18:51:10.779498,99.121,99.1211,1.70211e-05,2052
2025-11-11 18:51:10.787578,99.121,99.121,2.23826e-06,2211
2025-11-11 18:51:10.795720,99.121,99.121,6.13848e-07,2040
2025-11-11 18:51:10.803553,99.121,99.121,6.13848e-07,1736
2025-11-11 18:51:10.812259,99.121,99.121,2.23826e-06,2606
2025-11-11 18:51:10.820517,99.121,99.1211,1.70211e-05,2344
2025-11-11 18:51:10.828825,99.121,99.121,2.23826e-06,2570
2025-11-11 18:51:10.836782,99.121,99.121,2.23826e-06,2156
2025-11-11 18:51:10.845342,99.121,99.121,6.13848e-07,1933
2025-11-11 18:51:10.853795,99.121,99.121,2.12022e-06,1759
2025-11-11 18:51:10.862037,99.121,99.121,2.12022e-06,1484
2025-11-11 18:51:10.870109,99.121,99.121,2.12022e-06,1422
2025-11-11 18:51:10.878240,99.121,99.121,6.13848e-07,1810
2025-11-11 18:51:10.886655,99.121,99.121,6.13848e-07,1571
2025-11-11 18:51:10.894993,99.121,99.121,6.13848e-07,1472
2025-11-11 18:51:10.902802,99.121,99.121,2.12022e-06,1474
2025-11-11 18:51:10.911374,99.121,99.121,2.12022e-06,1405
2025-11-11 18:51:10.919985,99.121,99.121,6.13848e-07,1289
2025-11-11 18:51:10.928445,99.121,99.121,2.12022e-06,1132
2025-11-11 18:51:10.936521,99.121,99.121,6.29726e-06,1365
2025-11-11 18:51:10.944543,99.121,99.121,2.29429e-06,1750
2025-11-11 18:51:10.952300,99.121,99.121,6.29726e-06,1493
2025-11-11 18:51:10.960917,99.121,99.121,2.12022e-06,1326
2025-11-11 18:51:10.969140,99.121,99.121,6.29726e-06,1361
2025-11-11 18:51:10.977619,99.121,99.121,2.29429e-06,1649
2025-11-11 18:51:10.985535,99.121,99.121,2.29429e-06,1588
2025-11-11 18:51:10.994206,99.121,99.121,1.55429e-06,1612
2025-11-11 18:51:11.002721,99.121,99.121,1.55429e-06,1555
2025-11-11 18:51:11.010913,99.121,99.121,8.04474e-07,1766
2025-11-11 18:51:11.018705,99.121,99.121,1.99644e-06,1660
2025-11-11 18:51:11.027171,99.121,99.121,8.04474e-07,2061
2025-11-11 18:51:11.035509,99.121,99.121,8.04474e-07,1985
2025-11-11 18:51:11.043915,99.121,99.121,8.04474e-07,1779
2025-11-11 18:51:11.051876,99.121,99.121,1.55429e-06,1849
2025-11-11 18:51:11.060320,99.121,99.121,1.55429e-06,1849
2025-11-11 18:51:11.069150,99.121,99.121,1.55429e-06,1827
2025-11-11 18:51:11.078770,99.121,99.121,8.04474e-07,1833
2025-11-11 18:51:11.087995,99.121,99.121,1.99644e-06,1642
2025-11-11 18:51:11.097010,99.121,99.121,2.04088e-07,2018
2025-11-11 18:51:11.105524,99.121,99.121,2.04088e-07,1728
2025-11-11 18:51:11.114703,99.121,99.121,2.04088e-07,1535
2025-11-11 18:51:11.122910,99.121,99.121,1.99644e-06,1383
2025-11-11 18:51:11.131341,99.121,99.121,2.04088e-07,1451
2025-11-11 18:51:11.139605,99.121,99.121,1.99644e-06,1445
2025-11-11 18:51:11.147789,99.121,99.121,8.04474e-07,1656
2025-11-11 18:51:11.155782,99.121,99.121,1.99644e-06,1381
2025-11-11 18:51:11.164817,99.121,99.121,8.04474e-07,1762
2025-11-11 18:51:11.173171,99.121,99.121,1.55429e-06,1711
2025-11-11 18:51:11.181514,99.121,99.121,1.55429e-06,1703
2025-11-11 18:51:11.189817,99.121,99.121,8.04474e-07,1792
2025-11-11 18:51:11.198101,99.121,99.121,1.55429e-06,1701
2025-11-11 18:51:11.206303,99.121,99.121,8.04474e-07,1741
2025-11-11 18:51:11.214262,99.121,99.121,8.04474e-07,1544
2025-11-11 18:51:11.222092,99.121,99.121,1.99644e-06,1353
2025-11-11 18:51:11.231153,99.121,99.121,2.04088e-07,1395
2025-11-11 18:51:11.239237,99.121,99.121,7.71783e-06,1067
2025-11-11 18:51:11.247564,99.121,99.121,2.04088e-07,1553
2025-11-11 18:51:11.255461,99.121,99.121,2.04088e-07,1319
2025-11-11 18:51:11.264543,99.121,99.121,7.71783e-06,1110
2025-11-11 18:51:11.272347,99.121,99.121,1.38357e-06,1068
2025-11-11 18:51:11.280844,99.121,99.121,1.38357e-06,949
2025-11-11 18:51:11.288915,99.121,99.121,7.71783e-06,1169
2025-11-11 18:51:11.297057,99.121,99.121,7.71783e-06,1123
2025-11-11 18:51:11.304962,99.121,99.121,7.71783e-06,1091
2025-11-11 18:51:11.314009,99.121,99.121,1.38357e-06,1044
2025-11-11 18:51:11.322279,99.121,99.121,7.71783e-06,1261
2025-11-11 18:51:11.330459,99.121,99.121,2.04088e-07,1865
2025-11-11 18:51:11.338597,99.121,99.121,2.04088e-07,1772
2025-11-11 18:51:11.348135,99.121,99.121,1.99644e-06,1686
2025-11-11 18:51:11.356396,99.121,99.121,2.04088e-07,2132
2025-11-11 18:51:11.364583,99.121,99.121,2.04088e-07,2009
2025-11-11 18:51:11.372569,99.121,99.121,2.04088e-07,1988
2025-11-11 18:51:11.381174,99.121,99.121,7.71783e-06,1396
2025-11-11 18:51:11.389388,99.121,99.121,2.04088e-07,1620
2025-11-11 18:51:11.397488,99.121,99.121,1.99644e-06,1274
2025-11-11 18:51:11.405359,99.121,99.121,2.04088e-07,1299
2025-11-11 18:51:11.414709,99.121,99.121,1.99644e-06,1242
2025-11-11 18:51:11.423652,99.121,99.121,2.04088e-07,1521
2025-11-11 18:51:11.431982,99.121,99.121,1.99644e-06,1936
2025-11-11 18:51:11.440466,99.121,99.121,1.99644e-06,1705
2025-11-11 18:51:11.449337,99.121,99.121,8.04474e-07,1940
2025-11-11 18:51:11.457602,99.121,99.121,8.04474e-07,1777
2025-11-11 18:51:11.465643,99.121,99.121,1.55429e-06,1713
2025-11-11 18:51:11.474145,99.121,99.121,8.04474e-07,1999
2025-11-11 18:51:11.483142,99.121,99.121,1.55429e-06,1761
2025-11-11 18:51:11.491461,99.121,99.121,1.55429e-06,1661
2025-11-11 18:51:11.499878,99.121,99.121,8.04474e-07,1841
2025-11-11 18:51:11.508251,99.121,99.121,1.99644e-06,1957
2025-11-11 18:51:11.516424,99.121,99.121,8.04474e-07,2122
2025-11-11 18:51:11.526227,99.121,99.121,8.04474e-07,1961
2025-11-11 18:51:11.534139,99.121,99.121,1.55429e-06,1830
2025-11-11 18:51:11.542008,99.121,99.121,2.29429e-06,1765
2025-11-11 18:51:11.551148,99.121,99.121,1.55429e-06,1724
2025-11-11 18:51:11.559959,99.121,99.121,2.29429e-06,1863
2025-11-11 18:51:11.569044,99.121,99.121,2.29429e-06,1824
2025-11-11 18:51:11.578379,99.121,99.121,6.29726e-06,1775
2025-11-11 18:51:11.590066,99.121,99.121,2.12022e-06,1513
2025-11-11 18:51:11.598546,99.121,99.121,2.12022e-06,1503
2025-11-11 18:51:11.617129,99.121,99.121,6.13848e-07,1794
2025-11-11 18:51:11.626054,99.121,99.121,6.13848e-07,1693
2025-11-11 18:51:11.634040,99.121,99.121,2.12022e-06,1653
2025-11-11 18:51:11.641890,99.121,99.121,6.13848e-07,1977
2025-11-11 18:51:11.649881,99.121,99.121,6.13848e-07,1707
2025-11-11 18:51:11.658521,99.121,99.121,2.23826e-06,2195
2025-11-11 18:51:11.666872,99.121,99.121,2.23826e-06,2122
2025-11-11 18:51:11.674936,99.121,99.1211,1.70211e-05,1852
2025-11-11 18:51:11.683075,99.121,99.1211,1.70211e-05,1700
2025-11-11 18:51:11.691828,99.1211,99.1211,4.11868e-06,2006
2025-11-11 18:51:11.700208,99.1211,99.1211,9.00289e-06,2196
2025-11-11 18:51:11.708535,99.1211,99.1211,9.00289e-06,1953
2025-11-11 18:51:11.716816,99.1211,99.1211,9.00289e-06,1753
2025-11-11 18:51:11.725264,99.1211,99.1211,6.81095e-06,1957
2025-11-11 18:51:11.733670,99.1211,99.1211,6.81095e-06,1749
2025-11-11 18:51:11.741804,99.1211,99.1211,7.81552e-07,1605
2025-11-11 18:51:11.749994,99.1211,99.1211,2.22812e-06,1932
2025-11-11 18:51:11.758734,99.1211,99.1211,1.68223e-05,1556
2025-11-11 18:51:11.767014,99.1211,99.1211,1.21299e-05,1174
2025-11-11 18:51:11.774971,99.1211,99.1211,1.68223e-05,1799
2025-11-11 18:51:11.783018,99.1211,99.1211,2.22812e-06,2098
2025-11-11 18:51:11.791325,99.1211,99.1211,2.22812e-06,2080
2025-11-11 18:51:11.800047,99.1211,99.1211,7.81552e-07,1797
2025-11-11 18:51:11.808080,99.1211,99.1211,2.22812e-06,1995
2025-11-11 18:51:11.816340,99.1211,99.1211,2.22812e-06,1868
2025-11-11 18:51:11.824869,99.1211,99.1211,7.81552e-07,1737
2025-11-11 18:51:11.833217,99.1211,99.1211,6.81095e-06,2142
2025-11-11 18:51:11.841341,99.1211,99.1211,6.81095e-06,2113
2025-11-11 18:51:11.849677,99.1211,99.1211,6.81095e-06,1904
2025-11-11 18:51:11.858275,99.1211,99.1211,1.58138e-05,1774
2025-11-11 18:51:11.866655,99.1211,99.1211,1.58138e-05,1655
2025-11-11 18:51:11.874763,99.1211,99.1211,1.58138e-05,1566
2025-11-11 18:51:11.882712,99.1211,99.1211,1.58138e-05,1555
2025-11-11 18:51:11.891029,99.1211,99.1211,1.58138e-05,1546
2025-11-11 18:51:11.899670,99.1211,99.1211,1.58138e-05,1196
2025-11-11 18:51:11.907636,99.1211,99.1211,4.11868e-06,1416
2025-11-11 18:51:11.915567,99.1211,99.1211,4.11868e-06,1204
2025-11-11 18:51:11.924265,99.1211,99.1211,1.58138e-05,978
2025-11-11 18:51:11.932887,99.1211,99.1211,4.11868e-06,1064
2025-11-11 18:51:11.941692,99.1211,99.1211,1.58138e-05,802
2025-11-11 18:51:11.949960,99.1211,99.1211,7.81552e-07,1332
2025-11-11 18:51:11.957893,99.1211,99.1211,1.58138e-05,855
2025-11-11 18:51:11.966068,99.1211,99.1211,4.11868e-06,1551
2025-11-11 18:51:11.974549,99.1211,99.1211,4.11868e-06,1499
2025-11-11 18:51:11.983288,99.121,99.1211,1.70211e-05,1515
2025-11-11 18:51:11.991385,99.121,99.121,2.23826e-06,1901
2025-11-11 18:51:11.999442,99.121,99.1211,1.70211e-05,1828
2025-11-11 18:51:12.007836,99.121,99.1211,1.70211e-05,1506
2025-11-11 18:51:12.016509,99.121,99.1211,1.70211e-05,1333
2025-11-11 18:51:12.024767,99.1211,99.1211,4.11868e-06,1599
2025-11-11 18:51:12.033026,99.121,99.1211,1.70211e-05,1354
2025-11-11 18:51:12.041290,99.121,99.121,2.23826e-06,1455
2025-11-11 18:51:12.049766,99.121,99.1211,1.70211e-05,1499
2025-11-11 18:51:12.057930,99.121,99.1211,1.70211e-05,1361
2025-11-11 18:51:12.066451,99.1211,99.1211,4.11868e-06,1581
2025-11-11 18:51:12.074964,99.121,99.1211,1.70211e-05,1403
2025-11-11 18:51:12.083522,99.121,99.121,2.23826e-06,1636
2025-11-11 18:51:12.091647,99.121,99.121,6.13848e-07,1935
2025-11-11 18:51:12.099940,99.121,99.121,2.12022e-06,2451
2025-11-11 18:51:12.109656,99.121,99.121,2.12022e-06,2184
2025-11-11 18:51:12.118607,99.121,99.121,6.29726e-06,2170
2025-11-11 18:51:12.127330,99.121,99.121,2.29429e-06,2503
2025-11-11 18:51:12.135270,99.121,99.121,2.29429e-06,2163
2025-11-11 18:51:12.143986,99.121,99.121,2.29429e-06,2048
2025-11-11 18:51:12.152628,99.121,99.121,1.55429e-06,2280
2025-11-11 18:51:12.160889,99.121,99.121,8.04474e-07,2110
2025-11-11 18:51:12.169112,99.121,99.121,8.04474e-07,1972
2025-11-11 18:51:12.177506,99.121,99.121,1.99644e-06,2151
2025-11-11 18:51:12.185994,99.121,99.121,1.99644e-06,2004
2025-11-11 18:51:12.194231,99.121,99.121,1.99644e-06,1819
2025-11-11 18:51:12.202129,99.121,99.121,1.99644e-06,1466
2025-11-11 18:51:12.210734,99.121,99.121,2.04088e-07,1811
2025-11-11 18:51:12.219162,99.121,99.121,2.04088e-07,1694
2025-11-11 18:51:12.227525,99.121,99.121,7.71783e-06,1755
2025-11-11 18:51:12.235649,99.121,99.121,2.04088e-07,1860
2025-11-11 18:51:12.244032,99.121,99.121,2.04088e-07,1843
2025-11-11 18:51:12.252571,99.121,99.121,2.04088e-07,1701
2025-11-11 18:51:12.260832,99.121,99.121,2.04088e-07,1662
2025-11-11 18:51:12.268778,99.121,99.121,7.71783e-06,1912
2025-11-11 18:51:12.277484,99.121,99.121,7.71783e-06,1760
2025-11-11 18:51:12.286054,99.121,99.121,1.38357e-06,1543
2025-11-11 18:51:12.294186,99.121,99.121,4.84544e-06,1781
2025-11-11 18:51:12.302332,99.121,99.121,2.27239e-06,1859
2025-11-11 18:51:12.310912,99.121,99.121,4.84544e-06,1974
2025-11-11 18:51:12.319498,99.121,99.121,4.84544e-06,1786
2025-11-11 18:51:12.328074,99.121,99.121,1.38357e-06,1706
2025-11-11 18:51:12.336084,99.121,99.121,7.71783e-06,1841
2025-11-11 18:51:12.344230,99.121,99.121,7.71783e-06,1788
2025-11-11 18:51:12.352442,99.121,99.121,1.38357e-06,1937
2025-11-11 18:51:12.360987,99.121,99.121,1.38357e-06,1835
2025-11-11 18:51:12.369552,99.121,99.121,4.84544e-06,2168
2025-11-11 18:51:12.378063,99.121,99.121,4.84544e-06,2008
2025-11-11 18:51:12.385978,99.121,99.121,1.38357e-06,1880
2025-11-11 18:51:12.395190,99.121,99.121,7.71783e-06,1746
2025-11-11 18:51:12.403612,99.121,99.121,7.71783e-06,1372
2025-11-11 18:51:12.411719,99.121,99.121,2.04088e-07,1487
2025-11-11 18:51:12.419726,99.121,99.121,1.99644e-06,1526
2025-11-11 18:51:12.428510,99.121,99.121,8.04474e-07,1593
2025-11-11 18:51:12.436843,99.121,99.121,1.55429e-06,1595
2025-11-11 18:51:12.445188,99.121,99.121,8.04474e-07,1714
2025-11-11 18:51:12.453230,99.121,99.121,1.55429e-06,1624
2025-11-11 18:51:12.462124,99.121,99.121,1.55429e-06,1603
2025-11-11 18:51:12.470317,99.121,99.121,1.55429e-06,1554
2025-11-11 18:51:12.478939,99.121,99.121,8.04474e-07,1390
2025-11-11 18:51:12.486944,99.121,99.121,1.55429e-06,1526
2025-11-11 18:51:12.495452,99.121,99.121,8.04474e-07,1390
2025-11-11 18:51:12.503856,99.121,99.121,8.04474e-07,1376
2025-11-11 18:51:12.512200,99.121,99.121,1.55429e-06,1786
2025-11-11 18:51:12.520090,99.121,99.121,2.29429e-06,1812
2025-11-11 18:51:12.529308,99.121,99.121,1.55429e-06,1760
2025-11-11 18:51:12.537468,99.121,99.121,1.55429e-06,1716
2025-11-11 18:51:12.545982,99.121,99.121,2.29429e-06,1797
2025-11-11 18:51:12.554122,99.121,99.121,6.29726e-06,1723
2025-11-11 18:51:12.563097,99.121,99.121,6.29726e-06,1715
2025-11-11 18:51:12.571221,99.121,99.121,2.29429e-06,1836
2025-11-11 18:51:12.579703,99.121,99.121,6.29726e-06,1794
2025-11-11 18:51:12.587627,99.121,99.121,6.29726e-06,1588
2025-11-11 18:51:12.596584,99.121,99.121,2.12022e-06,1648
2025-11-11 18:51:12.604951,99.121,99.121,2.12022e-06,1541
2025-11-11 18:51:12.613114,99.121,99.121,6.13848e-07,2332
2025-11-11 18:51:12.621011,99.121,99.121,6.13848e-07,2281
2025-11-11 18:51:12.630323,99.121,99.121,6.13848e-07,2095
2025-11-11 18:51:12.638360,99.121,99.121,6.13848e-07,1938
2025-11-11 18:51:12.646612,99.121,99.121,6.13848e-07,1718
2025-11-11 18:51:12.654586,99.121,99.121,2.23826e-06,1564
2025-11-11 18:51:12.663569,99.121,99.121,5.50736e-06,1837
2025-11-11 18:51:12.671654,99.121,99.121,2.23826e-06,1474
2025-11-11 18:51:12.680032,99.121,99.121,6.13848e-07,2224
2025-11-11 18:51:12.688120,99.121,99.121,6.13848e-07,2193
2025-11-11 18:51:12.696367,99.121,99.121,2.12022e-06,1562
2025-11-11 18:51:12.704192,99.121,99.121,6.13848e-07,1918
2025-11-11 18:51:12.713304,99.121,99.121,2.12022e-06,1604
2025-11-11 18:51:12.721240,99.121,99.121,6.13848e-07,2309
2025-11-11 18:51:12.729743,99.121,99.121,6.13848e-07,2132
2025-11-11 18:51:12.737647,99.121,99.121,2.12022e-06,1570
2025-11-11 18:51:12.746801,99.121,99.121,6.13848e-07,2340
2025-11-11 18:51:12.755527,99.121,99.121,6.13848e-07,2224
2025-11-11 18:51:12.763982,99.121,99.121,6.13848e-07,2085
2025-11-11 18:51:12.772323,99.121,99.121,6.13848e-07,1679
2025-11-11 18:51:12.781150,99.121,99.121,6.13848e-07,1573
2025-11-11 18:51:12.789551,99.121,99.121,6.13848e-07,1568
2025-11-11 18:51:12.797805,99.121,99.121,2.12022e-06,995
2025-11-11 18:51:12.805847,99.121,99.121,6.13848e-07,1276
2025-11-11 18:51:12.815208,99.121,99.121,2.12022e-06,1535
2025-11-11 18:51:12.823493,99.121,99.121,6.29726e-06,1522
2025-11-11 18:51:12.831760,99.121,99.121,2.12022e-06,1538
2025-11-11 18:51:12.839795,99.121,99.121,6.29726e-06,1470
2025-11-11 18:51:12.848798,99.121,99.121,6.29726e-06,1407
2025-11-11 18:51:12.857162,99.121,99.121,2.12022e-06,1873
2025-11-11 18:51:12.865553,99.121,99.121,6.29726e-06,1407
2025-11-11 18:51:12.873674,99.121,99.121,2.12022e-06,1634
2025-11-11 18:51:12.882642,99.121,99.121,6.29726e-06,1967
2025-11-11 18:51:12.890738,99.121,99.121,2.29429e-06,1996
2025-11-11 18:51:12.899130,99.121,99.121,1.55429e-06,2239
2025-11-11 18:51:12.907696,99.121,99.121,1.55429e-06,2023
2025-11-11 18:51:12.916586,99.121,99.121,8.04474e-07,2428
2025-11-11 18:51:12.924914,99.121,99.121,1.99644e-06,1850
2025-11-11 18:51:12.932912,99.121,99.121,2.04088e-07,1515
2025-11-11 18:51:12.941452,99.121,99.121,7.71783e-06,1364
2025-11-11 18:51:12.949807,99.121,99.121,1.38357e-06,1347
2025-11-11 18:51:12.957888,99.121,99.121,1.38357e-06,1219
2025-11-11 18:51:12.966165,99.121,99.121,7.71783e-06,1580
2025-11-11 18:51:12.974672,99.121,99.121,2.04088e-07,1822
2025-11-11 18:51:12.983130,99.121,99.121,7.71783e-06,1671
2025-11-11 18:51:12.991617,99.121,99.121,1.38357e-06,1115
2025-11-11 18:51:12.999703,99.121,99.121,7.71783e-06,1375
2025-11-11 18:51:13.008195,99.121,99.121,7.71783e-06,1251
2025-11-11 18:51:13.016567,99.121,99.121,7.71783e-06,1191
2025-11-11 18:51:13.025070,99.121,99.121,2.04088e-07,1507
2025-11-11 18:51:13.033404,99.121,99.121,1.99644e-06,2096
2025-11-11 18:51:13.041555,99.121,99.121,1.99644e-06,1875
2025-11-11 18:51:13.049376,99.121,99.121,8.04474e-07,2823
2025-11-11 18:51:13.057920,99.121,99.121,1.55429e-06,2776
2025-11-11 18:51:13.066428,99.121,99.121,1.55429e-06,2499
2025-11-11 18:51:13.074819,99.121,99.121,2.29429e-06,2628
2025-11-11 18:51:13.083372,99.121,99.121,1.55429e-06,2534
2025-11-11 18:51:13.092020,99.121,99.121,2.29429e-06,2589
2025-11-11 18:51:13.100598,99.121,99.121,1.55429e-06,2854
2025-11-11 18:51:13.110542,99.121,99.121,1.55429e-06,2672
2025-11-11 18:51:13.119111,99.121,99.121,1.55429e-06,2464
2025-11-11 18:51:13.127994,99.121,99.121,8.04474e-07,2309
2025-11-11 18:51:13.136497,99.121,99.121,1.55429e-06,2328
2025-11-11 18:51:13.144809,99.121,99.121,2.29429e-06,3155
2025-11-11 18:51:13.152931,99.121,99.121,2.29429e-06,2516
2025-11-11 18:51:13.162077,99.121,99.121,2.29429e-06,2447
2025-11-11 18:51:13.170458,99.121,99.121,1.55429e-06,2640
2025-11-11 18:51:13.179009,99.121,99.121,2.29429e-06,2295
2025-11-11 18:51:13.187445,99.121,99.121,2.29429e-06,2288
2025-11-11 18:51:13.196468,99.121,99.121,2.29429e-06,2286
2025-11-11 18:51:13.204749,99.121,99.121,1.55429e-06,2475
2025-11-11 18:51:13.213206,99.121,99.121,2.29429e-06,2296
2025-11-11 18:51:13.221187,99.121,99.121,6.29726e-06,2562
2025-11-11 18:51:13.230232,99.121,99.121,6.29726e-06,2367
2025-11-11 18:51:13.238387,99.121,99.121,6.29726e-06,2152
2025-11-11 18:51:13.246765,99.121,99.121,2.29429e-06,2342
2025-11-11 18:51:13.254663,99.121,99.121,1.55429e-06,2389
2025-11-11 18:51:13.263776,99.121,99.121,8.04474e-07,2615
2025-11-11 18:51:13.271983,99.121,99.121,1.55429e-06,2340
2025-11-11 18:51:13.280321,99.121,99.121,8.04474e-07,2465
2025-11-11 18:51:13.288246,99.121,99.121,1.55429e-06,2633
2025-11-11 18:51:13.297448,99.121,99.121,2.29429e-06,2633
2025-11-11 18:51:13.306097,99.121,99.121,2.29429e-06,2605
2025-11-11 18:51:13.314484,99.121,99.121,2.29429e-06,2591
2025-11-11 18:51:13.322609,99.121,99.121,1.55429e-06,2619
2025-11-11 18:51:13.331572,99.121,99.121,2.29429e-06,2525
2025-11-11 18:51:13.339936,99.121,99.121,1.55429e-06,2665
2025-11-11 18:51:13.348180,99.121,99.121,1.55429e-06,2594
2025-11-11 18:51:13.356545,99.121,99.121,1.55429e-06,2447
2025-11-11 18:51:13.365852,99.121,99.121,1.55429e-06,2327
2025-11-11 18:51:13.374059,99.121,99.121,2.29429e-06,2400
2025-11-11 18:51:13.382129,99.121,99.121,1.55429e-06,2649
2025-11-11 18:51:13.390351,99.121,99.121,1.55429e-06,2454
2025-11-11 18:51:13.398399,99.121,99.121,2.29429e-06,2464
2025-11-11 18:51:13.406536,99.121,99.121,6.29726e-06,2483
2025-11-11 18:51:13.415367,99.121,99.121,6.29726e-06,2361
2025-11-11 18:51:13.423903,99.121,99.121,2.29429e-06,2504
2025-11-11 18:51:13.432010,99.121,99.121,6.29726e-06,2547
2025-11-11 18:51:13.440426,99.121,99.121,6.29726e-06,2375
2025-11-11 18:51:13.449474,99.121,99.121,6.29726e-06,2293
2025-11-11 18:51:13.457613,99.121,99.121,2.29429e-06,2550
2025-11-11 18:51:13.465650,99.121,99.121,2.29429e-06,2251
2025-11-11 18:51:13.474450,99.121,99.121,6.29726e-06,2232
2025-11-11 18:51:13.483259,99.121,99.121,6.29726e-06,1995
2025-11-11 18:51:13.491558,99.121,99.121,2.29429e-06,2152
2025-11-11 18:51:13.500195,99.121,99.121,2.29429e-06,2022
2025-11-11 18:51:13.508951,99.121,99.121,2.29429e-06,1926
2025-11-11 18:51:13.519155,99.121,99.121,6.29726e-06,2016
2025-11-11 18:51:13.527834,99.121,99.121,2.12022e-06,1942
2025-11-11 18:51:13.535942,99.121,99.121,6.29726e-06,1860
2025-11-11 18:51:13.544876,99.121,99.121,6.29726e-06,1667
2025-11-11 18:51:13.553498,99.121,99.121,2.29429e-06,1732
2025-11-11 18:51:13.561853,99.121,99.121,6.29726e-06,1796
2025-11-11 18:51:13.569868,99.121,99.121,2.29429e-06,2106
2025-11-11 18:51:13.578687,99.121,99.121,1.55429e-06,2043
2025-11-11 18:51:13.586922,99.121,99.121,2.29429e-06,2449
2025-11-11 18:51:13.595221,99.121,99.121,6.29726e-06,1967
2025-11-11 18:51:13.603605,99.121,99.121,2.12022e-06,2038
2025-11-11 18:51:13.613052,99.121,99.121,6.29726e-06,2040
2025-11-11 18:51:13.621397,99.121,99.121,2.29429e-06,2166
2025-11-11 18:51:13.630419,99.121,99.121,6.29726e-06,2308
2025-11-11 18:51:13.638666,99.121,99.121,6.29726e-06,2266
2025-11-11 18:51:13.647925,99.121,99.121,6.29726e-06,2085
2025-11-11 18:51:13.656191,99.121,99.121,2.12022e-06,2137
2025-11-11 18:51:13.664412,99.121,99.121,2.12022e-06,2118
2025-11-11 18:51:13.672837,99.121,99.121,2.12022e-06,2047
2025-11-11 18:51:13.682218,99.121,99.121,6.29726e-06,2391
2025-11-11 18:51:13.690671,99.121,99.121,2.29429e-06,2889
2025-11-11 18:51:13.699015,99.121,99.121,1.55429e-06,2723
2025-11-11 18:51:13.707913,99.121,99.121,1.55429e-06,2471
2025-11-11 18:51:13.716566,99.121,99.121,2.29429e-06,2832
2025-11-11 18:51:13.724992,99.121,99.121,2.29429e-06,2625
2025-11-11 18:51:13.733529,99.121,99.121,2.29429e-06,2603
2025-11-11 18:51:13.741801,99.121,99.121,2.29429e-06,2516
2025-11-11 18:51:13.750037,99.121,99.121,2.29429e-06,2245
2025-11-11 18:51:13.759221,99.121,99.121,6.29726e-06,2308
2025-11-11 18:51:13.767536,99.121,99.121,6.29726e-06,2001
2025-11-11 18:51:13.775977,99.121,99.121,2.29429e-06,2283
2025-11-11 18:51:13.784999,99.121,99.121,6.29726e-06,2154
2025-11-11 18:51:13.793495,99.121,99.121,2.29429e-06,2581
2025-11-11 18:51:13.802252,99.121,99.121,1.55429e-06,2539
2025-11-11 18:51:13.811042,99.121,99.121,2.29429e-06,2563
2025-11-11 18:51:13.819290,99.121,99.121,6.29726e-06,2061
2025-11-11 18:51:13.827778,99.121,99.121,6.29726e-06,1834
2025-11-11 18:51:13.836254,99.121,99.121,6.29726e-06,1738
2025-11-11 18:51:13.844536,99.121,99.121,6.29726e-06,1724
2025-11-11 18:51:13.852507,99.121,99.121,2.12022e-06,2189
2025-11-11 18:51:13.861239,99.121,99.121,2.12022e-06,1983
2025-11-11 18:51:13.869860,99.121,99.121,2.12022e-06,1894
2025-11-11 18:51:13.878172,99.121,99.121,6.29726e-06,1716
2025-11-11 18:51:13.886122,99.121,99.121,2.29429e-06,1891
2025-11-11 18:51:13.894701,99.121,99.121,2.29429e-06,1870
2025-11-11 18:51:13.903375,99.121,99.121,6.29726e-06,1727
2025-11-11 18:51:13.911966,99.121,99.121,2.29429e-06,2125
2025-11-11 18:51:13.920340,99.121,99.121,1.55429e-06,2277
2025-11-11 18:51:13.929822,99.121,99.121,1.55429e-06,2164
2025-11-11 18:51:13.938045,99.121,99.121,2.29429e-06,2046
2025-11-11 18:51:13.946483,99.121,99.121,1.55429e-06,2187
2025-11-11 18:51:13.954343,99.121,99.121,1.55429e-06,2182
2025-11-11 18:51:13.963490,99.121,99.121,1.55429e-06,2068
2025-11-11 18:51:13.972031,99.121,99.121,8.04474e-07,2404
2025-11-11 18:51:13.980554,99.121,99.121,8.04474e-07,2346
2025-11-11 18:51:13.988840,99.121,99.121,1.55429e-06,2235
2025-11-11 18:51:13.997717,99.121,99.121,2.29429e-06,2087
2025-11-11 18:51:14.006009,99.121,99.121,2.29429e-06,2083
2025-11-11 18:51:14.014567,99.121,99.121,6.29726e-06,2070
2025-11-11 18:51:14.022692,99.121,99.121,6.29726e-06,1899
2025-11-11 18:51:14.032189,99.121,99.121,2.12022e-06,2137
2025-11-11 18:51:14.040468,99.121,99.121,6.29726e-06,2583
2025-11-11 18:51:14.048802,99.121,99.121,6.29726e-06,2484
2025-11-11 18:51:14.057220,99.121,99.121,6.29726e-06,2325
2025-11-11 18:51:14.066159,99.121,99.121,6.29726e-06,2215
2025-11-11 18:51:14.074285,99.121,99.121,6.29726e-06,2072
2025-11-11 18:51:14.082766,99.121,99.121,2.12022e-06,1987
2025-11-11 18:51:14.091048,99.121,99.121,6.29726e-06,2061
2025-11-11 18:51:14.099060,99.121,99.121,6.29726e-06,1919
2025-11-11 18:51:14.107794,99.121,99.121,6.29726e-06,1711
2025-11-11 18:51:14.117883,99.121,99.121,2.29429e-06,1845
2025-11-11 18:51:14.126406,99.121,99.121,6.29726e-06,2239
2025-11-11 18:51:14.134820,99.121,99.121,6.29726e-06,2081
2025-11-11 18:51:14.143064,99.121,99.121,2.12022e-06,2186
2025-11-11 18:51:14.151807,99.121,99.121,2.12022e-06,2067
2025-11-11 18:51:14.160068,99.121,99.121,2.12022e-06,1852
2025-11-11 18:51:14.168164,99.121,99.121,2.12022e-06,1828
2025-11-11 18:51:14.177320,99.121,99.121,6.13848e-07,2036
2025-11-11 18:51:14.186078,99.121,99.121,2.23826e-06,1944
2025-11-11 18:51:14.194470,99.121,99.121,5.50736e-06,2088
2025-11-11 18:51:14.202463,99.121,99.121,5.50736e-06,2029
2025-11-11 18:51:14.211113,99.121,99.121,2.23826e-06,2551
2025-11-11 18:51:14.220070,99.121,99.121,2.23826e-06,2386
2025-11-11 18:51:14.228473,99.121,99.121,2.23826e-06,1931
2025-11-11 18:51:14.236460,99.121,99.121,2.23826e-06,1913
2025-11-11 18:51:14.245401,99.121,99.121,2.23826e-06,1867
2025-11-11 18:51:14.253696,99.121,99.121,6.13848e-07,2051
2025-11-11 18:51:14.262180,99.121,99.121,2.23826e-06,1846
2025-11-11 18:51:14.270323,99.121,99.121,6.13848e-07,2161
2025-11-11 18:51:14.278793,99.121,99.121,6.13848e-07,2098
2025-11-11 18:51:14.287366,99.121,99.121,2.12022e-06,1941
2025-11-11 18:51:14.295708,99.121,99.121,6.29726e-06,2132
2025-11-11 18:51:14.303980,99.121,99.121,6.29726e-06,2128
2025-11-11 18:51:14.313309,99.121,99.121,6.29726e-06,1929
2025-11-11 18:51:14.321730,99.121,99.121,6.29726e-06,1838
2025-11-11 18:51:14.330302,99.121,99.121,2.12022e-06,1624
2025-11-11 18:51:14.338338,99.121,99.121,6.29726e-06,1598
2025-11-11 18:51:14.347645,99.121,99.121,6.29726e-06,1555
2025-11-11 18:51:14.355887,99.121,99.121,6.29726e-06,1481
2025-11-11 18:51:14.364016,99.121,99.121,6.29726e-06,1376
2025-11-11 18:51:14.372258,99.121,99.121,2.12022e-06,2009
2025-11-11 18:51:14.381491,99.121,99.121,6.13848e-07,2207
2025-11-11 18:51:14.389940,99.121,99.121,2.23826e-06,1888
2025-11-11 18:51:14.398485,99.121,99.121,6.13848e-07,2479
2025-11-11 18:51:14.406896,99.121,99.121,6.13848e-07,2278
2025-11-11 18:51:14.416368,99.121,99.121,6.13848e-07,2094
2025-11-11 18:51:14.424618,99.121,99.121,6.13848e-07,2000
2025-11-11 18:51:14.432834,99.121,99.121,6.13848e-07,1996
2025-11-11 18:51:14.440899,99.121,99.121,2.12022e-06,2059
2025-11-11 18:51:14.449025,99.121,99.121,6.13848e-07,2449
2025-11-11 18:51:14.457585,99.121,99.121,2.23826e-06,2198
2025-11-11 18:51:14.466414,99.121,99.121,5.50736e-06,2292
2025-11-11 18:51:14.474924,99.121,99.121,2.23826e-06,2286
2025-11-11 18:51:14.483553,99.121,99.121,6.13848e-07,2453
2025-11-11 18:51:14.491987,99.121,99.121,6.13848e-07,2327
2025-11-11 18:51:14.500606,99.121,99.121,6.13848e-07,2021
2025-11-11 18:51:14.508912,99.121,99.121,2.23826e-06,1888
2025-11-11 18:51:14.517472,99.121,99.121,2.23826e-06,1709
2025-11-11 18:51:14.526620,99.121,99.121,2.23826e-06,1516
2025-11-11 18:51:14.535521,99.121,99.121,6.13848e-07,2024
2025-11-11 18:51:14.543810,99.121,99.121,6.13848e-07,1957
2025-11-11 18:51:14.552091,99.121,99.121,2.23826e-06,1509
2025-11-11 18:51:14.560846,99.121,99.121,6.13848e-07,1810
2025-11-11 18:51:14.569380,99.121,99.121,2.12022e-06,1968
2025-11-11 18:51:14.577921,99.121,99.121,2.12022e-06,1670
2025-11-11 18:51:14.585958,99.121,99.121,6.13848e-07,1714
2025-11-11 18:51:14.594883,99.121,99.121,2.12022e-06,1685
2025-11-11 18:51:14.603608,99.121,99.121,2.12022e-06,1676
2025-11-11 18:51:14.611813,99.121,99.121,6.29726e-06,1329
2025-11-11 18:51:14.620338,99.121,99.121,2.29429e-06,1938
2025-11-11 18:51:14.629238,99.121,99.121,2.29429e-06,1854
2025-11-11 18:51:14.637508,99.121,99.121,1.55429e-06,1829
2025-11-11 18:51:14.645968,99.121,99.121,1.55429e-06,1808
2025-11-11 18:51:14.654087,99.121,99.121,8.04474e-07,1694
2025-11-11 18:51:14.663524,99.121,99.121,1.99644e-06,1349
2025-11-11 18:51:14.671794,99.121,99.121,1.99644e-06,1260
2025-11-11 18:51:14.680072,99.121,99.121,8.04474e-07,1098
2025-11-11 18:51:14.688115,99.121,99.121,1.99644e-06,1530
2025-11-11 18:51:14.697518,99.121,99.121,2.04088e-07,2297
2025-11-11 18:51:14.705722,99.121,99.121,2.04088e-07,2240
2025-11-11 18:51:14.714564,99.121,99.121,2.04088e-07,2069
2025-11-11 18:51:14.723216,99.121,99.121,2.04088e-07,1656
2025-11-11 18:51:14.732175,99.121,99.121,7.71783e-06,1366
2025-11-11 18:51:14.740745,99.121,99.121,7.71783e-06,1180
2025-11-11 18:51:14.749045,99.121,99.121,2.04088e-07,1898
2025-11-11 18:51:14.757951,99.121,99.121,2.04088e-07,1877
2025-11-11 18:51:14.766950,99.121,99.121,1.99644e-06,1763
2025-11-11 18:51:14.775428,99.121,99.121,2.04088e-07,1839
2025-11-11 18:51:14.784004,99.121,99.121,1.99644e-06,1655
2025-11-11 18:51:14.792073,99.121,99.121,8.04474e-07,1296
2025-11-11 18:51:14.800096,99.121,99.121,1.99644e-06,1634
2025-11-11 18:51:14.808705,99.121,99.121,8.04474e-07,1257
2025-11-11 18:51:14.817291,99.121,99.121,8.04474e-07,1201
2025-11-11 18:51:14.826022,99.121,99.121,1.55429e-06,1252
2025-11-11 18:51:14.834144,99.121,99.121,2.29429e-06,1356
2025-11-11 18:51:14.842461,99.121,99.121,2.29429e-06,1084
2025-11-11 18:51:14.851417,99.121,99.121,1.55429e-06,1272
2025-11-11 18:51:14.859637,99.121,99.121,1.55429e-06,1031
2025-11-11 18:51:14.868205,99.121,99.121,1.55429e-06,975
2025-11-11 18:51:14.876720,99.121,99.121,8.04474e-07,983
2025-11-11 18:51:14.885371,99.121,99.121,1.99644e-06,1077
2025-11-11 18:51:14.893886,99.121,99.121,8.04474e-07,1095
2025-11-11 18:51:14.902072,99.121,99.121,8.04474e-07,1044
2025-11-11 18:51:14.910698,99.121,99.121,1.99644e-06,1329
2025-11-11 18:51:14.919703,99.121,99.121,2.04088e-07,1776
2025-11-11 18:51:14.928562,99.121,99.121,2.04088e-07,1538
2025-11-11 18:51:14.936899,99.121,99.121,2.04088e-07,1307
2025-11-11 18:51:14.945986,99.121,99.121,7.71783e-06,1280
2025-11-11 18:51:14.954308,99.121,99.121,7.71783e-06,1126
2025-11-11 18:51:14.962752,99.121,99.121,1.38357e-06,1340
2025-11-11 18:51:14.971033,99.121,99.121,4.84544e-06,1358
2025-11-11 18:51:14.980056,99.121,99.121,4.84544e-06,1262
2025-11-11 18:51:14.988407,99.121,99.121,1.38357e-06,1579
2025-11-11 18:51:14.996749,99.121,99.121,1.38357e-06,1328
2025-11-11 18:51:15.004883,99.121,99.121,7.71783e-06,1186
2025-11-11 18:51:15.013900,99.121,99.121,1.38357e-06,1340
2025-11-11 18:51:15.022349,99.121,99.121,1.38357e-06,1073
2025-11-11 18:51:15.031303,99.121,99.121,4.84544e-06,1542
2025-11-11 18:51:15.039469,99.121,99.121,4.84544e-06,1228
2025-11-11 18:51:15.049025,99.121,99.121,4.84544e-06,979
2025-11-11 18:51:15.057427,99.121,99.121,2.27239e-06,730
2025-11-11 18:51:15.065693,99.121,99.121,2.27239e-06,500
2025-11-11 18:51:15.074177,99.121,99.121,4.84544e-06,1254
2025-11-11 18:51:15.083062,99.121,99.121,1.38357e-06,1799
2025-11-11 18:51:15.091295,99.121,99.121,1.38357e-06,1264
2025-11-11 18:51:15.099497,99.121,99.121,1.38357e-06,1254
2025-11-11 18:51:15.107685,99.121,99.121,7.71783e-06,1549
2025-11-11 18:51:15.117175,99.121,99.121,2.04088e-07,1998
2025-11-11 18:51:15.125758,99.121,99.121,7.71783e-06,1628
2025-11-11 18:51:15.134640,99.121,99.121,7.71783e-06,1583
2025-11-11 18:51:15.142828,99.121,99.121,2.04088e-07,2299
2025-11-11 18:51:15.150976,99.121,99.121,1.99644e-06,2330
2025-11-11 18:51:15.159723,99.121,99.121,2.04088e-07,2337
2025-11-11 18:51:15.168526,99.121,99.121,2.04088e-07,2222
2025-11-11 18:51:15.177263,99.121,99.121,7.71783e-06,1627
2025-11-11 18:51:15.185514,99.121,99.121,1.38357e-06,1651
2025-11-11 18:51:15.194223,99.121,99.121,1.38357e-06,1494
2025-11-11 18:51:15.202882,99.121,99.121,1.38357e-06,1349
2025-11-11 18:51:15.211382,99.121,99.121,7.92192e-06,2073
2025-11-11 18:51:15.219480,99.121,99.121,7.92192e-06,1681
2025-11-11 18:51:15.228693,99.121,99.121,1.38357e-06,1689
2025-11-11 18:51:15.237328,99.121,99.121,1.38357e-06,1677
2025-11-11 18:51:15.245651,99.121,99.121,4.84544e-06,1724
2025-11-11 18:51:15.253953,99.121,99.121,1.38357e-06,1650
2025-11-11 18:51:15.263072,99.121,99.121,4.84544e-06,1842
2025-11-11 18:51:15.271229,99.121,99.121,4.84544e-06,1662
2025-11-11 18:51:15.279498,99.121,99.121,1.38357e-06,1617
2025-11-11 18:51:15.287541,99.121,99.121,4.84544e-06,1672
2025-11-11 18:51:15.296583,99.121,99.121,4.84544e-06,1464
2025-11-11 18:51:15.304892,99.121,99.121,2.27239e-06,1781
2025-11-11 18:51:15.313490,99.121,99.121,1.98554e-06,2082
2025-11-11 18:51:15.321716,99.121,99.121,1.98554e-06,1858
2025-11-11 18:51:15.331582,99.121,99.121,2.27239e-06,2333
2025-11-11 18:51:15.339978,99.121,99.121,2.27239e-06,1902
2025-11-11 18:51:15.348535,99.121,99.121,4.84544e-06,1990
2025-11-11 18:51:15.357332,99.121,99.121,1.38357e-06,1857
2025-11-11 18:51:15.366462,99.121,99.121,4.84544e-06,2101
2025-11-11 18:51:15.374982,99.121,99.121,4.84544e-06,2071
2025-11-11 18:51:15.383437,99.121,99.121,2.27239e-06,2133
2025-11-11 18:51:15.392125,99.121,99.121,2.27239e-06,2031
2025-11-11 18:51:15.400796,99.121,99.121,4.84544e-06,2196
2025-11-11 18:51:15.409241,99.121,99.121,4.84544e-06,2097
2025-11-11 18:51:15.417697,99.121,99.121,1.38357e-06,2426
2025-11-11 18:51:15.426675,99.121,99.121,1.38357e-06,2254
2025-11-11 18:51:15.435821,99.121,99.121,1.38357e-06,1876
2025-11-11 18:51:15.444258,99.121,99.121,1.38357e-06,1768
2025-11-11 18:51:15.452378,99.121,99.121,7.92192e-06,1889
2025-11-11 18:51:15.461185,99.121,99.121,1.99644e-06,2220
2025-11-11 18:51:15.469743,99.121,99.121,7.92192e-06,2104
2025-11-11 18:51:15.478394,99.121,99.121,1.38357e-06,1989
2025-11-11 18:51:15.486428,99.121,99.121,7.92192e-06,1998
2025-11-11 18:51:15.494849,99.121,99.121,1.99644e-06,2086
2025-11-11 18:51:15.503172,99.121,99.121,8.04474e-07,1458
2025-11-11 18:51:15.512222,99.121,99.121,1.99644e-06,1798
2025-11-11 18:51:15.520821,99.121,99.121,7.92192e-06,1718
2025-11-11 18:51:15.529467,99.121,99.121,1.38357e-06,1848
2025-11-11 18:51:15.538042,99.121,99.121,1.38357e-06,1709
2025-11-11 18:51:15.547124,99.121,99.121,7.92192e-06,2001
2025-11-11 18:51:15.555509,99.121,99.121,1.99644e-06,2025
2025-11-11 18:51:15.563990,99.121,99.121,8.04474e-07,1860
2025-11-11 18:51:15.572141,99.121,99.121,8.04474e-07,1673
2025-11-11 18:51:15.581198,99.121,99.121,1.55429e-06,1468
2025-11-11 18:51:15.589566,99.121,99.121,8.04474e-07,2101
2025-11-11 18:51:15.597756,99.121,99.121,1.99644e-06,2867
2025-11-11 18:51:15.606082,99.121,99.121,1.99644e-06,2590
2025-11-11 18:51:15.615034,99.121,99.121,1.99644e-06,2455
2025-11-11 18:51:15.623117,99.121,99.121,1.99644e-06,2370
2025-11-11 18:51:15.631443,99.121,99.121,1.99644e-06,2329
2025-11-11 18:51:15.639604,99.121,99.121,7.92192e-06,2387
2025-11-11 18:51:15.648620,99.121,99.121,7.92192e-06,2380
2025-11-11 18:51:15.656877,99.121,99.121,7.92192e-06,2256
2025-11-11 18:51:15.665114,99.121,99.121,7.92192e-06,2020
2025-11-11 18:51:15.672886,99.121,99.121,7.92192e-06,1844
2025-11-11 18:51:15.681935,99.121,99.121,1.99644e-06,2019
2025-11-11 18:51:15.690101,99.121,99.121,8.04474e-07,1600
2025-11-11 18:51:15.698166,99.121,99.121,1.99644e-06,2436
2025-11-11 18:51:15.706761,99.121,99.121,1.99644e-06,2365
2025-11-11 18:51:15.715573,99.121,99.121,1.99644e-06,2295
2025-11-11 18:51:15.723697,99.121,99.121,7.92192e-06,2140
2025-11-11 18:51:15.731976,99.121,99.121,1.99644e-06,2538
2025-11-11 18:51:15.740379,99.121,99.121,1.99644e-06,2533
2025-11-11 18:51:15.749268,99.121,99.121,1.99644e-06,2515
2025-11-11 18:51:15.757670,99.121,99.121,1.99644e-06,2471
2025-11-11 18:51:15.766052,99.121,99.121,1.99644e-06,2212
2025-11-11 18:51:15.774633,99.121,99.121,1.99644e-06,2058
2025-11-11 18:51:15.783079,99.121,99.121,1.99644e-06,1956
2025-11-11 18:51:15.791286,99.121,99.121,8.04474e-07,1475
2025-11-11 18:51:15.799388,99.121,99.121,8.04474e-07,1458
2025-11-11 18:51:15.807799,99.121,99.121,8.04474e-07,1361
2025-11-11 18:51:15.816342,99.121,99.121,1.55429e-06,939
2025-11-11 18:51:15.824991,99.121,99.121,1.55429e-06,868
2025-11-11 18:51:15.833121,99.121,99.121,1.55429e-06,730
2025-11-11 18:51:15.841337,99.121,99.121,8.04474e-07,876
2025-11-11 18:51:15.849130,99.121,99.121,1.99644e-06,1533
2025-11-11 18:51:15.857214,99.121,99.121,8.04474e-07,1306
2025-11-11 18:51:15.866649,99.121,99.121,1.55429e-06,1638
2025-11-11 18:51:15.874855,99.121,99.121,2.29429e-06,1933
2025-11-11 18:51:15.883040,99.121,99.121,1.55429e-06,1772
2025-11-11 18:51:15.891163,99.121,99.121,8.04474e-07,1458
2025-11-11 18:51:15.899779,99.121,99.121,8.04474e-07,1098
2025-11-11 18:51:15.907997,99.121,99.121,1.55429e-06,958
2025-11-11 18:51:15.916135,99.121,99.121,2.29429e-06,994
2025-11-11 18:51:15.924691,99.121,99.121,9.21478e-07,798
2025-11-11 18:51:15.933132,99.121,99.121,9.21478e-07,798
2025-11-11 18:51:15.941398,99.121,99.121,5.37579e-06,1217
2025-11-11 18:51:15.949425,99.121,99.121,2.12022e-06,1733
2025-11-11 18:51:15.957887,99.121,99.121,6.13848e-07,2102
2025-11-11 18:51:15.966570,99.121,99.121,2.12022e-06,1788
2025-11-11 18:51:15.974949,99.121,99.121,6.13848e-07,2051
2025-11-11 18:51:15.983117,99.121,99.121,2.12022e-06,1665
2025-11-11 18:51:15.991537,99.121,99.121,2.12022e-06,1329
2025-11-11 18:51:15.999965,99.121,99.121,6.13848e-07,1793
2025-11-11 18:51:16.008189,99.121,99.121,6.13848e-07,1677
2025-11-11 18:51:16.016196,99.121,99.121,6.13848e-07,1637
2025-11-11 18:51:16.024702,99.121,99.121,2.12022e-06,1643
2025-11-11 18:51:16.033131,99.121,99.121,2.12022e-06,1591
2025-11-11 18:51:16.041377,99.121,99.121,5.37579e-06,1615
2025-11-11 18:51:16.049679,99.121,99.121,9.21478e-07,1357
2025-11-11 18:51:16.058275,99.121,99.121,5.37579e-06,1124
2025-11-11 18:51:16.066685,99.121,99.121,9.21478e-07,1440
2025-11-11 18:51:16.075034,99.121,99.121,2.29429e-06,1705
2025-11-11 18:51:16.083403,99.121,99.121,1.55429e-06,1439
2025-11-11 18:51:16.091821,99.121,99.121,8.04474e-07,1116
2025-11-11 18:51:16.100079,99.121,99.121,1.55429e-06,2223
2025-11-11 18:51:16.108238,99.121,99.121,1.55429e-06,2097
2025-11-11 18:51:16.117572,99.121,99.121,2.29429e-06,2527
2025-11-11 18:51:16.126074,99.121,99.121,9.21478e-07,2427
2025-11-11 18:51:16.135003,99.121,99.121,9.21478e-07,2422
2025-11-11 18:51:16.143264,99.121,99.121,9.21478e-07,2242
2025-11-11 18:51:16.151382,99.121,99.121,5.37579e-06,2289
2025-11-11 18:51:16.159870,99.121,99.121,9.21478e-07,2520
2025-11-11 18:51:16.168670,99.121,99.121,9.21478e-07,2517
2025-11-11 18:51:16.176720,99.121,99.121,9.21478e-07,2379
2025-11-11 18:51:16.184735,99.121,99.121,2.29429e-06,2413
2025-11-11 18:51:16.193383,99.121,99.121,1.55429e-06,2072
2025-11-11 18:51:16.201384,99.121,99.121,2.29429e-06,2295
2025-11-11 18:51:16.210124,99.121,99.121,2.29429e-06,2141
2025-11-11 18:51:16.218947,99.121,99.121,9.21478e-07,2229
2025-11-11 18:51:16.227715,99.121,99.121,9.21478e-07,2180
2025-11-11 18:51:16.235898,99.121,99.121,5.37579e-06,1948
2025-11-11 18:51:16.244207,99.121,99.121,9.21478e-07,1958
2025-11-11 18:51:16.252639,99.121,99.121,9.21478e-07,1951
2025-11-11 18:51:16.261181,99.121,99.121,5.37579e-06,1924
2025-11-11 18:51:16.269212,99.121,99.121,2.12022e-06,1840
2025-11-11 18:51:16.278235,99.121,99.121,2.12022e-06,1506
2025-11-11 18:51:16.286593,99.121,99.121,2.12022e-06,1448
2025-11-11 18:51:16.303058,99.121,99.121,5.37579e-06,1445
2025-11-11 18:51:16.312377,99.121,99.121,2.12022e-06,1736
2025-11-11 18:51:16.320776,99.121,99.121,2.12022e-06,1489
2025-11-11 18:51:16.329326,99.121,99.121,5.37579e-06,1772
2025-11-11 18:51:16.337758,99.121,99.121,9.21478e-07,1788
2025-11-11 18:51:16.346415,99.121,99.121,9.21478e-07,1780
2025-11-11 18:51:16.354845,99.121,99.121,5.37579e-06,1982
2025-11-11 18:51:16.363631,99.121,99.121,5.37579e-06,1748
2025-11-11 18:51:16.371860,99.121,99.121,2.12022e-06,1614
2025-11-11 18:51:16.380799,99.121,99.121,6.13848e-07,1471
2025-11-11 18:51:16.389172,99.121,99.121,2.23826e-06,1288
2025-11-11 18:51:16.397865,99.121,99.121,5.50736e-06,1362
2025-11-11 18:51:16.406224,99.121,99.1211,1.15137e-05,1332
2025-11-11 18:51:16.415797,99.121,99.121,5.50736e-06,1395
2025-11-11 18:51:16.424226,99.121,99.121,5.50736e-06,1184
2025-11-11 18:51:16.433448,99.121,99.121,2.23826e-06,1412
2025-11-11 18:51:16.442139,99.121,99.121,5.50736e-06,1324
2025-11-11 18:51:16.450776,99.121,99.121,5.50736e-06,1239
2025-11-11 18:51:16.459066,99.121,99.1211,1.15137e-05,1082
2025-11-11 18:51:16.467819,99.121,99.1211,1.15137e-05,1014
2025-11-11 18:51:16.477073,99.1211,99.1211,4.11868e-06,1053
2025-11-11 18:51:16.486003,99.121,99.1211,1.15137e-05,1532
2025-11-11 18:51:16.494523,99.121,99.121,7.74562e-06,2382
2025-11-11 18:51:16.502785,99.121,99.121,6.13848e-07,2563
2025-11-11 18:51:16.511970,99.121,99.121,2.12022e-06,3168
2025-11-11 18:51:16.520875,99.121,99.121,5.37579e-06,2904
2025-11-11 18:51:16.529388,99.121,99.121,2.12022e-06,3384
2025-11-11 18:51:16.537853,99.121,99.121,6.13848e-07,2937
2025-11-11 18:51:16.546205,99.121,99.121,7.74562e-06,3261
2025-11-11 18:51:16.554419,99.121,99.121,7.74562e-06,3012
2025-11-11 18:51:16.563901,99.121,99.121,7.74562e-06,2875
2025-11-11 18:51:16.572314,99.121,99.121,7.74562e-06,2737
2025-11-11 18:51:16.580891,99.121,99.121,7.74562e-06,2684
2025-11-11 18:51:16.588887,99.121,99.121,7.74562e-06,2651
2025-11-11 18:51:16.598531,99.121,99.121,6.13848e-07,2529
2025-11-11 18:51:16.607168,99.121,99.121,2.12022e-06,3270
2025-11-11 18:51:16.615579,99.121,99.121,6.13848e-07,2277
2025-11-11 18:51:16.624117,99.121,99.121,2.12022e-06,3117
2025-11-11 18:51:16.633454,99.121,99.121,6.13848e-07,2304
2025-11-11 18:51:16.641927,99.121,99.121,2.12022e-06,3145
2025-11-11 18:51:16.650359,99.121,99.121,5.37579e-06,2554
2025-11-11 18:51:16.659331,99.121,99.121,2.12022e-06,3377
2025-11-11 18:51:16.668523,99.121,99.121,2.12022e-06,3112
2025-11-11 18:51:16.677043,99.121,99.121,6.13848e-07,2607
2025-11-11 18:51:16.685133,99.121,99.121,7.74562e-06,2610
2025-11-11 18:51:16.693673,99.121,99.121,7.74562e-06,2555
2025-11-11 18:51:16.702575,99.121,99.121,6.13848e-07,2898
2025-11-11 18:51:16.711237,99.121,99.121,6.13848e-07,2676
2025-11-11 18:51:16.719481,99.121,99.121,6.13848e-07,2374
2025-11-11 18:51:16.728762,99.121,99.121,2.12022e-06,3235
2025-11-11 18:51:16.737216,99.121,99.121,2.12022e-06,3141
2025-11-11 18:51:16.745726,99.121,99.121,2.12022e-06,3037
2025-11-11 18:51:16.754051,99.121,99.121,5.37579e-06,2796
2025-11-11 18:51:16.763685,99.121,99.121,5.37579e-06,2573
2025-11-11 18:51:16.772179,99.121,99.121,2.12022e-06,2986
2025-11-11 18:51:16.780789,99.121,99.121,6.13848e-07,2742
2025-11-11 18:51:16.789085,99.121,99.121,7.74562e-06,2695
2025-11-11 18:51:16.798429,99.121,99.121,6.13848e-07,2638
2025-11-11 18:51:16.807000,99.121,99.121,6.13848e-07,2501
2025-11-11 18:51:16.815252,99.121,99.121,7.74562e-06,2412
2025-11-11 18:51:16.824160,99.121,99.121,6.13848e-07,3172
2025-11-11 18:51:16.833303,99.121,99.121,6.13848e-07,3140
2025-11-11 18:51:16.841962,99.121,99.121,6.13848e-07,3056
2025-11-11 18:51:16.850315,99.121,99.121,6.13848e-07,2620
2025-11-11 18:51:16.859428,99.121,99.121,6.13848e-07,2591
2025-11-11 18:51:16.868760,99.121,99.121,6.13848e-07,2561
2025-11-11 18:51:16.877549,99.121,99.121,7.74562e-06,2816
2025-11-11 18:51:16.885796,99.121,99.121,7.74562e-06,2301
2025-11-11 18:51:16.893929,99.121,99.121,6.13848e-07,2400
2025-11-11 18:51:16.902022,99.121,99.121,7.74562e-06,2426
2025-11-11 18:51:16.910535,99.121,99.121,7.74562e-06,2284
2025-11-11 18:51:16.919418,99.121,99.121,7.74562e-06,2202
2025-11-11 18:51:16.927850,99.121,99.121,7.74562e-06,2156
2025-11-11 18:51:16.936214,99.121,99.121,6.13848e-07,2218
2025-11-11 18:51:16.945147,99.121,99.121,7.74562e-06,2132
2025-11-11 18:51:16.953693,99.121,99.121,7.74562e-06,2100
2025-11-11 18:51:16.962289,99.121,99.121,6.13848e-07,2267
2025-11-11 18:51:16.970587,99.121,99.121,6.13848e-07,2219
2025-11-11 18:51:16.979996,99.121,99.121,7.74562e-06,2000
2025-11-11 18:51:16.988421,99.121,99.1211,1.15137e-05,2266
2025-11-11 18:51:16.997009,99.121,99.1211,1.15137e-05,2185
2025-11-11 18:51:17.005427,99.121,99.1211,1.15137e-05,1861
2025-11-11 18:51:17.015007,99.121,99.1211,1.15137e-05,1425
2025-11-11 18:51:17.023396,99.121,99.121,7.74562e-06,1513
2025-11-11 18:51:17.031874,99.121,99.121,6.13848e-07,2060
2025-11-11 18:51:17.040565,99.121,99.121,7.74562e-06,1542
2025-11-11 18:51:17.049650,99.121,99.121,6.13848e-07,2050
2025-11-11 18:51:17.058279,99.121,99.121,6.13848e-07,2030
2025-11-11 18:51:17.066768,99.121,99.121,2.12022e-06,2703
2025-11-11 18:51:17.075644,99.121,99.121,2.12022e-06,2688
2025-11-11 18:51:17.084561,99.121,99.121,2.12022e-06,2520
2025-11-11 18:51:17.092985,99.121,99.121,5.37579e-06,2208
2025-11-11 18:51:17.101595,99.121,99.121,9.21478e-07,2015
2025-11-11 18:51:17.111136,99.121,99.121,5.37579e-06,2219
2025-11-11 18:51:17.120718,99.121,99.121,5.37579e-06,1982
2025-11-11 18:51:17.129598,99.121,99.121,2.12022e-06,2358
2025-11-11 18:51:17.138282,99.121,99.121,5.37579e-06,2090
2025-11-11 18:51:17.147707,99.121,99.121,2.12022e-06,2729
2025-11-11 18:51:17.156274,99.121,99.121,6.13848e-07,2182
2025-11-11 18:51:17.164808,99.121,99.121,2.12022e-06,2748
2025-11-11 18:51:17.173408,99.121,99.121,2.12022e-06,2745
2025-11-11 18:51:17.182989,99.121,99.121,6.13848e-07,2630
2025-11-11 18:51:17.191611,99.121,99.121,6.13848e-07,2351
2025-11-11 18:51:17.200148,99.121,99.121,6.13848e-07,2043
2025-11-11 18:51:17.208962,99.121,99.121,2.12022e-06,2898
2025-11-11 18:51:17.217808,99.121,99.121,2.12022e-06,2779
2025-11-11 18:51:17.226294,99.121,99.121,6.13848e-07,2212
2025-11-11 18:51:17.234717,99.121,99.121,6.13848e-07,2184
2025-11-11 18:51:17.242966,99.121,99.121,2.12022e-06,3025
2025-11-11 18:51:17.251134,99.121,99.121,2.12022e-06,2854
2025-11-11 18:51:17.259612,99.121,99.121,2.12022e-06,2829
2025-11-11 18:51:17.268718,99.121,99.121,5.37579e-06,2085
2025-11-11 18:51:17.277753,99.121,99.121,9.21478e-07,2592
2025-11-11 18:51:17.286091,99.121,99.121,2.29429e-06,2222
2025-11-11 18:51:17.295553,99.121,99.121,1.55429e-06,1843
2025-11-11 18:51:17.303900,99.121,99.121,1.55429e-06,1758
2025-11-11 18:51:17.312644,99.121,99.121,2.29429e-06,2121
2025-11-11 18:51:17.320945,99.121,99.121,9.21478e-07,2470
2025-11-11 18:51:17.329863,99.121,99.121,9.21478e-07,2377
2025-11-11 18:51:17.338273,99.121,99.121,2.29429e-06,2360
2025-11-11 18:51:17.346985,99.121,99.121,9.21478e-07,2335
2025-11-11 18:51:17.355780,99.121,99.121,9.21478e-07,2293
2025-11-11 18:51:17.365333,99.121,99.121,2.29429e-06,2170
2025-11-11 18:51:17.373946,99.121,99.121,1.55429e-06,1804
2025-11-11 18:51:17.382683,99.121,99.121,2.29429e-06,2742
2025-11-11 18:51:17.391442,99.121,99.121,9.21478e-07,3028
2025-11-11 18:51:17.400137,99.121,99.121,9.21478e-07,2821
2025-11-11 18:51:17.408547,99.121,99.121,9.21478e-07,2359
2025-11-11 18:51:17.417060,99.121,99.121,2.29429e-06,2483
2025-11-11 18:51:17.425881,99.121,99.121,2.29429e-06,2296
2025-11-11 18:51:17.434633,99.121,99.121,2.29429e-06,2004
2025-11-11 18:51:17.443139,99.121,99.121,2.29429e-06,1981
2025-11-11 18:51:17.451596,99.121,99.121,1.55429e-06,1980
2025-11-11 18:51:17.460158,99.121,99.121,1.55429e-06,1727
2025-11-11 18:51:17.469334,99.121,99.121,8.04474e-07,993
2025-11-11 18:51:17.478100,99.121,99.121,1.55429e-06,1469
2025-11-11 18:51:17.486973,99.121,99.121,2.29429e-06,1628
2025-11-11 18:51:17.496399,99.121,99.121,2.29429e-06,1418
2025-11-11 18:51:17.504815,99.121,99.121,1.55429e-06,1417
2025-11-11 18:51:17.513254,99.121,99.121,1.55429e-06,1047
2025-11-11 18:51:17.521682,99.121,99.121,2.29429e-06,1665
2025-11-11 18:51:17.531747,99.121,99.121,9.21478e-07,1774
2025-11-11 18:51:17.540329,99.121,99.121,2.29429e-06,2456
2025-11-11 18:51:17.548912,99.121,99.121,2.29429e-06,2284
2025-11-11 18:51:17.557943,99.121,99.121,2.29429e-06,2204
2025-11-11 18:51:17.566790,99.121,99.121,2.29429e-06,1982
2025-11-11 18:51:17.575254,99.121,99.121,2.29429e-06,1963
2025-11-11 18:51:17.583644,99.121,99.121,1.55429e-06,1294
2025-11-11 18:51:17.592425,99.121,99.121,8.04474e-07,833
2025-11-11 18:51:17.600809,99.121,99.121,1.55429e-06,1363
2025-11-11 18:51:17.609666,99.121,99.121,2.29429e-06,2234
2025-11-11 18:51:17.618674,99.121,99.121,2.29429e-06,2097
2025-11-11 18:51:17.627231,99.121,99.121,2.29429e-06,2082
2025-11-11 18:51:17.635636,99.121,99.121,2.29429e-06,2023
2025-11-11 18:51:17.645107,99.121,99.121,2.29429e-06,1911
2025-11-11 18:51:17.653809,99.121,99.121,9.21478e-07,1837
2025-11-11 18:51:17.662345,99.121,99.121,2.29429e-06,1876
2025-11-11 18:51:17.670673,99.121,99.121,2.29429e-06,1752
2025-11-11 18:51:17.679585,99.121,99.121,9.21478e-07,1952
2025-11-11 18:51:17.688061,99.121,99.121,9.21478e-07,1943
2025-11-11 18:51:17.697000,99.121,99.121,9.21478e-07,1873
2025-11-11 18:51:17.705300,99.121,99.121,5.37579e-06,2085
2025-11-11 18:51:17.714659,99.121,99.121,9.21478e-07,2454
2025-11-11 18:51:17.722977,99.121,99.121,9.21478e-07,2424
2025-11-11 18:51:17.731311,99.121,99.121,9.21478e-07,2256
2025-11-11 18:51:17.739531,99.121,99.121,9.21478e-07,1905
2025-11-11 18:51:17.749172,99.121,99.121,5.37579e-06,1954
2025-11-11 18:51:17.757779,99.121,99.121,9.21478e-07,1999
2025-11-11 18:51:17.766627,99.121,99.121,2.29429e-06,2146
2025-11-11 18:51:17.775409,99.121,99.121,2.29429e-06,2082
2025-11-11 18:51:17.784551,99.121,99.121,1.55429e-06,1417
2025-11-11 18:51:17.793607,99.121,99.121,2.29429e-06,1890
2025-11-11 18:51:17.801989,99.121,99.121,1.55429e-06,1544
2025-11-11 18:51:17.811088,99.121,99.121,1.55429e-06,1314
2025-11-11 18:51:17.820035,99.121,99.121,2.29429e-06,1619
2025-11-11 18:51:17.828720,99.121,99.121,2.29429e-06,1530
2025-11-11 18:51:17.836947,99.121,99.121,1.55429e-06,1175
2025-11-11 18:51:17.846246,99.121,99.121,1.55429e-06,930
2025-11-11 18:51:17.854996,99.121,99.121,1.55429e-06,921
2025-11-11 18:51:17.863584,99.121,99.121,2.29429e-06,1263
2025-11-11 18:51:17.871774,99.121,99.121,1.55429e-06,1000
2025-11-11 18:51:17.881243,99.121,99.121,1.55429e-06,980
2025-11-11 18:51:17.889751,99.121,99.121,1.55429e-06,910
2025-11-11 18:51:17.898412,99.121,99.121,2.29429e-06,1245
2025-11-11 18:51:17.907187,99.121,99.121,9.21478e-07,1217
2025-11-11 18:51:17.916477,99.121,99.121,5.37579e-06,1370
2025-11-11 18:51:17.925381,99.121,99.121,2.12022e-06,1820
2025-11-11 18:51:17.933892,99.121,99.121,2.12022e-06,1656
2025-11-11 18:51:17.942151,99.121,99.121,6.13848e-07,2298
2025-11-11 18:51:17.950492,99.121,99.121,2.12022e-06,1792
2025-11-11 18:51:17.959324,99.121,99.121,2.12022e-06,1665
2025-11-11 18:51:17.968403,99.121,99.121,2.12022e-06,1594
2025-11-11 18:51:17.977209,99.121,99.121,6.13848e-07,1861
2025-11-11 18:51:17.985380,99.121,99.121,6.13848e-07,1809
2025-11-11 18:51:17.994111,99.121,99.121,6.13848e-07,1689
2025-11-11 18:51:18.003123,99.121,99.121,6.13848e-07,1665
2025-11-11 18:51:18.012037,99.121,99.121,1.19274e-06,1678
2025-11-11 18:51:18.020407,99.121,99.121,6.13848e-07,1441
2025-11-11 18:51:18.029441,99.121,99.121,2.12022e-06,1045
2025-11-11 18:51:18.038051,99.121,99.121,2.12022e-06,755
2025-11-11 18:51:18.046912,99.121,99.121,5.37579e-06,876
2025-11-11 18:51:18.054941,99.121,99.121,9.21478e-07,1097
2025-11-11 18:51:18.064495,99.121,99.121,9.21478e-07,746
2025-11-11 18:51:18.073221,99.121,99.121,2.29429e-06,778
2025-11-11 18:51:18.081816,99.121,99.121,1.55429e-06,977
2025-11-11 18:51:18.090492,99.121,99.121,1.55429e-06,783
2025-11-11 18:51:18.099627,99.121,99.121,8.04474e-07,1238
2025-11-11 18:51:18.108515,99.121,99.121,1.99644e-06,1609
2025-11-11 18:51:18.117925,99.121,99.121,1.99644e-06,1561
2025-11-11 18:51:18.126911,99.121,99.121,8.04474e-07,1233
2025-11-11 18:51:18.136011,99.121,99.121,8.04474e-07,891
2025-11-11 18:51:18.144629,99.121,99.121,1.99644e-06,1635
2025-11-11 18:51:18.153238,99.121,99.121,2.29875e-06,1564
2025-11-11 18:51:18.163670,99.121,99.121,5.62316e-06,2204
2025-11-11 18:51:18.172619,99.121,99.121,1.38357e-06,2171
2025-11-11 18:51:18.181260,99.121,99.121,5.62316e-06,2386
2025-11-11 18:51:18.189971,99.121,99.121,5.62316e-06,2374
2025-11-11 18:51:18.198973,99.121,99.121,1.38357e-06,2402
2025-11-11 18:51:18.207710,99.121,99.121,1.38357e-06,2103
2025-11-11 18:51:18.216443,99.121,99.121,5.62316e-06,2258
2025-11-11 18:51:18.225221,99.121,99.121,5.62316e-06,2196
2025-11-11 18:51:18.234001,99.121,99.121,2.29875e-06,1636
2025-11-11 18:51:18.242433,99.121,99.121,5.62316e-06,1934
2025-11-11 18:51:18.250948,99.121,99.121,1.38357e-06,1905
2025-11-11 18:51:18.259716,99.121,99.121,1.38357e-06,1871
2025-11-11 18:51:18.269055,99.121,99.121,4.84544e-06,2098
2025-11-11 18:51:18.277725,99.121,99.121,1.38357e-06,1953
2025-11-11 18:51:18.286139,99.121,99.121,4.84544e-06,2345
2025-11-11 18:51:18.294725,99.121,99.121,9.70854e-07,1856
2025-11-11 18:51:18.302888,99.121,99.121,9.70854e-07,1638
2025-11-11 18:51:18.312462,99.121,99.121,1.30154e-06,1775
2025-11-11 18:51:18.321086,99.121,99.121,1.30154e-06,1533
2025-11-11 18:51:18.329980,99.121,99.121,1.30154e-06,1338
2025-11-11 18:51:18.338485,99.121,99.121,1.30154e-06,1279
2025-11-11 18:51:18.347548,99.121,99.121,1.98554e-06,1336
2025-11-11 18:51:18.356182,99.121,99.121,1.30154e-06,1160
2025-11-11 18:51:18.364672,99.121,99.121,1.30154e-06,1159
2025-11-11 18:51:18.373812,99.121,99.121,1.30154e-06,1096
2025-11-11 18:51:18.383007,99.121,99.121,1.30154e-06,1051
2025-11-11 18:51:18.391696,99.121,99.121,1.98554e-06,1577
2025-11-11 18:51:18.400431,99.121,99.121,5.35793e-06,2181
2025-11-11 18:51:18.409275,99.121,99.121,5.35793e-06,1871
2025-11-11 18:51:18.418709,99.121,99.121,5.35793e-06,1806
2025-11-11 18:51:18.427630,99.121,99.121,1.43555e-06,1622
2025-11-11 18:51:18.435966,99.121,99.121,3.66207e-06,1653
2025-11-11 18:51:18.445085,99.121,99.121,1.84979e-06,1875
2025-11-11 18:51:18.453876,99.121,99.121,3.66207e-06,2025
2025-11-11 18:51:18.462708,99.121,99.121,3.66207e-06,1981
2025-11-11 18:51:18.471414,99.121,99.121,1.84979e-06,1994
2025-11-11 18:51:18.480618,99.121,99.121,1.84979e-06,1883
2025-11-11 18:51:18.489156,99.121,99.121,1.84979e-06,1815
2025-11-11 18:51:18.498075,99.121,99.121,6.02564e-07,1807
2025-11-11 18:51:18.506650,99.121,99.121,3.51247e-06,2304
2025-11-11 18:51:18.515976,99.121,99.121,7.15232e-07,2061
2025-11-11 18:51:18.524741,99.121,99.121,4.26213e-07,2091
2025-11-11 18:51:18.534160,99.121,99.121,1.91462e-06,2129
2025-11-11 18:51:18.542749,99.121,99.121,1.91462e-06,1985
2025-11-11 18:51:18.551909,99.121,99.121,2.51695e-06,2054
2025-11-11 18:51:18.560759,99.121,99.121,2.60315e-06,1918
2025-11-11 18:51:18.569249,99.121,99.121,5.54941e-07,2301
2025-11-11 18:51:18.578381,99.121,99.121,5.54941e-07,2131
2025-11-11 18:51:18.587171,99.121,99.121,2.60315e-06,2050
2025-11-11 18:51:18.595882,99.121,99.121,2.60315e-06,1681
2025-11-11 18:51:18.604315,99.121,99.121,2.51695e-06,2324
2025-11-11 18:51:18.613778,99.121,99.121,2.51695e-06,2292
2025-11-11 18:51:18.622942,99.121,99.121,2.51695e-06,2120
2025-11-11 18:51:18.631896,99.121,99.121,2.51695e-06,1898
2025-11-11 18:51:18.640572,99.121,99.121,2.60315e-06,1507
2025-11-11 18:51:18.649122,99.121,99.121,2.60315e-06,1210
2025-11-11 18:51:18.658134,99.121,99.121,2.51695e-06,2069
2025-11-11 18:51:18.667220,99.121,99.121,2.51695e-06,1952
2025-11-11 18:51:18.675898,99.121,99.121,2.51695e-06,1945
2025-11-11 18:51:18.684331,99.121,99.121,2.51695e-06,1894
2025-11-11 18:51:18.693266,99.121,99.121,1.91462e-06,2231
2025-11-11 18:51:18.702231,99.121,99.121,4.26213e-07,2531
2025-11-11 18:51:18.710833,99.121,99.121,4.26213e-07,2283
2025-11-11 18:51:18.719545,99.121,99.121,1.91462e-06,2143
2025-11-11 18:51:18.728969,99.121,99.121,1.91462e-06,1982
2025-11-11 18:51:18.737659,99.121,99.121,2.51695e-06,1558
2025-11-11 18:51:18.746436,99.121,99.121,4.43157e-06,1935
2025-11-11 18:51:18.754942,99.121,99.121,2.60315e-06,1819
2025-11-11 18:51:18.764116,99.121,99.121,2.60315e-06,1516
2025-11-11 18:51:18.772882,99.121,99.121,2.60315e-06,1476
2025-11-11 18:51:18.781696,99.121,99.121,2.60315e-06,1437
2025-11-11 18:51:18.790332,99.121,99.121,5.54941e-07,1068
2025-11-11 18:51:18.799558,99.121,99.121,1.42063e-06,1685
2025-11-11 18:51:18.808645,99.121,99.121,3.77427e-07,1913
2025-11-11 18:51:18.817390,99.121,99.121,1.42063e-06,1669
2025-11-11 18:51:18.826488,99.121,99.121,1.42063e-06,1506
2025-11-11 18:51:18.835670,99.121,99.121,1.42063e-06,1297
2025-11-11 18:51:18.844509,99.121,99.121,5.54941e-07,1036
2025-11-11 18:51:18.853177,99.121,99.121,1.42063e-06,1626
2025-11-11 18:51:18.862270,99.121,99.121,1.42063e-06,1474
2025-11-11 18:51:18.871178,99.121,99.121,1.42063e-06,1258
2025-11-11 18:51:18.880205,99.121,99.121,5.54941e-07,1613
2025-11-11 18:51:18.888572,99.121,99.121,5.54941e-07,1332
2025-11-11 18:51:18.898215,99.121,99.121,5.54941e-07,1219
2025-11-11 18:51:18.906652,99.121,99.121,5.54941e-07,1095
2025-11-11 18:51:18.915338,99.121,99.121,2.60315e-06,1497
2025-11-11 18:51:18.924172,99.121,99.121,4.43157e-06,2026
2025-11-11 18:51:18.933551,99.121,99.121,4.26213e-07,2239
2025-11-11 18:51:18.942238,99.121,99.121,7.15232e-07,2227
2025-11-11 18:51:18.950834,99.121,99.121,4.26213e-07,2423
2025-11-11 18:51:18.959775,99.121,99.121,4.43157e-06,2440
2025-11-11 18:51:18.968957,99.121,99.121,4.43157e-06,2406
2025-11-11 18:51:18.977851,99.121,99.121,4.43157e-06,2349
2025-11-11 18:51:18.986180,99.121,99.121,2.60315e-06,1783
2025-11-11 18:51:18.994450,99.121,99.121,5.54941e-07,1335
2025-11-11 18:51:19.002837,99.121,99.121,5.54941e-07,1303
2025-11-11 18:51:19.012200,99.121,99.121,5.54941e-07,1235
2025-11-11 18:51:19.020899,99.121,99.121,2.60315e-06,2371
2025-11-11 18:51:19.029852,99.121,99.121,4.43157e-06,2955
2025-11-11 18:51:19.038518,99.121,99.121,2.60315e-06,2658
2025-11-11 18:51:19.048059,99.121,99.121,2.60315e-06,2476
2025-11-11 18:51:19.056815,99.121,99.121,2.60315e-06,2316
2025-11-11 18:51:19.065187,99.121,99.121,2.60315e-06,2270
2025-11-11 18:51:19.074111,99.121,99.121,2.60315e-06,2107
2025-11-11 18:51:19.083376,99.121,99.121,2.60315e-06,2029
2025-11-11 18:51:19.092040,99.121,99.121,4.43157e-06,2844
2025-11-11 18:51:19.100582,99.121,99.121,4.43157e-06,2664
2025-11-11 18:51:19.109724,99.121,99.121,2.60315e-06,2427
2025-11-11 18:51:19.119783,99.121,99.121,2.60315e-06,2423
2025-11-11 18:51:19.128734,99.121,99.121,2.60315e-06,2122
2025-11-11 18:51:19.137416,99.121,99.121,4.43157e-06,2722
2025-11-11 18:51:19.146904,99.121,99.121,2.60315e-06,2099
2025-11-11 18:51:19.155521,99.121,99.121,4.43157e-06,2520
2025-11-11 18:51:19.164232,99.121,99.121,4.26213e-07,2682
2025-11-11 18:51:19.172695,99.121,99.121,4.43157e-06,2370
2025-11-11 18:51:19.182476,99.121,99.121,4.43157e-06,2365
2025-11-11 18:51:19.191246,99.121,99.121,4.26213e-07,2903
2025-11-11 18:51:19.199855,99.121,99.121,4.26213e-07,2502
2025-11-11 18:51:19.209122,99.121,99.121,4.43157e-06,2445
2025-11-11 18:51:19.218140,99.121,99.121,2.60315e-06,2044
2025-11-11 18:51:19.227366,99.121,99.121,5.54941e-07,1625
2025-11-11 18:51:19.236010,99.121,99.121,1.42063e-06,1862
2025-11-11 18:51:19.245010,99.121,99.121,3.77427e-07,1894
2025-11-11 18:51:19.253673,99.121,99.121,8.9787e-07,1880
2025-11-11 18:51:19.262174,99.121,99.121,3.77427e-07,1911
2025-11-11 18:51:19.270642,99.121,99.121,3.77427e-07,1895
2025-11-11 18:51:19.279964,99.121,99.121,1.42063e-06,1925
2025-11-11 18:51:19.288539,99.121,99.121,5.54941e-07,1680
2025-11-11 18:51:19.297438,99.121,99.121,5.54941e-07,1282
2025-11-11 18:51:19.305774,99.121,99.121,2.60315e-06,2101
2025-11-11 18:51:19.315672,99.121,99.121,4.43157e-06,2467
2025-11-11 18:51:19.324491,99.121,99.121,4.43157e-06,2395
2025-11-11 18:51:19.333343,99.121,99.121,4.26213e-07,2625
2025-11-11 18:51:19.341975,99.121,99.121,4.26213e-07,2258
2025-11-11 18:51:19.350242,99.121,99.121,4.43157e-06,2028
2025-11-11 18:51:19.359333,99.121,99.121,4.26213e-07,2088
2025-11-11 18:51:19.368644,99.121,99.121,4.43157e-06,2012
2025-11-11 18:51:19.377904,99.121,99.121,4.43157e-06,2011
2025-11-11 18:51:19.386461,99.121,99.121,2.60315e-06,1550
2025-11-11 18:51:19.395748,99.121,99.121,5.54941e-07,1056
2025-11-11 18:51:19.404367,99.121,99.121,5.54941e-07,986
2025-11-11 18:51:19.413369,99.121,99.121,1.42063e-06,1245
2025-11-11 18:51:19.422107,99.121,99.121,3.77427e-07,1639
2025-11-11 18:51:19.431246,99.121,99.121,1.42063e-06,1261
2025-11-11 18:51:19.439993,99.121,99.121,1.42063e-06,1240
2025-11-11 18:51:19.448715,99.121,99.121,1.42063e-06,1211
2025-11-11 18:51:19.457333,99.121,99.121,3.77427e-07,1918
2025-11-11 18:51:19.466591,99.121,99.121,8.9787e-07,1934
2025-11-11 18:51:19.475249,99.121,99.121,8.9787e-07,1932
2025-11-11 18:51:19.484355,99.121,99.121,4.8446e-07,2701
2025-11-11 18:51:19.493323,99.121,99.121,1.61538e-07,2580
2025-11-11 18:51:19.502474,99.121,99.121,4.8446e-07,2739
2025-11-11 18:51:19.511080,99.121,99.121,1.61538e-07,2249
2025-11-11 18:51:19.519308,99.121,99.121,6.9879e-06,2662
2025-11-11 18:51:19.528699,99.121,99.121,6.9879e-06,2368
2025-11-11 18:51:19.537419,99.121,99.121,3.04805e-06,1778
2025-11-11 18:51:19.546425,99.121,99.121,1.94368e-07,1831
2025-11-11 18:51:19.554822,99.121,99.121,7.4329e-06,2033
2025-11-11 18:51:19.564150,99.1209,99.121,9.02058e-06,2367
2025-11-11 18:51:19.572665,99.1209,99.1209,5.15329e-06,2381
2025-11-11 18:51:19.581354,99.1209,99.121,9.02058e-06,2628
2025-11-11 18:51:19.589698,99.1209,99.121,9.02058e-06,2408
2025-11-11 18:51:19.599432,99.1209,99.1209,5.15329e-06,1919
2025-11-11 18:51:19.608062,99.1209,99.121,9.02058e-06,2557
2025-11-11 18:51:19.616679,99.1209,99.121,9.02058e-06,2368
2025-11-11 18:51:19.625933,99.121,99.121,7.4329e-06,2323
2025-11-11 18:51:19.634971,99.121,99.121,7.4329e-06,2031
2025-11-11 18:51:19.644292,99.121,99.121,7.4329e-06,1571
2025-11-11 18:51:19.652745,99.1209,99.121,9.02058e-06,1460
2025-11-11 18:51:19.661364,99.1209,99.121,9.02058e-06,1289
2025-11-11 18:51:19.669567,99.121,99.121,7.4329e-06,1596
2025-11-11 18:51:19.678978,99.121,99.121,7.4329e-06,1515
2025-11-11 18:51:19.687515,99.121,99.121,1.94368e-07,2055
2025-11-11 18:51:19.696362,99.121,99.121,7.4329e-06,1401
2025-11-11 18:51:19.704637,99.121,99.121,1.94368e-07,2961
2025-11-11 18:51:19.714333,99.121,99.121,3.04805e-06,3499
2025-11-11 18:51:19.723253,99.121,99.121,1.94368e-07,3001
2025-11-11 18:51:19.731982,99.121,99.121,1.94368e-07,2787
2025-11-11 18:51:19.740454,99.121,99.121,1.94368e-07,2491
2025-11-11 18:51:19.750176,99.121,99.121,7.4329e-06,1445
2025-11-11 18:51:19.758930,99.1209,99.121,9.02058e-06,1706
2025-11-11 18:51:19.767664,99.1209,99.121,9.02058e-06,1621
2025-11-11 18:51:19.776788,99.1209,99.1209,5.15329e-06,1150
2025-11-11 18:51:19.785942,99.1209,99.121,9.02058e-06,1878
2025-11-11 18:51:19.794649,99.1209,99.121,9.02058e-06,1727
2025-11-11 18:51:19.803123,99.1209,99.1209,5.15329e-06,950
2025-11-11 18:51:19.812654,99.1209,99.1209,7.47126e-07,1160
2025-11-11 18:51:19.821245,99.1209,99.1209,9.36617e-06,1380
2025-11-11 18:51:19.830111,99.1209,99.1209,7.47126e-07,1121
2025-11-11 18:51:19.838356,99.1209,99.1209,9.36617e-06,1245
2025-11-11 18:51:19.847958,99.1209,99.1209,7.47126e-07,1531
2025-11-11 18:51:19.856947,99.1209,99.1209,5.15329e-06,1746
2025-11-11 18:51:19.865800,99.1209,99.121,9.02058e-06,2455
2025-11-11 18:51:19.874861,99.121,99.121,7.4329e-06,2304
2025-11-11 18:51:19.883637,99.121,99.121,1.94368e-07,2954
2025-11-11 18:51:19.892318,99.121,99.121,1.94368e-07,2821
2025-11-11 18:51:19.900935,99.121,99.121,7.4329e-06,2696
2025-11-11 18:51:19.910163,99.1209,99.121,9.02058e-06,2609
2025-11-11 18:51:19.919367,99.1209,99.121,9.02058e-06,2578
2025-11-11 18:51:19.928487,99.1209,99.121,9.02058e-06,2399
2025-11-11 18:51:19.937094,99.121,99.121,7.4329e-06,2688
2025-11-11 18:51:19.946627,99.121,99.121,7.4329e-06,2619
2025-11-11 18:51:19.955259,99.121,99.121,7.4329e-06,2585
2025-11-11 18:51:19.964076,99.121,99.121,7.4329e-06,2365
2025-11-11 18:51:19.972630,99.121,99.121,7.4329e-06,2227
2025-11-11 18:51:19.982136,99.121,99.121,7.4329e-06,2155
2025-11-11 18:51:19.990808,99.1209,99.121,9.02058e-06,2105
2025-11-11 18:51:19.999392,99.121,99.121,7.4329e-06,2374
2025-11-11 18:51:20.008466,99.1209,99.121,9.02058e-06,2088
2025-11-11 18:51:20.017589,99.1209,99.1209,5.15329e-06,1575
2025-11-11 18:51:20.027105,99.1209,99.121,9.02058e-06,2591
2025-11-11 18:51:20.035654,99.1209,99.121,9.02058e-06,2556
2025-11-11 18:51:20.044142,99.121,99.121,7.4329e-06,3278
2025-11-11 18:51:20.052852,99.121,99.121,7.4329e-06,2882
2025-11-11 18:51:20.062958,99.121,99.121,1.94368e-07,3447
2025-11-11 18:51:20.071821,99.121,99.121,3.04805e-06,3220
2025-11-11 18:51:20.080504,99.121,99.121,3.04805e-06,3203
2025-11-11 18:51:20.089050,99.121,99.121,1.94368e-07,3391
2025-11-11 18:51:20.098784,99.121,99.121,3.04805e-06,3350
2025-11-11 18:51:20.107391,99.121,99.121,3.04805e-06,3050
2025-11-11 18:51:20.117155,99.121,99.121,1.94368e-07,3569
2025-11-11 18:51:20.125929,99.121,99.121,3.04805e-06,3071
2025-11-11 18:51:20.134872,99.121,99.121,6.9879e-06,2895
2025-11-11 18:51:20.143521,99.121,99.121,6.9879e-06,2603
2025-11-11 18:51:20.152071,99.121,99.121,6.9879e-06,2318
2025-11-11 18:51:20.161198,99.121,99.121,3.04805e-06,2964
2025-11-11 18:51:20.170189,99.121,99.121,1.94368e-07,3858
2025-11-11 18:51:20.178959,99.121,99.121,1.94368e-07,3382
2025-11-11 18:51:20.187449,99.121,99.121,1.94368e-07,3286
2025-11-11 18:51:20.196810,99.121,99.121,3.04805e-06,2967
2025-11-11 18:51:20.205443,99.121,99.121,3.04805e-06,2928
2025-11-11 18:51:20.214159,99.121,99.121,1.94368e-07,3747
2025-11-11 18:51:20.223190,99.121,99.121,7.4329e-06,3177
2025-11-11 18:51:20.232839,99.121,99.121,7.4329e-06,3176
2025-11-11 18:51:20.241392,99.121,99.121,1.94368e-07,3821
2025-11-11 18:51:20.250059,99.121,99.121,1.94368e-07,3452
2025-11-11 18:51:20.259184,99.121,99.121,1.94368e-07,3335
2025-11-11 18:51:20.268276,99.121,99.121,1.94368e-07,3268
2025-11-11 18:51:20.277318,99.121,99.121,1.94368e-07,3157
2025-11-11 18:51:20.285749,99.121,99.121,7.4329e-06,2890
2025-11-11 18:51:20.295074,99.121,99.121,1.94368e-07,3541
2025-11-11 18:51:20.303928,99.121,99.121,3.04805e-06,3456
2025-11-11 18:51:20.312730,99.121,99.121,3.04805e-06,2988
2025-11-11 18:51:20.321722,99.121,99.121,6.9879e-06,3171
2025-11-11 18:51:20.330765,99.121,99.121,6.9879e-06,3151
2025-11-11 18:51:20.339359,99.121,99.121,6.9879e-06,2980
2025-11-11 18:51:20.348182,99.121,99.121,1.61538e-07,3162
2025-11-11 18:51:20.356777,99.121,99.121,1.61538e-07,2791
2025-11-11 18:51:20.366613,99.121,99.121,1.61538e-07,2744
2025-11-11 18:51:20.375551,99.121,99.121,6.9879e-06,3112
2025-11-11 18:51:20.384216,99.121,99.121,3.04805e-06,3154
2025-11-11 18:51:20.392796,99.121,99.121,1.94368e-07,3253
2025-11-11 18:51:20.401112,99.121,99.121,1.94368e-07,2967
2025-11-11 18:51:20.409959,99.121,99.121,7.4329e-06,2461
2025-11-11 18:51:20.419238,99.121,99.121,1.94368e-07,3271
2025-11-11 18:51:20.428643,99.121,99.121,3.04805e-06,3290
2025-11-11 18:51:20.437263,99.121,99.121,3.04805e-06,3198
2025-11-11 18:51:20.446852,99.121,99.121,3.04805e-06,2924
2025-11-11 18:51:20.455418,99.121,99.121,3.04805e-06,2891
2025-11-11 18:51:20.464686,99.121,99.121,3.04805e-06,2820
2025-11-11 18:51:20.473454,99.121,99.121,1.94368e-07,3418
2025-11-11 18:51:20.482783,99.121,99.121,1.94368e-07,3237
2025-11-11 18:51:20.491492,99.121,99.121,1.94368e-07,3189
2025-11-11 18:51:20.500202,99.121,99.121,7.4329e-06,2563
2025-11-11 18:51:20.509107,99.121,99.121,7.4329e-06,2407
2025-11-11 18:51:20.518229,99.121,99.121,7.4329e-06,2292
2025-11-11 18:51:20.527224,99.1209,99.121,1.64535e-05,2220
2025-11-11 18:51:20.535712,99.1209,99.121,1.64535e-05,2141
2025-11-11 18:51:20.545296,99.121,99.121,1.94368e-07,3058
2025-11-11 18:51:20.554030,99.121,99.121,1.94368e-07,2775
2025-11-11 18:51:20.562756,99.121,99.121,1.94368e-07,2762
2025-11-11 18:51:20.571909,99.121,99.121,1.94368e-07,2714
2025-11-11 18:51:20.581596,99.121,99.121,1.94368e-07,2707
2025-11-11 18:51:20.590403,99.121,99.121,3.04805e-06,2656
2025-11-11 18:51:20.598995,99.121,99.121,3.04805e-06,2527
2025-11-11 18:51:20.608184,99.121,99.121,6.9879e-06,2504
2025-11-11 18:51:20.617478,99.121,99.121,6.9879e-06,2429
2025-11-11 18:51:20.626707,99.121,99.121,6.9879e-06,2428
2025-11-11 18:51:20.635247,99.121,99.121,6.9879e-06,2283
2025-11-11 18:51:20.644388,99.121,99.121,1.61538e-07,2064
2025-11-11 18:51:20.653480,99.121,99.121,6.9879e-06,2484
2025-11-11 18:51:20.662126,99.121,99.121,6.9879e-06,2312
2025-11-11 18:51:20.671116,99.121,99.121,1.61538e-07,2522
2025-11-11 18:51:20.680472,99.121,99.121,1.61538e-07,2208
2025-11-11 18:51:20.689174,99.121,99.121,1.61538e-07,1981
2025-11-11 18:51:20.698354,99.121,99.121,6.9879e-06,2273
2025-11-11 18:51:20.707331,99.121,99.121,3.04805e-06,2614
2025-11-11 18:51:20.717267,99.121,99.121,3.04805e-06,2552
2025-11-11 18:51:20.725994,99.121,99.121,6.9879e-06,2287
2025-11-11 18:51:20.734806,99.121,99.121,3.04805e-06,2507
2025-11-11 18:51:20.743693,99.121,99.121,1.94368e-07,2652
2025-11-11 18:51:20.752132,99.1209,99.121,1.64535e-05,2280
2025-11-11 18:51:20.761507,99.1209,99.121,1.64535e-05,2195
2025-11-11 18:51:20.770971,99.1209,99.121,1.64535e-05,1815
2025-11-11 18:51:20.779881,99.1209,99.121,1.64535e-05,1630
2025-11-11 18:51:20.788488,99.1209,99.1209,5.15329e-06,1824
2025-11-11 18:51:20.798012,99.1209,99.1209,5.15329e-06,1492
2025-11-11 18:51:20.806836,99.1209,99.121,1.64535e-05,1362
2025-11-11 18:51:20.815270,99.1209,99.121,1.64535e-05,1283
2025-11-11 18:51:20.824050,99.1209,99.1209,5.15329e-06,1533
2025-11-11 18:51:20.833542,99.1209,99.1209,5.15329e-06,1291
2025-11-11 18:51:20.842267,99.1209,99.1209,5.15329e-06,1232
2025-11-11 18:51:20.851243,99.1209,99.1209,7.47126e-07,1481
2025-11-11 18:51:20.860382,99.1209,99.1209,7.47126e-07,1404
2025-11-11 18:51:20.869758,99.1209,99.1209,5.15329e-06,1311
2025-11-11 18:51:20.878972,99.1209,99.1209,5.15329e-06,1243
2025-11-11 18:51:20.887419,99.1209,99.121,1.64535e-05,1445
2025-11-11 18:51:20.897152,99.121,99.121,1.94368e-07,2148
2025-11-11 18:51:20.905817,99.1209,99.121,1.64535e-05,1503
2025-11-11 18:51:20.914685,99.1209,99.121,1.64535e-05,1446
2025-11-11 18:51:20.923189,99.1209,99.121,1.64535e-05,1278
2025-11-11 18:51:20.932742,99.121,99.121,1.94368e-07,1979
2025-11-11 18:51:20.941804,99.121,99.121,3.04805e-06,2206
2025-11-11 18:51:20.950698,99.121,99.121,3.04805e-06,2161
2025-11-11 18:51:20.959953,99.121,99.121,1.94368e-07,1730
2025-11-11 18:51:20.969214,99.1209,99.121,1.64535e-05,985
2025-11-11 18:51:20.978399,99.121,99.121,1.94368e-07,1992
2025-11-11 18:51:20.987137,99.121,99.121,3.04805e-06,2022
2025-11-11 18:51:20.996255,99.121,99.121,6.9879e-06,2068
2025-11-11 18:51:21.004949,99.121,99.121,3.04805e-06,2478
2025-11-11 18:51:21.017548,99.121,99.121,3.04805e-06,2465
2025-11-11 18:51:21.027381,99.121,99.121,3.04805e-06,2460
2025-11-11 18:51:21.039226,99.121,99.121,3.04805e-06,2144
2025-11-11 18:51:21.048604,99.121,99.121,6.9879e-06,1773
2025-11-11 18:51:21.057689,99.121,99.121,1.61538e-07,1924
2025-11-11 18:51:21.067116,99.121,99.121,4.8446e-07,2409
2025-11-11 18:51:21.078010,99.121,99.121,4.8446e-07,2164
2025-11-11 18:51:21.090325,99.121,99.121,4.8446e-07,2081
2025-11-11 18:51:21.098776,99.121,99.121,4.8446e-07,1890
2025-11-11 18:51:21.107801,99.121,99.121,4.8446e-07,1736
2025-11-11 18:51:21.118278,99.121,99.121,4.8446e-07,1628
2025-11-11 18:51:21.130931,99.121,99.121,4.8446e-07,1615
2025-11-11 18:51:21.143437,99.121,99.121,8.9787e-07,1611
2025-11-11 18:51:21.152571,99.121,99.121,3.77427e-07,1632
2025-11-11 18:51:21.161541,99.121,99.121,1.42063e-06,1680
2025-11-11 18:51:21.170091,99.121,99.121,1.42063e-06,1664
2025-11-11 18:51:21.182596,99.121,99.121,1.42063e-06,1551
2025-11-11 18:51:21.192728,99.121,99.121,5.54941e-07,1726
2025-11-11 18:51:21.201033,99.121,99.121,5.54941e-07,1597
2025-11-11 18:51:21.210388,99.121,99.121,5.54941e-07,1515
2025-11-11 18:51:21.219776,99.121,99.121,5.54941e-07,1448
2025-11-11 18:51:21.230893,99.121,99.121,5.54941e-07,1239
2025-11-11 18:51:21.240837,99.121,99.121,2.60315e-06,1979
2025-11-11 18:51:21.250016,99.121,99.121,4.43157e-06,2107
2025-11-11 18:51:21.258908,99.121,99.121,4.26213e-07,2387
2025-11-11 18:51:21.267704,99.121,99.121,4.43157e-06,2165
2025-11-11 18:51:21.277570,99.121,99.121,4.26213e-07,2126
2025-11-11 18:51:21.288911,99.121,99.121,7.15232e-07,2473
2025-11-11 18:51:21.298025,99.121,99.121,7.15232e-07,1992
2025-11-11 18:51:21.307123,99.121,99.121,3.51247e-06,2403
2025-11-11 18:51:21.316447,99.121,99.121,3.51247e-06,2340
2025-11-11 18:51:21.325860,99.121,99.121,3.51247e-06,2311
2025-11-11 18:51:21.334590,99.121,99.121,3.51247e-06,2306
2025-11-11 18:51:21.343285,99.121,99.121,7.15232e-07,1995
2025-11-11 18:51:21.352487,99.121,99.121,4.26213e-07,2319
2025-11-11 18:51:21.361380,99.121,99.121,7.15232e-07,1806
2025-11-11 18:51:21.370101,99.121,99.121,4.26213e-07,2178
2025-11-11 18:51:21.379496,99.121,99.121,4.43157e-06,2379
2025-11-11 18:51:21.388898,99.121,99.121,2.60315e-06,2366
2025-11-11 18:51:21.397752,99.121,99.121,2.60315e-06,2190
2025-11-11 18:51:21.406583,99.121,99.121,5.54941e-07,1767
2025-11-11 18:51:21.416139,99.121,99.121,2.60315e-06,2327
2025-11-11 18:51:21.425659,99.121,99.121,4.43157e-06,2738
2025-11-11 18:51:21.434756,99.121,99.121,4.43157e-06,2465
2025-11-11 18:51:21.443902,99.121,99.121,2.60315e-06,2416
2025-11-11 18:51:21.452494,99.121,99.121,2.60315e-06,2412
2025-11-11 18:51:21.462166,99.121,99.121,5.54941e-07,1790
2025-11-11 18:51:21.470946,99.121,99.121,1.42063e-06,2171
2025-11-11 18:51:21.481074,99.121,99.121,1.42063e-06,2010
2025-11-11 18:51:21.491247,99.121,99.121,5.54941e-07,2186
2025-11-11 18:51:21.500090,99.121,99.121,5.54941e-07,2019
2025-11-11 18:51:21.509040,99.121,99.121,2.60315e-06,2539
2025-11-11 18:51:21.517599,99.121,99.121,4.43157e-06,2860
2025-11-11 18:51:21.527114,99.121,99.121,4.43157e-06,2652
2025-11-11 18:51:21.536484,99.121,99.121,4.26213e-07,2940
2025-11-11 18:51:21.545470,99.121,99.121,7.15232e-07,3337
2025-11-11 18:51:21.554279,99.121,99.121,3.51247e-06,3441
2025-11-11 18:51:21.563750,99.121,99.121,7.15232e-07,3730
2025-11-11 18:51:21.572867,99.121,99.121,7.15232e-07,3459
2025-11-11 18:51:21.582308,99.121,99.121,7.15232e-07,3221
2025-11-11 18:51:21.591668,99.121,99.121,7.15232e-07,2973
2025-11-11 18:51:21.600700,99.121,99.121,3.51247e-06,3280
2025-11-11 18:51:21.609284,99.121,99.121,7.15232e-07,3481
2025-11-11 18:51:21.618144,99.121,99.121,3.51247e-06,3244
2025-11-11 18:51:21.627242,99.121,99.121,3.51247e-06,3110
2025-11-11 18:51:21.636647,99.121,99.121,3.51247e-06,3097
2025-11-11 18:51:21.645631,99.121,99.121,3.51247e-06,2960
2025-11-11 18:51:21.654302,99.121,99.121,3.51247e-06,2400
2025-11-11 18:51:21.663965,99.121,99.121,6.02564e-07,2796
2025-11-11 18:51:21.672691,99.121,99.121,6.02564e-07,2678
2025-11-11 18:51:21.681682,99.121,99.121,6.02564e-07,2433
2025-11-11 18:51:21.690910,99.121,99.121,1.84979e-06,2746
2025-11-11 18:51:21.700133,99.121,99.121,3.66207e-06,3217
2025-11-11 18:51:21.709089,99.121,99.121,3.66207e-06,3151
2025-11-11 18:51:21.718145,99.121,99.121,1.43555e-06,2730
2025-11-11 18:51:21.727818,99.121,99.121,3.66207e-06,3229
2025-11-11 18:51:21.736955,99.121,99.121,3.66207e-06,3069
2025-11-11 18:51:21.745982,99.121,99.121,1.43555e-06,2770
2025-11-11 18:51:21.754689,99.121,99.121,5.35793e-06,2927
2025-11-11 18:51:21.763692,99.121,99.121,1.43555e-06,2742
2025-11-11 18:51:21.772470,99.121,99.121,1.43555e-06,2558
2025-11-11 18:51:21.781495,99.121,99.121,1.43555e-06,2490
2025-11-11 18:51:21.790275,99.121,99.121,5.35793e-06,2943
2025-11-11 18:51:21.799567,99.121,99.121,1.98554e-06,2578
2025-11-11 18:51:21.808780,99.121,99.121,1.30154e-06,1907
2025-11-11 18:51:21.818094,99.121,99.121,1.98554e-06,2601
2025-11-11 18:51:21.827690,99.121,99.121,5.35793e-06,2747
2025-11-11 18:51:21.836597,99.121,99.121,5.35793e-06,2555
2025-11-11 18:51:21.845830,99.121,99.121,5.35793e-06,2525
2025-11-11 18:51:21.854705,99.121,99.121,5.35793e-06,2428
2025-11-11 18:51:21.863500,99.121,99.121,1.98554e-06,2877
2025-11-11 18:51:21.872150,99.121,99.121,1.98554e-06,2722
2025-11-11 18:51:21.882441,99.121,99.121,1.98554e-06,2582
2025-11-11 18:51:21.891311,99.121,99.121,1.98554e-06,2409
2025-11-11 18:51:21.900191,99.121,99.121,1.98554e-06,2130
2025-11-11 18:51:21.909591,99.121,99.121,5.35793e-06,2219
2025-11-11 18:51:21.918793,99.121,99.121,1.43555e-06,2151
2025-11-11 18:51:21.928160,99.121,99.121,1.43555e-06,2083
2025-11-11 18:51:21.937098,99.121,99.121,5.35793e-06,2534
2025-11-11 18:51:21.946448,99.121,99.121,5.35793e-06,2411
2025-11-11 18:51:21.955427,99.121,99.121,1.98554e-06,2436
2025-11-11 18:51:21.964432,99.121,99.121,5.35793e-06,2482
2025-11-11 18:51:21.973404,99.121,99.121,5.35793e-06,2399
2025-11-11 18:51:21.982979,99.121,99.121,5.35793e-06,2284
2025-11-11 18:51:21.992247,99.121,99.121,1.43555e-06,1924
2025-11-11 18:51:22.001388,99.121,99.121,1.43555e-06,1758
2025-11-11 18:51:22.010798,99.121,99.121,3.66207e-06,2306
2025-11-11 18:51:22.019953,99.121,99.121,1.43555e-06,1894
2025-11-11 18:51:22.029259,99.121,99.121,1.43555e-06,1816
2025-11-11 18:51:22.038545,99.121,99.121,5.35793e-06,2831
2025-11-11 18:51:22.047891,99.121,99.121,5.35793e-06,2521
2025-11-11 18:51:22.057032,99.121,99.121,1.98554e-06,2566
2025-11-11 18:51:22.065752,99.121,99.121,5.35793e-06,2845
2025-11-11 18:51:22.074606,99.121,99.121,5.35793e-06,2757
2025-11-11 18:51:22.084597,99.121,99.121,5.35793e-06,2601
2025-11-11 18:51:22.093657,99.121,99.121,1.43555e-06,2406
2025-11-11 18:51:22.102656,99.121,99.121,5.35793e-06,2538
2025-11-11 18:51:22.112414,99.121,99.121,1.43555e-06,2407
2025-11-11 18:51:22.122269,99.121,99.121,5.35793e-06,2578
2025-11-11 18:51:22.131143,99.121,99.121,1.43555e-06,2485
2025-11-11 18:51:22.139823,99.121,99.121,1.43555e-06,2409
2025-11-11 18:51:22.148669,99.121,99.121,3.66207e-06,2999
2025-11-11 18:51:22.157576,99.121,99.121,1.43555e-06,2656
2025-11-11 18:51:22.166964,99.121,99.121,5.35793e-06,2790
2025-11-11 18:51:22.175869,99.121,99.121,5.35793e-06,2626
2025-11-11 18:51:22.184852,99.121,99.121,5.35793e-06,2431
2025-11-11 18:51:22.193976,99.121,99.121,1.98554e-06,2338
2025-11-11 18:51:22.203000,99.121,99.121,1.98554e-06,2200
2025-11-11 18:51:22.212223,99.121,99.121,5.35793e-06,2322
2025-11-11 18:51:22.220930,99.121,99.121,1.43555e-06,2198
2025-11-11 18:51:22.230475,99.121,99.121,5.35793e-06,2711
2025-11-11 18:51:22.239407,99.121,99.121,1.98554e-06,2575
2025-11-11 18:51:22.248431,99.121,99.121,1.30154e-06,2616
2025-11-11 18:51:22.257129,99.121,99.121,1.98554e-06,2646
2025-11-11 18:51:22.266700,99.121,99.121,1.30154e-06,2300
2025-11-11 18:51:22.275368,99.121,99.121,9.70854e-07,1729
2025-11-11 18:51:22.284402,99.121,99.121,4.84544e-06,2124
2025-11-11 18:51:22.293624,99.121,99.121,4.84544e-06,2037
2025-11-11 18:51:22.302965,99.121,99.121,4.84544e-06,1567
2025-11-11 18:51:22.311909,99.121,99.121,9.70854e-07,1300
2025-11-11 18:51:22.320693,99.121,99.121,1.30154e-06,2195
2025-11-11 18:51:22.330676,99.121,99.121,1.30154e-06,2135
2025-11-11 18:51:22.339526,99.121,99.121,1.98554e-06,2370
2025-11-11 18:51:22.348266,99.121,99.121,1.30154e-06,2510
2025-11-11 18:51:22.357028,99.121,99.121,1.30154e-06,2101
2025-11-11 18:51:22.366640,99.121,99.121,9.70854e-07,1342
2025-11-11 18:51:22.375669,99.121,99.121,9.70854e-07,1216
2025-11-11 18:51:22.384428,99.121,99.121,9.70854e-07,1192
2025-11-11 18:51:22.393635,99.121,99.121,9.70854e-07,1176
2025-11-11 18:51:22.402860,99.121,99.121,4.84544e-06,1335
2025-11-11 18:51:22.411967,99.121,99.121,9.70854e-07,1047
2025-11-11 18:51:22.420734,99.121,99.121,9.70854e-07,1037
2025-11-11 18:51:22.430785,99.121,99.121,1.30154e-06,2087
2025-11-11 18:51:22.439605,99.121,99.121,1.98554e-06,2643
2025-11-11 18:51:22.448514,99.121,99.121,1.98554e-06,2624
2025-11-11 18:51:22.457591,99.121,99.121,5.35793e-06,2849
2025-11-11 18:51:22.466887,99.121,99.121,1.98554e-06,3092
2025-11-11 18:51:22.475549,99.121,99.121,1.98554e-06,3050
2025-11-11 18:51:22.484573,99.121,99.121,1.98554e-06,3044
2025-11-11 18:51:22.493272,99.121,99.121,1.98554e-06,2851
2025-11-11 18:51:22.501728,99.121,99.121,5.35793e-06,3089
2025-11-11 18:51:22.510710,99.121,99.121,5.35793e-06,3010
2025-11-11 18:51:22.519893,99.121,99.121,5.35793e-06,3003
2025-11-11 18:51:22.528803,99.121,99.121,5.35793e-06,2903
2025-11-11 18:51:22.537376,99.121,99.121,1.98554e-06,2854
2025-11-11 18:51:22.546965,99.121,99.121,1.98554e-06,2847
2025-11-11 18:51:22.555661,99.121,99.121,1.98554e-06,2661
2025-11-11 18:51:22.564467,99.121,99.121,1.98554e-06,2617
2025-11-11 18:51:22.573461,99.121,99.121,1.98554e-06,2581
2025-11-11 18:51:22.583419,99.121,99.121,1.30154e-06,2359
2025-11-11 18:51:22.592540,99.121,99.121,1.98554e-06,2524
2025-11-11 18:51:22.601467,99.121,99.121,5.35793e-06,2774
2025-11-11 18:51:22.611150,99.121,99.121,5.35793e-06,2559
2025-11-11 18:51:22.620392,99.121,99.121,5.35793e-06,2549
2025-11-11 18:51:22.629312,99.121,99.121,1.43555e-06,2344
2025-11-11 18:51:22.638027,99.121,99.121,1.43555e-06,2323
2025-11-11 18:51:22.647362,99.121,99.121,1.43555e-06,2245
2025-11-11 18:51:22.656109,99.121,99.121,1.43555e-06,2122
2025-11-11 18:51:22.665043,99.121,99.121,1.43555e-06,2009
2025-11-11 18:51:22.674003,99.121,99.121,5.35793e-06,2557
2025-11-11 18:51:22.683446,99.121,99.121,5.35793e-06,2448
2025-11-11 18:51:22.692667,99.121,99.121,5.35793e-06,2306
2025-11-11 18:51:22.701600,99.121,99.121,5.35793e-06,2142
2025-11-11 18:51:22.710880,99.121,99.121,1.98554e-06,2097
2025-11-11 18:51:22.720433,99.121,99.121,1.30154e-06,2026
2025-11-11 18:51:22.729265,99.121,99.121,1.98554e-06,2205
2025-11-11 18:51:22.738012,99.121,99.121,1.30154e-06,1935
2025-11-11 18:51:22.747102,99.121,99.121,1.98554e-06,2654
2025-11-11 18:51:22.756219,99.121,99.121,5.35793e-06,2713
2025-11-11 18:51:22.765202,99.121,99.121,1.43555e-06,2454
2025-11-11 18:51:22.774058,99.121,99.121,5.35793e-06,2852
2025-11-11 18:51:22.783441,99.121,99.121,1.98554e-06,2686
2025-11-11 18:51:22.792507,99.121,99.121,1.98554e-06,2513
2025-11-11 18:51:22.801412,99.121,99.121,5.35793e-06,2885
2025-11-11 18:51:22.810776,99.121,99.121,1.98554e-06,2812
2025-11-11 18:51:22.820072,99.121,99.121,1.98554e-06,2722
2025-11-11 18:51:22.829411,99.121,99.121,1.98554e-06,2629
2025-11-11 18:51:22.838118,99.121,99.121,1.30154e-06,2559
2025-11-11 18:51:22.847035,99.121,99.121,1.30154e-06,2464
2025-11-11 18:51:22.855661,99.121,99.121,1.30154e-06,2270
2025-11-11 18:51:22.865676,99.121,99.121,1.30154e-06,2198
2025-11-11 18:51:22.874369,99.121,99.121,1.30154e-06,2164
2025-11-11 18:51:22.883340,99.121,99.121,9.70854e-07,1367
2025-11-11 18:51:22.892288,99.121,99.121,4.84544e-06,1928
2025-11-11 18:51:22.901455,99.121,99.121,9.70854e-07,1619
2025-11-11 18:51:22.910308,99.121,99.121,1.30154e-06,2381
2025-11-11 18:51:22.919017,99.121,99.121,1.98554e-06,2497
2025-11-11 18:51:22.928468,99.121,99.121,1.30154e-06,2617
2025-11-11 18:51:22.937252,99.121,99.121,1.30154e-06,2536
2025-11-11 18:51:22.946052,99.121,99.121,9.70854e-07,2472
2025-11-11 18:51:22.954617,99.121,99.121,9.70854e-07,2413
2025-11-11 18:51:22.964126,99.121,99.121,9.70854e-07,2359
2025-11-11 18:51:22.972970,99.121,99.121,9.70854e-07,2276
2025-11-11 18:51:22.982193,99.121,99.121,9.70854e-07,2037
2025-11-11 18:51:22.991085,99.121,99.121,4.84544e-06,2647
2025-11-11 18:51:23.000582,99.121,99.121,9.70854e-07,1975
2025-11-11 18:51:23.009477,99.121,99.121,9.70854e-07,1840
2025-11-11 18:51:23.018450,99.121,99.121,1.30154e-06,2487
2025-11-11 18:51:23.027928,99.121,99.121,1.30154e-06,2406
2025-11-11 18:51:23.037037,99.121,99.121,1.30154e-06,2330
2025-11-11 18:51:23.045951,99.121,99.121,1.30154e-06,2291
2025-11-11 18:51:23.054620,99.121,99.121,9.70854e-07,1912
2025-11-11 18:51:23.064318,99.121,99.121,4.84544e-06,2581
2025-11-11 18:51:23.072901,99.121,99.121,9.70854e-07,2025
2025-11-11 18:51:23.082227,99.121,99.121,9.70854e-07,1811
2025-11-11 18:51:23.090986,99.121,99.121,9.70854e-07,1808
2025-11-11 18:51:23.100448,99.121,99.121,1.30154e-06,2568
2025-11-11 18:51:23.109356,99.121,99.121,1.30154e-06,2530
2025-11-11 18:51:23.118963,99.121,99.121,1.30154e-06,2528
2025-11-11 18:51:23.128808,99.121,99.121,1.30154e-06,2458
2025-11-11 18:51:23.137562,99.121,99.121,9.70854e-07,2210
2025-11-11 18:51:23.146759,99.121,99.121,4.84544e-06,2668
2025-11-11 18:51:23.155524,99.121,99.121,9.70854e-07,2506
2025-11-11 18:51:23.165102,99.121,99.121,9.70854e-07,2203
2025-11-11 18:51:23.173953,99.121,99.121,9.70854e-07,2087
2025-11-11 18:51:23.182824,99.121,99.121,9.70854e-07,1984
2025-11-11 18:51:23.191668,99.121,99.121,9.70854e-07,1779
2025-11-11 18:51:23.200347,99.121,99.121,9.70854e-07,1745
2025-11-11 18:51:23.209523,99.121,99.121,9.70854e-07,1724
2025-11-11 18:51:23.219085,99.121,99.121,9.70854e-07,1675
2025-11-11 18:51:23.228524,99.121,99.121,1.30154e-06,2774
2025-11-11 18:51:23.237110,99.121,99.121,1.30154e-06,2194
2025-11-11 18:51:23.246870,99.121,99.121,1.30154e-06,2193
2025-11-11 18:51:23.255554,99.121,99.121,9.70854e-07,1659
2025-11-11 18:51:23.264380,99.121,99.121,4.84544e-06,2272
2025-11-11 18:51:23.272967,99.121,99.121,1.38357e-06,1986
2025-11-11 18:51:23.283060,99.121,99.121,5.62316e-06,1852
2025-11-11 18:51:23.292267,99.121,99.121,2.29875e-06,1953
2025-11-11 18:51:23.301030,99.121,99.121,2.29875e-06,1770
2025-11-11 18:51:23.310219,99.121,99.121,2.29875e-06,1687
2025-11-11 18:51:23.319518,99.121,99.121,1.99644e-06,1708
2025-11-11 18:51:23.328816,99.121,99.121,1.99644e-06,1124
2025-11-11 18:51:23.337372,99.121,99.121,1.99644e-06,1066
2025-11-11 18:51:23.347103,99.121,99.121,8.04474e-07,1315
2025-11-11 18:51:23.356171,99.121,99.121,8.04474e-07,1255
2025-11-11 18:51:23.365206,99.121,99.121,1.99644e-06,1682
2025-11-11 18:51:23.374758,99.121,99.121,1.99644e-06,1078
2025-11-11 18:51:23.383854,99.121,99.121,8.04474e-07,1333
2025-11-11 18:51:23.392543,99.121,99.121,1.55429e-06,1424
2025-11-11 18:51:23.401151,99.121,99.121,1.55429e-06,1163
2025-11-11 18:51:23.410347,99.121,99.121,2.29429e-06,1152
2025-11-11 18:51:23.419781,99.121,99.121,9.21478e-07,1054
2025-11-11 18:51:23.428823,99.121,99.121,2.29429e-06,1431
2025-11-11 18:51:23.437765,99.121,99.121,2.29429e-06,1225
2025-11-11 18:51:23.447438,99.121,99.121,1.55429e-06,1344
2025-11-11 18:51:23.456085,99.121,99.121,8.04474e-07,1609
2025-11-11 18:51:23.465030,99.121,99.121,8.04474e-07,1588
2025-11-11 18:51:23.474008,99.121,99.121,1.99644e-06,1414
2025-11-11 18:51:23.483652,99.121,99.121,8.04474e-07,1783
2025-11-11 18:51:23.492659,99.121,99.121,8.04474e-07,1685
2025-11-11 18:51:23.501411,99.121,99.121,1.55429e-06,1560
2025-11-11 18:51:23.510477,99.121,99.121,1.55429e-06,1462
2025-11-11 18:51:23.519711,99.121,99.121,2.29429e-06,1599
2025-11-11 18:51:23.529507,99.121,99.121,1.55429e-06,1611
2025-11-11 18:51:23.538412,99.121,99.121,1.55429e-06,1558
2025-11-11 18:51:23.547762,99.121,99.121,1.55429e-06,1555
2025-11-11 18:51:23.556407,99.121,99.121,1.55429e-06,1494
2025-11-11 18:51:23.566464,99.121,99.121,8.04474e-07,2084
2025-11-11 18:51:23.575652,99.121,99.121,8.04474e-07,2050
2025-11-11 18:51:23.584754,99.121,99.121,8.04474e-07,1830
2025-11-11 18:51:23.593757,99.121,99.121,8.04474e-07,1748
2025-11-11 18:51:23.602963,99.121,99.121,1.55429e-06,1513
2025-11-11 18:51:23.611788,99.121,99.121,2.29429e-06,1484
2025-11-11 18:51:23.620750,99.121,99.121,2.29429e-06,1435
2025-11-11 18:51:23.630773,99.121,99.121,1.55429e-06,1441
2025-11-11 18:51:23.639768,99.121,99.121,8.04474e-07,1569
2025-11-11 18:51:23.648909,99.121,99.121,1.55429e-06,1507
2025-11-11 18:51:23.657799,99.121,99.121,8.04474e-07,1761
2025-11-11 18:51:23.667484,99.121,99.121,1.55429e-06,1432
2025-11-11 18:51:23.676720,99.121,99.121,2.29429e-06,1897
2025-11-11 18:51:23.685871,99.121,99.121,9.21478e-07,1750
2025-11-11 18:51:23.695282,99.121,99.121,9.21478e-07,1649
2025-11-11 18:51:23.704133,99.121,99.121,9.21478e-07,1550
2025-11-11 18:51:23.713189,99.121,99.121,5.37579e-06,1909
2025-11-11 18:51:23.721908,99.121,99.121,2.12022e-06,1784
2025-11-11 18:51:23.731787,99.121,99.121,5.37579e-06,1900
2025-11-11 18:51:23.740879,99.121,99.121,5.37579e-06,1880
2025-11-11 18:51:23.749884,99.121,99.121,5.37579e-06,1774
2025-11-11 18:51:23.759318,99.121,99.121,9.21478e-07,1573
2025-11-11 18:51:23.768685,99.121,99.121,5.37579e-06,1626
2025-11-11 18:51:23.777796,99.121,99.121,2.12022e-06,1285
2025-11-11 18:51:23.786485,99.121,99.121,6.13848e-07,2024
2025-11-11 18:51:23.796221,99.121,99.121,6.13848e-07,1945
2025-11-11 18:51:23.805230,99.121,99.121,6.13848e-07,1624
2025-11-11 18:51:23.814314,99.121,99.121,1.19274e-06,1128
2025-11-11 18:51:23.823211,99.121,99.121,6.55288e-06,991
2025-11-11 18:51:23.832640,99.121,99.121,6.55288e-06,971
2025-11-11 18:51:23.842095,99.121,99.121,1.19274e-06,1455
2025-11-11 18:51:23.851249,99.121,99.121,1.19274e-06,1291
2025-11-11 18:51:23.860760,99.121,99.121,1.19274e-06,1159
2025-11-11 18:51:23.870227,99.121,99.121,6.13848e-07,1876
2025-11-11 18:51:23.879926,99.121,99.121,2.12022e-06,1732
2025-11-11 18:51:23.888506,99.121,99.121,5.37579e-06,2246
2025-11-11 18:51:23.897079,99.121,99.121,9.21478e-07,2816
2025-11-11 18:51:23.905645,99.121,99.121,9.21478e-07,2720
2025-11-11 18:51:23.915644,99.121,99.121,2.29429e-06,2811
2025-11-11 18:51:23.924589,99.121,99.121,2.29429e-06,2664
2025-11-11 18:51:23.933415,99.121,99.121,9.21478e-07,2641
2025-11-11 18:51:23.943082,99.121,99.121,9.21478e-07,2589
2025-11-11 18:51:23.952637,99.121,99.121,2.29429e-06,3114
2025-11-11 18:51:23.961680,99.121,99.121,2.29429e-06,2849
2025-11-11 18:51:23.970445,99.121,99.121,9.21478e-07,2560
2025-11-11 18:51:23.980038,99.121,99.121,9.21478e-07,2553
2025-11-11 18:51:23.988942,99.121,99.121,9.21478e-07,2193
2025-11-11 18:51:23.997983,99.121,99.121,2.29429e-06,2222
2025-11-11 18:51:24.007269,99.121,99.121,9.21478e-07,2290
2025-11-11 18:51:24.017001,99.121,99.121,5.37579e-06,2168
2025-11-11 18:51:24.026069,99.121,99.121,9.21478e-07,1998
2025-11-11 18:51:24.035030,99.121,99.121,5.37579e-06,2187
2025-11-11 18:51:24.044596,99.121,99.121,9.21478e-07,2267
2025-11-11 18:51:24.053894,99.121,99.121,2.29429e-06,2321
2025-11-11 18:51:24.062874,99.121,99.121,1.55429e-06,1826
2025-11-11 18:51:24.071644,99.121,99.121,2.29429e-06,2129
2025-11-11 18:51:24.081787,99.121,99.121,1.55429e-06,2015
2025-11-11 18:51:24.090861,99.121,99.121,1.55429e-06,1983
2025-11-11 18:51:24.099649,99.121,99.121,8.04474e-07,1987
2025-11-11 18:51:24.109187,99.121,99.121,8.04474e-07,1811
2025-11-11 18:51:24.119676,99.121,99.121,1.55429e-06,2219
2025-11-11 18:51:24.129102,99.121,99.121,2.29429e-06,2172
2025-11-11 18:51:24.137943,99.121,99.121,9.21478e-07,2138
2025-11-11 18:51:24.147500,99.121,99.121,2.29429e-06,2354
2025-11-11 18:51:24.156937,99.121,99.121,2.29429e-06,2260
2025-11-11 18:51:24.166416,99.121,99.121,9.21478e-07,2092
2025-11-11 18:51:24.175962,99.121,99.121,9.21478e-07,2051
2025-11-11 18:51:24.185121,99.121,99.121,5.37579e-06,1887
2025-11-11 18:51:24.194719,99.121,99.121,9.21478e-07,2018
2025-11-11 18:51:24.203677,99.121,99.121,2.29429e-06,2080
2025-11-11 18:51:24.213797,99.121,99.121,2.29429e-06,2047
2025-11-11 18:51:24.222803,99.121,99.121,1.55429e-06,1895
2025-11-11 18:51:24.231729,99.121,99.121,1.55429e-06,1887
2025-11-11 18:51:24.240949,99.121,99.121,1.55429e-06,1602
2025-11-11 18:51:24.251500,99.121,99.121,2.29429e-06,1759
2025-11-11 18:51:24.261052,99.121,99.121,9.21478e-07,1879
2025-11-11 18:51:24.270467,99.121,99.121,9.21478e-07,1750
2025-11-11 18:51:24.279584,99.121,99.121,9.21478e-07,1582
2025-11-11 18:51:24.288081,99.121,99.121,9.21478e-07,1508
2025-11-11 18:51:24.298274,99.121,99.121,5.37579e-06,1500
2025-11-11 18:51:24.307085,99.121,99.121,2.12022e-06,1052
2025-11-11 18:51:24.315773,99.121,99.121,2.12022e-06,1048
2025-11-11 18:51:24.325396,99.121,99.121,5.37579e-06,1477
2025-11-11 18:51:24.334760,99.121,99.121,5.37579e-06,1338
2025-11-11 18:51:24.344010,99.121,99.121,2.12022e-06,1615
2025-11-11 18:51:24.352995,99.121,99.121,6.13848e-07,1781
2025-11-11 18:51:24.362838,99.121,99.121,6.13848e-07,1647
2025-11-11 18:51:24.371816,99.121,99.121,6.13848e-07,1576
2025-11-11 18:51:24.380861,99.121,99.121,1.19274e-06,1507
2025-11-11 18:51:24.389352,99.121,99.121,6.13848e-07,1869
2025-11-11 18:51:24.399686,99.121,99.121,6.13848e-07,1730
2025-11-11 18:51:24.408586,99.121,99.121,2.12022e-06,1818
2025-11-11 18:51:24.417552,99.121,99.121,2.12022e-06,1357
2025-11-11 18:51:24.426816,99.121,99.121,5.37579e-06,1571
2025-11-11 18:51:24.436084,99.121,99.121,5.37579e-06,1526
2025-11-11 18:51:24.445286,99.121,99.121,9.21478e-07,1692
2025-11-11 18:51:24.454242,99.121,99.121,2.29429e-06,2068
2025-11-11 18:51:24.464119,99.121,99.121,1.55429e-06,1987
2025-11-11 18:51:24.472928,99.121,99.121,2.29429e-06,2205
2025-11-11 18:51:24.482605,99.121,99.121,2.29429e-06,2099
2025-11-11 18:51:24.491763,99.121,99.121,1.55429e-06,1788
2025-11-11 18:51:24.500938,99.121,99.121,2.29429e-06,2233
2025-11-11 18:51:24.510172,99.121,99.121,2.29429e-06,1941
2025-11-11 18:51:24.518865,99.121,99.121,2.29429e-06,1925
2025-11-11 18:51:24.528293,99.121,99.121,1.55429e-06,1859
2025-11-11 18:51:24.537338,99.121,99.121,2.29429e-06,2072
2025-11-11 18:51:24.546239,99.121,99.121,2.29429e-06,1865
2025-11-11 18:51:24.555390,99.121,99.121,2.29429e-06,1852
2025-11-11 18:51:24.565150,99.121,99.121,2.29429e-06,1687
2025-11-11 18:51:24.574183,99.121,99.121,9.21478e-07,1637
2025-11-11 18:51:24.583201,99.121,99.121,5.37579e-06,1692
2025-11-11 18:51:24.592005,99.121,99.121,5.37579e-06,1642
2025-11-11 18:51:24.601034,99.121,99.121,2.12022e-06,1708
2025-11-11 18:51:24.610122,99.121,99.121,2.12022e-06,1542
2025-11-11 18:51:24.619419,99.121,99.121,2.12022e-06,1536
2025-11-11 18:51:24.629061,99.121,99.121,6.13848e-07,1546
2025-11-11 18:51:24.637998,99.121,99.121,2.12022e-06,1333
2025-11-11 18:51:24.647607,99.121,99.121,6.13848e-07,1576
2025-11-11 18:51:24.656751,99.121,99.121,6.13848e-07,1505
2025-11-11 18:51:24.666060,99.121,99.121,6.13848e-07,1421
2025-11-11 18:51:24.675342,99.121,99.121,2.12022e-06,1801
2025-11-11 18:51:24.684724,99.121,99.121,2.12022e-06,1685
2025-11-11 18:51:24.693812,99.121,99.121,2.12022e-06,1343
2025-11-11 18:51:24.702680,99.121,99.121,6.13848e-07,1506
2025-11-11 18:51:24.712273,99.121,99.121,2.12022e-06,1899
2025-11-11 18:51:24.721347,99.121,99.121,2.12022e-06,1655
2025-11-11 18:51:24.730634,99.121,99.121,5.37579e-06,1854
2025-11-11 18:51:24.739355,99.121,99.121,9.21478e-07,1759
2025-11-11 18:51:24.749602,99.121,99.121,9.21478e-07,1701
2025-11-11 18:51:24.758736,99.121,99.121,2.29429e-06,2091
2025-11-11 18:51:24.768114,99.121,99.121,2.29429e-06,1948
2025-11-11 18:51:24.777481,99.121,99.121,1.55429e-06,2377
2025-11-11 18:51:24.787316,99.121,99.121,8.04474e-07,1947
2025-11-11 18:51:24.796546,99.121,99.121,1.99644e-06,1624
2025-11-11 18:51:24.805346,99.121,99.121,2.29875e-06,1787
2025-11-11 18:51:24.815127,99.121,99.121,5.62316e-06,2051
2025-11-11 18:51:24.824032,99.121,99.121,1.38357e-06,1547
2025-11-11 18:51:24.832851,99.121,99.121,5.62316e-06,2410
2025-11-11 18:51:24.842554,99.121,99.121,5.62316e-06,2189
2025-11-11 18:51:24.851998,99.121,99.121,5.62316e-06,1897
2025-11-11 18:51:24.861190,99.121,99.121,1.38357e-06,1953
2025-11-11 18:51:24.870130,99.121,99.121,1.38357e-06,1776
2025-11-11 18:51:24.879647,99.121,99.121,5.62316e-06,1938
2025-11-11 18:51:24.888866,99.121,99.121,1.38357e-06,1626
2025-11-11 18:51:24.897980,99.121,99.121,1.38357e-06,1621
2025-11-11 18:51:24.906995,99.121,99.121,4.84544e-06,2248
2025-11-11 18:51:24.917048,99.121,99.121,9.70854e-07,2345
2025-11-11 18:51:24.926133,99.121,99.121,9.70854e-07,2267
2025-11-11 18:51:24.935079,99.121,99.121,4.84544e-06,2259
2025-11-11 18:51:24.943894,99.121,99.121,1.38357e-06,1713
2025-11-11 18:51:24.952518,99.121,99.121,5.62316e-06,2012
2025-11-11 18:51:24.962613,99.121,99.121,5.62316e-06,1968
2025-11-11 18:51:24.971400,99.121,99.121,2.29875e-06,1573
2025-11-11 18:51:24.980554,99.121,99.121,5.62316e-06,1828
2025-11-11 18:51:24.989122,99.121,99.121,5.62316e-06,1783
2025-11-11 18:51:24.999279,99.121,99.121,2.29875e-06,1729
2025-11-11 18:51:25.008351,99.121,99.121,1.99644e-06,1769
2025-11-11 18:51:25.017351,99.121,99.121,8.04474e-07,2036
2025-11-11 18:51:25.026519,99.121,99.121,1.55429e-06,2274
2025-11-11 18:51:25.035927,99.121,99.121,1.55429e-06,1817
2025-11-11 18:51:25.045157,99.121,99.121,8.04474e-07,2216
2025-11-11 18:51:25.054057,99.121,99.121,8.04474e-07,1949
2025-11-11 18:51:25.064036,99.121,99.121,8.04474e-07,1718
2025-11-11 18:51:25.073658,99.121,99.121,8.04474e-07,1705
2025-11-11 18:51:25.082833,99.121,99.121,1.99644e-06,1559
2025-11-11 18:51:25.092193,99.121,99.121,1.99644e-06,1483
2025-11-11 18:51:25.101493,99.121,99.121,1.99644e-06,1475
2025-11-11 18:51:25.110678,99.121,99.121,2.29875e-06,1427
2025-11-11 18:51:25.120232,99.121,99.121,5.62316e-06,1575
2025-11-11 18:51:25.129790,99.121,99.121,1.38357e-06,1748
2025-11-11 18:51:25.138619,99.121,99.121,4.84544e-06,1924
2025-11-11 18:51:25.147500,99.121,99.121,4.84544e-06,1855
2025-11-11 18:51:25.156271,99.121,99.121,4.84544e-06,1820
2025-11-11 18:51:25.166247,99.121,99.121,9.70854e-07,2047
2025-11-11 18:51:25.175367,99.121,99.121,1.30154e-06,2716
2025-11-11 18:51:25.184322,99.121,99.121,9.70854e-07,2373
2025-11-11 18:51:25.193690,99.121,99.121,1.30154e-06,2960
2025-11-11 18:51:25.203239,99.121,99.121,1.30154e-06,2857
2025-11-11 18:51:25.212274,99.121,99.121,1.30154e-06,2765
2025-11-11 18:51:25.220891,99.121,99.121,1.30154e-06,2571
2025-11-11 18:51:25.230583,99.121,99.121,9.70854e-07,1762
2025-11-11 18:51:25.239562,99.121,99.121,9.70854e-07,1709
2025-11-11 18:51:25.248754,99.121,99.121,1.30154e-06,2559
2025-11-11 18:51:25.257979,99.121,99.121,1.30154e-06,2464
2025-11-11 18:51:25.267766,99.121,99.121,1.98554e-06,2713
2025-11-11 18:51:25.277263,99.121,99.121,1.98554e-06,2559
2025-11-11 18:51:25.285959,99.121,99.121,1.98554e-06,2498
2025-11-11 18:51:25.294879,99.121,99.121,1.98554e-06,2409
2025-11-11 18:51:25.303654,99.121,99.121,1.30154e-06,2086
2025-11-11 18:51:25.313598,99.121,99.121,9.70854e-07,1686
2025-11-11 18:51:25.322691,99.121,99.121,9.70854e-07,1594
2025-11-11 18:51:25.331973,99.121,99.121,9.70854e-07,1274
2025-11-11 18:51:25.340878,99.121,99.121,9.70854e-07,1014
2025-11-11 18:51:25.350318,99.121,99.121,1.30154e-06,2106
2025-11-11 18:51:25.359630,99.121,99.121,1.30154e-06,2017
2025-11-11 18:51:25.368674,99.121,99.121,1.98554e-06,2479
2025-11-11 18:51:25.378273,99.121,99.121,1.98554e-06,2392
2025-11-11 18:51:25.387498,99.121,99.121,5.35793e-06,2552
2025-11-11 18:51:25.396572,99.121,99.121,5.35793e-06,2396
2025-11-11 18:51:25.405328,99.121,99.121,5.35793e-06,2175
2025-11-11 18:51:25.415333,99.121,99.121,1.98554e-06,2077
2025-11-11 18:51:25.424265,99.121,99.121,5.35793e-06,2174
2025-11-11 18:51:25.433201,99.121,99.121,5.35793e-06,2110
2025-11-11 18:51:25.442729,99.121,99.121,1.43555e-06,2100
2025-11-11 18:51:25.452223,99.121,99.121,3.66207e-06,2826
2025-11-11 18:51:25.461453,99.121,99.121,3.66207e-06,2702
2025-11-11 18:51:25.470237,99.121,99.121,3.66207e-06,2552
2025-11-11 18:51:25.480193,99.121,99.121,3.66207e-06,2477
2025-11-11 18:51:25.489119,99.121,99.121,3.66207e-06,2306
2025-11-11 18:51:25.498260,99.121,99.121,3.66207e-06,2029
2025-11-11 18:51:25.507326,99.121,99.121,3.66207e-06,1924
2025-11-11 18:51:25.517374,99.121,99.121,1.43555e-06,1676
2025-11-11 18:51:25.526989,99.121,99.121,1.43555e-06,1413
2025-11-11 18:51:25.535855,99.121,99.121,3.66207e-06,2336
2025-11-11 18:51:25.545750,99.121,99.121,1.84979e-06,2676
2025-11-11 18:51:25.554914,99.121,99.121,1.84979e-06,2668
2025-11-11 18:51:25.564160,99.121,99.121,1.84979e-06,2444
2025-11-11 18:51:25.573016,99.121,99.121,1.84979e-06,2216
2025-11-11 18:51:25.582904,99.121,99.121,1.84979e-06,2125
2025-11-11 18:51:25.591987,99.121,99.121,3.66207e-06,2027
2025-11-11 18:51:25.601144,99.121,99.121,1.84979e-06,2133
2025-11-11 18:51:25.610381,99.121,99.121,3.66207e-06,2322
2025-11-11 18:51:25.620121,99.121,99.121,3.66207e-06,2176
2025-11-11 18:51:25.629399,99.121,99.121,3.66207e-06,2067
2025-11-11 18:51:25.638368,99.121,99.121,1.84979e-06,1997
2025-11-11 18:51:25.647188,99.121,99.121,3.66207e-06,2407
2025-11-11 18:51:25.656119,99.121,99.121,1.84979e-06,2012
2025-11-11 18:51:25.666526,99.121,99.121,1.84979e-06,1985
2025-11-11 18:51:25.675605,99.121,99.121,6.02564e-07,2395
2025-11-11 18:51:25.684851,99.121,99.121,6.02564e-07,2299
2025-11-11 18:51:25.693893,99.121,99.121,6.02564e-07,2284
2025-11-11 18:51:25.703266,99.121,99.121,6.02564e-07,2264
2025-11-11 18:51:25.712319,99.121,99.121,3.51247e-06,2543
2025-11-11 18:51:25.721177,99.121,99.121,7.15232e-07,2702
2025-11-11 18:51:25.730348,99.121,99.121,7.15232e-07,2622
2025-11-11 18:51:25.739218,99.121,99.121,3.51247e-06,2424
2025-11-11 18:51:25.748107,99.121,99.121,7.15232e-07,2851
2025-11-11 18:51:25.757119,99.121,99.121,3.51247e-06,2493
2025-11-11 18:51:25.766519,99.121,99.121,7.15232e-07,2754
2025-11-11 18:51:25.775500,99.121,99.121,7.15232e-07,2429
2025-11-11 18:51:25.784488,99.121,99.121,4.26213e-07,2354
2025-11-11 18:51:25.793692,99.121,99.121,7.15232e-07,2540
2025-11-11 18:51:25.803159,99.121,99.121,3.51247e-06,2395
2025-11-11 18:51:25.811862,99.121,99.121,6.02564e-07,2067
2025-11-11 18:51:25.820826,99.121,99.121,6.02564e-07,1814
2025-11-11 18:51:25.830030,99.121,99.121,1.84979e-06,1796
2025-11-11 18:51:25.838866,99.121,99.121,3.66207e-06,2104
2025-11-11 18:51:25.848030,99.121,99.121,3.66207e-06,2056
2025-11-11 18:51:25.856807,99.121,99.121,3.66207e-06,2035
2025-11-11 18:51:25.866578,99.121,99.121,1.43555e-06,1516
2025-11-11 18:51:25.875261,99.121,99.121,1.43555e-06,1511
2025-11-11 18:51:25.884363,99.121,99.121,3.66207e-06,1975
2025-11-11 18:51:25.893324,99.121,99.121,1.84979e-06,2024
2025-11-11 18:51:25.902510,99.121,99.121,3.66207e-06,1866
2025-11-11 18:51:25.911353,99.121,99.121,3.66207e-06,1777
2025-11-11 18:51:25.919994,99.121,99.121,1.43555e-06,1439
2025-11-11 18:51:25.929507,99.121,99.121,5.35793e-06,1587
2025-11-11 18:51:25.938380,99.121,99.121,1.98554e-06,1576
2025-11-11 18:51:25.947071,99.121,99.121,5.35793e-06,1442
2025-11-11 18:51:25.955656,99.121,99.121,5.35793e-06,1154
2025-11-11 18:51:25.965340,99.121,99.121,1.98554e-06,1239
2025-11-11 18:51:25.974081,99.121,99.121,1.98554e-06,998
2025-11-11 18:51:25.982803,99.121,99.121,5.73137e-07,1306
2025-11-11 18:51:25.991780,99.121,99.121,7.28404e-07,1280
2025-11-11 18:51:26.000318,99.121,99.121,9.70854e-07,941
2025-11-11 18:51:26.009345,99.121,99.121,4.84544e-06,1245
2025-11-11 18:51:26.018835,99.121,99.121,1.38357e-06,1336
2025-11-11 18:51:26.027707,99.121,99.121,5.62316e-06,1112
2025-11-11 18:51:26.036482,99.121,99.121,1.38357e-06,1450
2025-11-11 18:51:26.046319,99.121,99.121,5.62316e-06,1282
2025-11-11 18:51:26.054893,99.121,99.121,5.62316e-06,1170
2025-11-11 18:51:26.063722,99.121,99.121,2.29875e-06,1346
2025-11-11 18:51:26.072508,99.121,99.121,2.29875e-06,1306
2025-11-11 18:51:26.082562,99.121,99.121,5.62316e-06,1496
2025-11-11 18:51:26.092153,99.121,99.121,5.62316e-06,1287
2025-11-11 18:51:26.101154,99.121,99.121,1.38357e-06,1440
2025-11-11 18:51:26.110356,99.121,99.121,5.62316e-06,1400
2025-11-11 18:51:26.120747,99.121,99.121,1.38357e-06,1337
2025-11-11 18:51:26.130152,99.121,99.121,4.84544e-06,1394
2025-11-11 18:51:26.138991,99.121,99.121,4.84544e-06,1112
2025-11-11 18:51:26.148389,99.121,99.121,9.70854e-07,1092
2025-11-11 18:51:26.157304,99.121,99.121,4.84544e-06,1327
2025-11-11 18:51:26.166093,99.121,99.121,1.38357e-06,1501
2025-11-11 18:51:26.174808,99.121,99.121,1.38357e-06,1449
2025-11-11 18:51:26.184013,99.121,99.121,1.38357e-06,1312
2025-11-11 18:51:26.193085,99.121,99.121,4.84544e-06,1126
2025-11-11 18:51:26.201992,99.121,99.121,1.38357e-06,1171
2025-11-11 18:51:26.211079,99.121,99.121,4.84544e-06,1214
2025-11-11 18:51:26.220106,99.121,99.121,9.70854e-07,1056
2025-11-11 18:51:26.229143,99.121,99.121,4.84544e-06,1566
2025-11-11 18:51:26.237982,99.121,99.121,4.84544e-06,1137
2025-11-11 18:51:26.247185,99.121,99.121,4.84544e-06,1084
2025-11-11 18:51:26.256075,99.121,99.121,4.84544e-06,980
2025-11-11 18:51:26.265000,99.121,99.121,4.84544e-06,855
2025-11-11 18:51:26.273584,99.121,99.121,1.38357e-06,1275
2025-11-11 18:51:26.283031,99.121,99.121,1.38357e-06,976
2025-11-11 18:51:26.292118,99.121,99.121,4.84544e-06,1144
2025-11-11 18:51:26.301312,99.121,99.121,9.70854e-07,1269
2025-11-11 18:51:26.310531,99.121,99.121,7.28404e-07,1339
2025-11-11 18:51:26.319939,99.121,99.121,5.73137e-07,1508
2025-11-11 18:51:26.329051,99.121,99.121,5.73137e-07,1243
2025-11-11 18:51:26.337645,99.121,99.121,5.73137e-07,1154
2025-11-11 18:51:26.346174,99.121,99.121,1.98554e-06,1482
2025-11-11 18:51:26.355134,99.121,99.121,1.98554e-06,1389
2025-11-11 18:51:26.364726,99.121,99.121,5.73137e-07,1276
2025-11-11 18:51:26.373484,99.121,99.121,1.98554e-06,1360
2025-11-11 18:51:26.382228,99.121,99.121,1.98554e-06,1324
2025-11-11 18:51:26.391049,99.121,99.121,5.35793e-06,1178
2025-11-11 18:51:26.400776,99.121,99.121,1.98554e-06,1485
2025-11-11 18:51:26.409639,99.121,99.121,1.98554e-06,1425
2025-11-11 18:51:26.418135,99.121,99.121,1.98554e-06,1369
2025-11-11 18:51:26.432758,99.121,99.121,1.98554e-06,1336
2025-11-11 18:51:26.441877,99.121,99.121,5.35793e-06,1075
2025-11-11 18:51:26.450974,99.121,99.121,1.43555e-06,1117
2025-11-11 18:51:26.460631,99.121,99.121,3.66207e-06,1212
2025-11-11 18:51:26.470103,99.121,99.121,1.43555e-06,1192
2025-11-11 18:51:26.479811,99.121,99.121,3.66207e-06,1331
2025-11-11 18:51:26.488854,99.121,99.121,1.43555e-06,1230
2025-11-11 18:51:26.498686,99.121,99.121,5.35793e-06,1386
2025-11-11 18:51:26.507725,99.121,99.121,1.43555e-06,1162
2025-11-11 18:51:26.516938,99.121,99.121,5.35793e-06,1257
2025-11-11 18:51:26.526331,99.121,99.121,1.43555e-06,1272
2025-11-11 18:51:26.535908,99.121,99.121,3.66207e-06,1533
2025-11-11 18:51:26.544933,99.121,99.121,3.66207e-06,1471
2025-11-11 18:51:26.553812,99.121,99.121,3.66207e-06,1438
2025-11-11 18:51:26.563909,99.121,99.121,1.84979e-06,1638
2025-11-11 18:51:26.572918,99.121,99.121,6.02564e-07,1739
2025-11-11 18:51:26.582145,99.121,99.121,1.84979e-06,1722
2025-11-11 18:51:26.591190,99.121,99.121,1.84979e-06,1491
2025-11-11 18:51:26.600739,99.121,99.121,1.84979e-06,1374
2025-11-11 18:51:26.610312,99.121,99.121,6.02564e-07,1906
2025-11-11 18:51:26.619198,99.121,99.121,3.51247e-06,1981
2025-11-11 18:51:26.629184,99.121,99.121,6.02564e-07,2073
2025-11-11 18:51:26.638357,99.121,99.121,6.02564e-07,1867
2025-11-11 18:51:26.647516,99.121,99.121,6.02564e-07,1639
2025-11-11 18:51:26.656492,99.121,99.121,1.84979e-06,1581
2025-11-11 18:51:26.666830,99.121,99.121,1.84979e-06,1491
2025-11-11 18:51:26.676234,99.121,99.121,1.84979e-06,1243
2025-11-11 18:51:26.685101,99.121,99.121,6.02564e-07,1706
2025-11-11 18:51:26.693831,99.121,99.121,6.02564e-07,1703
2025-11-11 18:51:26.702620,99.121,99.121,6.02564e-07,1499
2025-11-11 18:51:26.712929,99.121,99.121,3.51247e-06,1670
2025-11-11 18:51:26.722210,99.121,99.121,6.02564e-07,1705
2025-11-11 18:51:26.731512,99.121,99.121,1.84979e-06,1611
2025-11-11 18:51:26.740697,99.121,99.121,1.84979e-06,1449
2025-11-11 18:51:26.750287,99.121,99.121,1.84979e-06,1382
2025-11-11 18:51:26.759543,99.121,99.121,3.66207e-06,1403
2025-11-11 18:51:26.768722,99.121,99.121,1.84979e-06,1546
2025-11-11 18:51:26.778231,99.121,99.121,6.02564e-07,1837
2025-11-11 18:51:26.787341,99.121,99.121,3.51247e-06,1838
2025-11-11 18:51:26.796545,99.121,99.121,3.51247e-06,1685
2025-11-11 18:51:26.805915,99.121,99.121,7.15232e-07,1700
2025-11-11 18:51:26.816182,99.121,99.121,4.26213e-07,1678
2025-11-11 18:51:26.825355,99.121,99.121,4.43157e-06,1732
2025-11-11 18:51:26.834249,99.121,99.121,4.26213e-07,1433
2025-11-11 18:51:26.843742,99.121,99.121,4.26213e-07,1278
2025-11-11 18:51:26.853187,99.121,99.121,7.15232e-07,1365
2025-11-11 18:51:26.862200,99.121,99.121,7.15232e-07,1325
2025-11-11 18:51:26.871201,99.121,99.121,3.51247e-06,1418
2025-11-11 18:51:26.881004,99.121,99.121,7.15232e-07,1130
2025-11-11 18:51:26.890173,99.121,99.121,1.14145e-06,1251
2025-11-11 18:51:26.899404,99.121,99.121,1.14145e-06,1247
2025-11-11 18:51:26.908944,99.121,99.121,4.43157e-06,1992
2025-11-11 18:51:26.918617,99.121,99.121,4.43157e-06,1755
2025-11-11 18:51:26.928130,99.121,99.121,1.14145e-06,1407
2025-11-11 18:51:26.937146,99.121,99.121,3.51247e-06,1344
2025-11-11 18:51:26.946626,99.121,99.121,3.51247e-06,1283
2025-11-11 18:51:26.955726,99.121,99.121,1.14145e-06,1830
2025-11-11 18:51:26.964763,99.121,99.121,4.43157e-06,2042
2025-11-11 18:51:26.973681,99.121,99.121,1.14145e-06,2076
2025-11-11 18:51:26.983592,99.121,99.121,1.14145e-06,2074
2025-11-11 18:51:26.992765,99.121,99.121,1.14145e-06,2047
2025-11-11 18:51:27.001722,99.121,99.121,1.14145e-06,1859
2025-11-11 18:51:27.011428,99.121,99.121,4.43157e-06,1881
2025-11-11 18:51:27.020830,99.121,99.121,4.43157e-06,1711
2025-11-11 18:51:27.030000,99.121,99.121,7.31643e-07,1663
2025-11-11 18:51:27.038764,99.121,99.121,7.31643e-07,1600
2025-11-11 18:51:27.047882,99.121,99.121,7.31643e-07,1571
2025-11-11 18:51:27.056600,99.121,99.121,1.87151e-06,2035
2025-11-11 18:51:27.066785,99.121,99.121,1.87151e-06,1901
2025-11-11 18:51:27.076391,99.121,99.121,7.31643e-07,1670
2025-11-11 18:51:27.085571,99.121,99.121,4.43157e-06,1835
2025-11-11 18:51:27.095087,99.121,99.121,1.14145e-06,1981
2025-11-11 18:51:27.104421,99.121,99.121,1.14145e-06,1720
2025-11-11 18:51:27.113946,99.121,99.121,4.43157e-06,2071
2025-11-11 18:51:27.124195,99.121,99.121,7.31643e-07,2042
2025-11-11 18:51:27.134237,99.121,99.121,1.87151e-06,2216
2025-11-11 18:51:27.143327,99.121,99.121,5.54941e-07,2832
2025-11-11 18:51:27.152183,99.121,99.121,5.54941e-07,2737
2025-11-11 18:51:27.162255,99.121,99.121,5.54941e-07,2235
2025-11-11 18:51:27.171434,99.121,99.121,5.54941e-07,2181
2025-11-11 18:51:27.180876,99.121,99.121,1.87151e-06,2164
2025-11-11 18:51:27.189905,99.121,99.121,1.87151e-06,2137
2025-11-11 18:51:27.199801,99.121,99.121,7.31643e-07,2309
2025-11-11 18:51:27.208801,99.121,99.121,4.43157e-06,2326
2025-11-11 18:51:27.218082,99.121,99.121,7.31643e-07,2570
2025-11-11 18:51:27.227828,99.121,99.121,7.31643e-07,2552
2025-11-11 18:51:27.237008,99.121,99.121,7.31643e-07,2291
2025-11-11 18:51:27.246231,99.121,99.121,7.31643e-07,2226
2025-11-11 18:51:27.255140,99.121,99.121,4.43157e-06,2189
2025-11-11 18:51:27.265168,99.121,99.121,7.31643e-07,2381
2025-11-11 18:51:27.274123,99.121,99.121,1.87151e-06,2394
2025-11-11 18:51:27.283650,99.121,99.121,5.54941e-07,2423
2025-11-11 18:51:27.292794,99.121,99.121,1.42063e-06,1981
2025-11-11 18:51:27.302341,99.121,99.121,5.54941e-07,2539
2025-11-11 18:51:27.311806,99.121,99.121,1.87151e-06,2452
2025-11-11 18:51:27.321194,99.121,99.121,7.31643e-07,2079
2025-11-11 18:51:27.330741,99.121,99.121,1.87151e-06,2364
2025-11-11 18:51:27.339999,99.121,99.121,7.31643e-07,2384
2025-11-11 18:51:27.349187,99.121,99.121,4.43157e-06,2170
2025-11-11 18:51:27.358773,99.121,99.121,1.14145e-06,1763
2025-11-11 18:51:27.368526,99.121,99.121,1.14145e-06,1652
2025-11-11 18:51:27.377680,99.121,99.121,1.14145e-06,1644
2025-11-11 18:51:27.386685,99.121,99.121,1.14145e-06,1535
2025-11-11 18:51:27.395986,99.121,99.121,4.43157e-06,1803
2025-11-11 18:51:27.404617,99.121,99.121,7.31643e-07,2015
2025-11-11 18:51:27.414500,99.121,99.121,4.43157e-06,1794
2025-11-11 18:51:27.424541,99.121,99.121,1.14145e-06,1597
2025-11-11 18:51:27.434369,99.121,99.121,1.14145e-06,1589
2025-11-11 18:51:27.443815,99.121,99.121,1.14145e-06,1418
2025-11-11 18:51:27.453243,99.121,99.121,4.43157e-06,1531
2025-11-11 18:51:27.462428,99.121,99.121,1.14145e-06,1276
2025-11-11 18:51:27.471392,99.121,99.121,1.14145e-06,1225
2025-11-11 18:51:27.481373,99.121,99.121,3.51247e-06,1259
2025-11-11 18:51:27.490433,99.121,99.121,6.02564e-07,1252
2025-11-11 18:51:27.499675,99.121,99.121,3.51247e-06,1216
2025-11-11 18:51:27.509178,99.121,99.121,1.14145e-06,1145
2025-11-11 18:51:27.518867,99.121,99.121,3.51247e-06,1350
2025-11-11 18:51:27.528593,99.121,99.121,2.45236e-06,1703
2025-11-11 18:51:27.537614,99.121,99.121,3.66207e-06,1571
2025-11-11 18:51:27.547272,99.121,99.121,3.66207e-06,1494
2025-11-11 18:51:27.556357,99.121,99.121,1.43555e-06,1535
2025-11-11 18:51:27.565360,99.121,99.121,5.35793e-06,1634
2025-11-11 18:51:27.574830,99.121,99.121,1.43555e-06,1448
2025-11-11 18:51:27.584871,99.121,99.121,5.35793e-06,2144
2025-11-11 18:51:27.594310,99.121,99.121,5.35793e-06,2137
2025-11-11 18:51:27.603376,99.121,99.121,1.43555e-06,1418
2025-11-11 18:51:27.613540,99.121,99.121,3.66207e-06,1272
2025-11-11 18:51:27.622850,99.121,99.121,1.43555e-06,1647
2025-11-11 18:51:27.632230,99.121,99.121,5.35793e-06,1883
2025-11-11 18:51:27.641621,99.121,99.121,1.43555e-06,2117
2025-11-11 18:51:27.651254,99.121,99.121,1.43555e-06,2052
2025-11-11 18:51:27.660573,99.121,99.121,1.43555e-06,1836
2025-11-11 18:51:27.669584,99.121,99.121,5.35793e-06,1747
2025-11-11 18:51:27.679440,99.121,99.121,5.35793e-06,1700
2025-11-11 18:51:27.688495,99.121,99.121,1.98554e-06,1718
2025-11-11 18:51:27.697538,99.121,99.121,1.98554e-06,1692
2025-11-11 18:51:27.706832,99.121,99.121,5.35793e-06,1769
2025-11-11 18:51:27.716517,99.121,99.121,1.98554e-06,1772
2025-11-11 18:51:27.725745,99.121,99.121,5.35793e-06,1972
2025-11-11 18:51:27.735151,99.121,99.121,1.43555e-06,1834
2025-11-11 18:51:27.744055,99.121,99.121,3.66207e-06,1781
2025-11-11 18:51:27.753372,99.121,99.121,2.45236e-06,2339
2025-11-11 18:51:27.763447,99.121,99.121,2.45236e-06,2057
2025-11-11 18:51:27.772599,99.121,99.121,2.45236e-06,2046
2025-11-11 18:51:27.782091,99.121,99.121,2.45236e-06,1742
2025-11-11 18:51:27.791216,99.121,99.121,2.45236e-06,1646
2025-11-11 18:51:27.801005,99.121,99.121,2.45236e-06,1373
2025-11-11 18:51:27.810490,99.121,99.121,3.66207e-06,1683
2025-11-11 18:51:27.819398,99.121,99.121,3.66207e-06,1635
2025-11-11 18:51:27.829561,99.121,99.121,3.66207e-06,1370
2025-11-11 18:51:27.838724,99.121,99.121,1.43555e-06,1438
2025-11-11 18:51:27.847953,99.121,99.121,3.66207e-06,1519
2025-11-11 18:51:27.856969,99.121,99.121,3.66207e-06,1373
2025-11-11 18:51:27.867221,99.121,99.121,3.66207e-06,1352
2025-11-11 18:51:27.876414,99.121,99.121,3.66207e-06,1228
2025-11-11 18:51:27.885156,99.121,99.121,3.66207e-06,1221
2025-11-11 18:51:27.894676,99.121,99.121,2.45236e-06,1425
2025-11-11 18:51:27.903788,99.121,99.121,3.51247e-06,1908
2025-11-11 18:51:27.913148,99.121,99.121,3.51247e-06,1751
2025-11-11 18:51:27.922010,99.121,99.121,2.45236e-06,1532
2025-11-11 18:51:27.931764,99.121,99.121,3.66207e-06,1248
2025-11-11 18:51:27.940934,99.121,99.121,1.43555e-06,1767
2025-11-11 18:51:27.949947,99.121,99.121,1.43555e-06,1321
2025-11-11 18:51:27.959352,99.121,99.121,3.66207e-06,1886
2025-11-11 18:51:27.969023,99.121,99.121,2.45236e-06,2232
2025-11-11 18:51:27.978334,99.121,99.121,3.66207e-06,2230
2025-11-11 18:51:27.987253,99.121,99.121,3.66207e-06,2146
2025-11-11 18:51:27.997093,99.121,99.121,1.43555e-06,1722
2025-11-11 18:51:28.006320,99.121,99.121,3.66207e-06,2018
2025-11-11 18:51:28.015691,99.121,99.121,3.66207e-06,1930
2025-11-11 18:51:28.025207,99.121,99.121,3.66207e-06,1747
2025-11-11 18:51:28.034840,99.121,99.121,3.66207e-06,1658
2025-11-11 18:51:28.044086,99.121,99.121,1.43555e-06,1789
2025-11-11 18:51:28.053074,99.121,99.121,1.43555e-06,1455
2025-11-11 18:51:28.063131,99.121,99.121,1.43555e-06,1423
2025-11-11 18:51:28.072430,99.121,99.121,3.66207e-06,1703
2025-11-11 18:51:28.081706,99.121,99.121,2.45236e-06,1661
2025-11-11 18:51:28.090830,99.121,99.121,3.51247e-06,1592
2025-11-11 18:51:28.099732,99.121,99.121,3.51247e-06,1540
2025-11-11 18:51:28.109619,99.121,99.121,3.51247e-06,1464
2025-11-11 18:51:28.119235,99.121,99.121,2.45236e-06,1775
2025-11-11 18:51:28.130210,99.121,99.121,2.45236e-06,1611
2025-11-11 18:51:28.139563,99.121,99.121,3.66207e-06,1488
2025-11-11 18:51:28.149740,99.121,99.121,2.45236e-06,1749
2025-11-11 18:51:28.159020,99.121,99.121,3.66207e-06,1764
2025-11-11 18:51:28.169082,99.121,99.121,1.43555e-06,1639
2025-11-11 18:51:28.179064,99.121,99.121,3.66207e-06,2206
2025-11-11 18:51:28.188227,99.121,99.121,2.45236e-06,2345
2025-11-11 18:51:28.197500,99.121,99.121,3.51247e-06,2149
2025-11-11 18:51:28.206642,99.121,99.121,2.45236e-06,2710
2025-11-11 18:51:28.217123,99.121,99.121,2.45236e-06,2659
2025-11-11 18:51:28.226483,99.121,99.121,3.66207e-06,2283
2025-11-11 18:51:28.235619,99.121,99.121,3.66207e-06,2125
2025-11-11 18:51:28.246069,99.121,99.121,2.45236e-06,2334
2025-11-11 18:51:28.255415,99.121,99.121,2.45236e-06,2011
2025-11-11 18:51:28.264676,99.121,99.121,2.45236e-06,1748
2025-11-11 18:51:28.273438,99.121,99.121,3.66207e-06,1591
2025-11-11 18:51:28.283555,99.121,99.121,2.45236e-06,1976
2025-11-11 18:51:28.292959,99.121,99.121,3.66207e-06,1818
2025-11-11 18:51:28.301873,99.121,99.121,2.45236e-06,1626
2025-11-11 18:51:28.312076,99.121,99.121,3.51247e-06,1847
2025-11-11 18:51:28.321345,99.121,99.121,3.51247e-06,1837
2025-11-11 18:51:28.330869,99.121,99.121,3.51247e-06,1671
2025-11-11 18:51:28.339920,99.121,99.121,2.45236e-06,1733
2025-11-11 18:51:28.350485,99.121,99.121,3.51247e-06,1744
2025-11-11 18:51:28.359784,99.121,99.121,2.45236e-06,1907
2025-11-11 18:51:28.368771,99.121,99.121,3.66207e-06,1899
2025-11-11 18:51:28.378490,99.121,99.121,2.45236e-06,2158
2025-11-11 18:51:28.387668,99.121,99.121,2.45236e-06,2136
2025-11-11 18:51:28.396828,99.121,99.121,2.45236e-06,2028
2025-11-11 18:51:28.405766,99.121,99.121,3.66207e-06,1911
2025-11-11 18:51:28.416149,99.121,99.121,3.66207e-06,1847
2025-11-11 18:51:28.425092,99.121,99.121,3.66207e-06,1804
2025-11-11 18:51:28.434334,99.121,99.121,3.66207e-06,1766
2025-11-11 18:51:28.443646,99.121,99.121,2.45236e-06,1971
2025-11-11 18:51:28.452614,99.121,99.121,3.51247e-06,1772
2025-11-11 18:51:28.462786,99.121,99.121,1.14145e-06,1873
2025-11-11 18:51:28.471953,99.121,99.121,1.14145e-06,1805
2025-11-11 18:51:28.481219,99.121,99.121,4.43157e-06,2320
2025-11-11 18:51:28.490087,99.121,99.121,7.31643e-07,1884
2025-11-11 18:51:28.500134,99.121,99.121,7.31643e-07,1884
2025-11-11 18:51:28.509560,99.121,99.121,4.43157e-06,2518
2025-11-11 18:51:28.518355,99.121,99.121,7.31643e-07,1891
2025-11-11 18:51:28.528394,99.121,99.121,4.43157e-06,2949
2025-11-11 18:51:28.537665,99.121,99.121,4.43157e-06,2803
2025-11-11 18:51:28.547057,99.121,99.121,1.14145e-06,2717
2025-11-11 18:51:28.557115,99.121,99.121,1.14145e-06,2652
2025-11-11 18:51:28.566690,99.121,99.121,3.51247e-06,3131
2025-11-11 18:51:28.576186,99.121,99.121,2.45236e-06,3094
2025-11-11 18:51:28.585172,99.121,99.121,3.66207e-06,3303
2025-11-11 18:51:28.595281,99.121,99.121,3.66207e-06,3088
2025-11-11 18:51:28.604603,99.121,99.121,3.66207e-06,2965
2025-11-11 18:51:28.613941,99.121,99.121,3.66207e-06,2903
2025-11-11 18:51:28.623088,99.121,99.121,3.66207e-06,2579
2025-11-11 18:51:28.633089,99.121,99.121,3.66207e-06,2574
2025-11-11 18:51:28.642483,99.121,99.121,3.66207e-06,2481
2025-11-11 18:51:28.651756,99.121,99.121,2.45236e-06,2801
2025-11-11 18:51:28.662097,99.121,99.121,2.45236e-06,2530
2025-11-11 18:51:28.671304,99.121,99.121,3.51247e-06,2681
2025-11-11 18:51:28.680155,99.121,99.121,3.51247e-06,2590
2025-11-11 18:51:28.689390,99.121,99.121,2.45236e-06,2622
2025-11-11 18:51:28.699857,99.121,99.121,2.45236e-06,2594
2025-11-11 18:51:28.708971,99.121,99.121,3.66207e-06,2519
2025-11-11 18:51:28.718656,99.121,99.121,2.45236e-06,2521
2025-11-11 18:51:28.728644,99.121,99.121,3.51247e-06,2527
2025-11-11 18:51:28.738042,99.121,99.121,2.45236e-06,2402
2025-11-11 18:51:28.747336,99.121,99.121,3.51247e-06,2632
2025-11-11 18:51:28.756771,99.121,99.121,3.51247e-06,2574
2025-11-11 18:51:28.766628,99.121,99.121,1.14145e-06,2054
2025-11-11 18:51:28.776327,99.121,99.121,3.51247e-06,2444
2025-11-11 18:51:28.785413,99.121,99.121,3.51247e-06,2352
2025-11-11 18:51:28.794702,99.121,99.121,3.51247e-06,2338
2025-11-11 18:51:28.803781,99.121,99.121,3.51247e-06,2224
2025-11-11 18:51:28.814041,99.121,99.121,3.51247e-06,2017
2025-11-11 18:51:28.823284,99.121,99.121,1.14145e-06,2060
2025-11-11 18:51:28.832597,99.121,99.121,3.51247e-06,2468
2025-11-11 18:51:28.842523,99.121,99.121,2.45236e-06,2414
2025-11-11 18:51:28.852655,99.121,99.121,3.51247e-06,2390
2025-11-11 18:51:28.861888,99.121,99.121,1.14145e-06,1948
2025-11-11 18:51:28.871072,99.121,99.121,3.51247e-06,2684
2025-11-11 18:51:28.881191,99.121,99.121,2.45236e-06,2645
2025-11-11 18:51:28.890814,99.121,99.121,3.51247e-06,2957
2025-11-11 18:51:28.900160,99.121,99.121,3.51247e-06,2285
2025-11-11 18:51:28.909818,99.121,99.121,3.51247e-06,2172
2025-11-11 18:51:28.919553,99.121,99.121,3.51247e-06,2028
2025-11-11 18:51:28.928875,99.121,99.121,3.51247e-06,1948
2025-11-11 18:51:28.937986,99.121,99.121,2.45236e-06,1727
2025-11-11 18:51:28.947744,99.121,99.121,3.66207e-06,1540
2025-11-11 18:51:28.957400,99.121,99.121,1.43555e-06,1566
2025-11-11 18:51:28.966846,99.121,99.121,1.43555e-06,1532
2025-11-11 18:51:28.976322,99.121,99.121,1.43555e-06,1419
2025-11-11 18:51:28.986044,99.121,99.121,1.43555e-06,1406
2025-11-11 18:51:28.995529,99.121,99.121,3.66207e-06,1636
2025-11-11 18:51:29.004724,99.121,99.121,3.66207e-06,1619
2025-11-11 18:51:29.015488,99.121,99.121,2.45236e-06,2028
2025-11-11 18:51:29.024995,99.121,99.121,2.45236e-06,1952
2025-11-11 18:51:29.034244,99.121,99.121,2.45236e-06,1854
2025-11-11 18:51:29.043982,99.121,99.121,3.51247e-06,2188
2025-11-11 18:51:29.053817,99.121,99.121,2.45236e-06,1935
2025-11-11 18:51:29.063272,99.121,99.121,3.51247e-06,2067
2025-11-11 18:51:29.072691,99.121,99.121,2.45236e-06,1722
2025-11-11 18:51:29.082481,99.121,99.121,3.51247e-06,2093
2025-11-11 18:51:29.092044,99.121,99.121,2.45236e-06,1625
2025-11-11 18:51:29.101428,99.121,99.121,3.51247e-06,2012
2025-11-11 18:51:29.110951,99.121,99.121,1.14145e-06,2396
2025-11-11 18:51:29.122051,99.121,99.121,1.14145e-06,2128
2025-11-11 18:51:29.132012,99.121,99.121,1.14145e-06,1932
2025-11-11 18:51:29.141325,99.121,99.121,1.76685e-06,1866
2025-11-11 18:51:29.150395,99.121,99.121,2.66472e-06,2028
2025-11-11 18:51:29.160124,99.121,99.121,1.76685e-06,2287
2025-11-11 18:51:29.169732,99.121,99.121,1.76685e-06,2091
2025-11-11 18:51:29.179306,99.121,99.121,1.76685e-06,1982
2025-11-11 18:51:29.189299,99.121,99.121,2.66472e-06,2466
2025-11-11 18:51:29.199737,99.121,99.121,7.31643e-07,1953
2025-11-11 18:51:29.209621,99.121,99.121,2.66472e-06,2447
2025-11-11 18:51:29.218707,99.121,99.121,2.66472e-06,1933
2025-11-11 18:51:29.228548,99.121,99.121,2.66472e-06,1922
2025-11-11 18:51:29.237827,99.121,99.121,2.66472e-06,1847
2025-11-11 18:51:29.247000,99.121,99.121,7.31643e-07,2482
2025-11-11 18:51:29.256223,99.121,99.121,7.31643e-07,2205
2025-11-11 18:51:29.266726,99.121,99.121,2.66472e-06,1909
2025-11-11 18:51:29.276474,99.121,99.121,2.66472e-06,1634
2025-11-11 18:51:29.285797,99.121,99.121,1.76685e-06,1659
2025-11-11 18:51:29.295839,99.121,99.121,2.66472e-06,1621
2025-11-11 18:51:29.305041,99.121,99.121,2.66472e-06,1596
2025-11-11 18:51:29.314501,99.121,99.121,2.66472e-06,1455
2025-11-11 18:51:29.323416,99.121,99.121,7.31643e-07,1513
2025-11-11 18:51:29.333921,99.121,99.121,2.66472e-06,1480
2025-11-11 18:51:29.343400,99.121,99.121,7.31643e-07,1478
2025-11-11 18:51:29.352685,99.121,99.121,7.31643e-07,1363
2025-11-11 18:51:29.363000,99.121,99.121,1.87151e-06,1633
2025-11-11 18:51:29.372071,99.121,99.121,1.87151e-06,1577
2025-11-11 18:51:29.381885,99.121,99.121,7.31643e-07,1291
2025-11-11 18:51:29.391330,99.121,99.121,2.66472e-06,1209
2025-11-11 18:51:29.401291,99.121,99.121,1.76685e-06,1074
2025-11-11 18:51:29.410670,99.121,99.121,2.66472e-06,1730
2025-11-11 18:51:29.419531,99.121,99.121,2.66472e-06,1701
2025-11-11 18:51:29.429753,99.121,99.121,2.66472e-06,1603
2025-11-11 18:51:29.439031,99.121,99.121,2.66472e-06,1198
2025-11-11 18:51:29.448642,99.121,99.121,7.31643e-07,1649
2025-11-11 18:51:29.458014,99.121,99.121,7.31643e-07,1627
2025-11-11 18:51:29.468146,99.121,99.121,7.31643e-07,1390
2025-11-11 18:51:29.477940,99.121,99.121,1.87151e-06,1771
2025-11-11 18:51:29.487053,99.121,99.121,7.31643e-07,1396
2025-11-11 18:51:29.496037,99.121,99.121,2.66472e-06,1536
2025-11-11 18:51:29.504912,99.121,99.121,1.76685e-06,2052
2025-11-11 18:51:29.515001,99.121,99.121,1.14145e-06,2485
2025-11-11 18:51:29.524670,99.121,99.121,3.51247e-06,2585
2025-11-11 18:51:29.534097,99.121,99.121,2.45236e-06,2745
2025-11-11 18:51:29.543898,99.121,99.121,2.45236e-06,2681
2025-11-11 18:51:29.553713,99.121,99.121,3.51247e-06,2784
2025-11-11 18:51:29.562978,99.121,99.121,1.14145e-06,2706
2025-11-11 18:51:29.572235,99.121,99.121,1.14145e-06,2479
2025-11-11 18:51:29.582427,99.121,99.121,3.51247e-06,2824
2025-11-11 18:51:29.591732,99.121,99.121,2.45236e-06,2740
2025-11-11 18:51:29.601051,99.121,99.121,2.45236e-06,2574
2025-11-11 18:51:29.610730,99.121,99.121,3.66207e-06,2610
2025-11-11 18:51:29.620460,99.121,99.121,1.43555e-06,1653
2025-11-11 18:51:29.629699,99.121,99.121,3.66207e-06,2392
2025-11-11 18:51:29.638718,99.121,99.121,2.45236e-06,2601
2025-11-11 18:51:29.648966,99.121,99.121,3.51247e-06,3723
2025-11-11 18:51:29.658208,99.121,99.121,3.51247e-06,3487
2025-11-11 18:51:29.667603,99.121,99.121,1.14145e-06,3299
2025-11-11 18:51:29.677143,99.121,99.121,1.14145e-06,2986
2025-11-11 18:51:29.686687,99.121,99.121,3.51247e-06,3557
2025-11-11 18:51:29.695983,99.121,99.121,3.51247e-06,3383
2025-11-11 18:51:29.705047,99.121,99.121,3.51247e-06,3325
2025-11-11 18:51:29.715205,99.121,99.121,3.51247e-06,2891
2025-11-11 18:51:29.724293,99.121,99.121,3.51247e-06,2868
2025-11-11 18:51:29.733788,99.121,99.121,3.51247e-06,2842
2025-11-11 18:51:29.743852,99.121,99.121,3.51247e-06,2598
2025-11-11 18:51:29.753803,99.121,99.121,3.51247e-06,2281
2025-11-11 18:51:29.763376,99.121,99.121,2.45236e-06,2298
2025-11-11 18:51:29.772843,99.121,99.121,3.51247e-06,2312
2025-11-11 18:51:29.783351,99.121,99.121,3.51247e-06,2269
2025-11-11 18:51:29.792661,99.121,99.121,1.14145e-06,2577
2025-11-11 18:51:29.801935,99.121,99.121,1.14145e-06,2350
2025-11-11 18:51:29.811885,99.121,99.121,1.76685e-06,2552
2025-11-11 18:51:29.821398,99.121,99.121,1.76685e-06,2351
2025-11-11 18:51:29.830861,99.121,99.121,1.14145e-06,2355
2025-11-11 18:51:29.839792,99.121,99.121,1.14145e-06,2352
2025-11-11 18:51:29.848960,99.121,99.121,1.76685e-06,2241
2025-11-11 18:51:29.858413,99.121,99.121,1.14145e-06,2386
2025-11-11 18:51:29.868461,99.121,99.121,1.14145e-06,2325
2025-11-11 18:51:29.878387,99.121,99.121,1.14145e-06,2188
2025-11-11 18:51:29.887543,99.121,99.121,3.51247e-06,2386
2025-11-11 18:51:29.897736,99.121,99.121,2.45236e-06,2088
2025-11-11 18:51:29.907233,99.121,99.121,3.66207e-06,1966
2025-11-11 18:51:29.916756,99.121,99.121,3.66207e-06,1905
2025-11-11 18:51:29.926484,99.121,99.121,1.43555e-06,1302
2025-11-11 18:51:29.936302,99.121,99.121,5.35793e-06,1916
2025-11-11 18:51:29.945687,99.121,99.121,5.35793e-06,1890
2025-11-11 18:51:29.954819,99.121,99.121,5.35793e-06,1875
2025-11-11 18:51:29.964753,99.121,99.121,5.35793e-06,1536
2025-11-11 18:51:29.974158,99.121,99.121,1.98554e-06,1564
2025-11-11 18:51:29.983818,99.121,99.121,5.73137e-07,1565
2025-11-11 18:51:29.993628,99.121,99.121,1.98554e-06,1929
2025-11-11 18:51:30.003368,99.121,99.121,5.73137e-07,2091
2025-11-11 18:51:30.012683,99.121,99.121,5.73137e-07,1830
2025-11-11 18:51:30.022515,99.121,99.121,7.28404e-07,1588
2025-11-11 18:51:30.032794,99.121,99.121,5.73137e-07,1808
2025-11-11 18:51:30.042102,99.121,99.121,5.73137e-07,1548
2025-11-11 18:51:30.051424,99.121,99.121,5.73137e-07,1367
2025-11-11 18:51:30.061304,99.121,99.121,1.98554e-06,1475
2025-11-11 18:51:30.071085,99.121,99.121,5.73137e-07,1406
2025-11-11 18:51:30.080781,99.121,99.121,5.73137e-07,1406
2025-11-11 18:51:30.089892,99.121,99.121,7.28404e-07,1711
2025-11-11 18:51:30.100239,99.121,99.121,7.28404e-07,1571
2025-11-11 18:51:30.109735,99.121,99.121,5.73137e-07,1524
2025-11-11 18:51:30.118799,99.121,99.121,7.28404e-07,1447
2025-11-11 18:51:30.129660,99.121,99.121,5.73137e-07,1602
2025-11-11 18:51:30.138758,99.121,99.121,5.73137e-07,1442
2025-11-11 18:51:30.148066,99.121,99.121,7.28404e-07,1509
2025-11-11 18:51:30.157033,99.121,99.121,9.70854e-07,1633
2025-11-11 18:51:30.167359,99.121,99.121,7.28404e-07,1712
2025-11-11 18:51:30.176799,99.121,99.121,5.73137e-07,1584
2025-11-11 18:51:30.185966,99.121,99.121,1.98554e-06,1916
2025-11-11 18:51:30.194838,99.121,99.121,1.98554e-06,1860
2025-11-11 18:51:30.203694,99.121,99.121,1.98554e-06,1605
2025-11-11 18:51:30.213912,99.121,99.121,5.35793e-06,1853
2025-11-11 18:51:30.223534,99.121,99.121,5.35793e-06,1792
2025-11-11 18:51:30.233407,99.121,99.121,1.43555e-06,1583
2025-11-11 18:51:30.242983,99.121,99.121,1.43555e-06,1506
2025-11-11 18:51:30.252696,99.121,99.121,3.66207e-06,2395
2025-11-11 18:51:30.262418,99.121,99.121,3.66207e-06,2214
2025-11-11 18:51:30.271438,99.121,99.121,3.66207e-06,2190
2025-11-11 18:51:30.281202,99.121,99.121,5.96483e-06,3004
2025-11-11 18:51:30.290903,99.121,99.121,5.96483e-06,2432
2025-11-11 18:51:30.300315,99.121,99.121,1.14145e-06,2673
2025-11-11 18:51:30.309969,99.121,99.121,1.14145e-06,2556
2025-11-11 18:51:30.319700,99.121,99.121,1.14145e-06,2446
2025-11-11 18:51:30.329297,99.121,99.121,1.14145e-06,2372
2025-11-11 18:51:30.338640,99.121,99.121,5.96483e-06,2304
2025-11-11 18:51:30.348940,99.121,99.121,5.96483e-06,2211
2025-11-11 18:51:30.358486,99.121,99.121,1.14145e-06,2179
2025-11-11 18:51:30.367895,99.121,99.121,1.14145e-06,2141
2025-11-11 18:51:30.377340,99.121,99.121,1.14145e-06,2141
2025-11-11 18:51:30.386896,99.121,99.121,5.96483e-06,2483
2025-11-11 18:51:30.396605,99.121,99.121,5.96483e-06,2449
2025-11-11 18:51:30.405744,99.121,99.121,3.66207e-06,2527
2025-11-11 18:51:30.416295,99.121,99.121,5.96483e-06,2764
2025-11-11 18:51:30.425585,99.121,99.121,5.96483e-06,2681
2025-11-11 18:51:30.435383,99.121,99.121,5.96483e-06,2474
2025-11-11 18:51:30.445515,99.121,99.121,1.14145e-06,2214
2025-11-11 18:51:30.454887,99.121,99.121,1.76685e-06,2240
2025-11-11 18:51:30.464186,99.121,99.121,1.14145e-06,2171
2025-11-11 18:51:30.473375,99.121,99.121,1.76685e-06,2162
2025-11-11 18:51:30.483654,99.121,99.121,1.76685e-06,2155
2025-11-11 18:51:30.493445,99.121,99.121,1.76685e-06,2149
2025-11-11 18:51:30.502703,99.121,99.121,2.66472e-06,2092
2025-11-11 18:51:30.512870,99.121,99.121,2.66472e-06,2002
2025-11-11 18:51:30.522093,99.121,99.121,2.66472e-06,1915
2025-11-11 18:51:30.531635,99.121,99.121,1.76685e-06,1548
2025-11-11 18:51:30.540890,99.121,99.121,1.14145e-06,1930
2025-11-11 18:51:30.550102,99.121,99.121,1.76685e-06,1429
2025-11-11 18:51:30.559755,99.121,99.121,1.76685e-06,1389
2025-11-11 18:51:30.569427,99.121,99.121,1.76685e-06,1318
2025-11-11 18:51:30.579023,99.121,99.121,1.14145e-06,1910
2025-11-11 18:51:30.587913,99.121,99.121,5.96483e-06,2443
2025-11-11 18:51:30.597923,99.121,99.121,3.66207e-06,2406
2025-11-11 18:51:30.607246,99.121,99.121,3.66207e-06,2330
2025-11-11 18:51:30.617374,99.121,99.121,3.66207e-06,2236
2025-11-11 18:51:30.626970,99.121,99.121,5.96483e-06,2391
2025-11-11 18:51:30.636519,99.121,99.121,3.66207e-06,2313
2025-11-11 18:51:30.646172,99.121,99.121,3.66207e-06,2249
2025-11-11 18:51:30.655077,99.121,99.121,5.96483e-06,2706
2025-11-11 18:51:30.665161,99.121,99.121,5.96483e-06,2565
2025-11-11 18:51:30.674487,99.121,99.121,5.96483e-06,2348
2025-11-11 18:51:30.684017,99.121,99.121,5.96483e-06,2332
2025-11-11 18:51:30.693609,99.121,99.121,5.96483e-06,2255
2025-11-11 18:51:30.703750,99.121,99.121,5.96483e-06,1972
2025-11-11 18:51:30.713162,99.121,99.121,3.66207e-06,2559
2025-11-11 18:51:30.722392,99.121,99.121,3.66207e-06,2338
2025-11-11 18:51:30.732767,99.121,99.121,3.66207e-06,2179
2025-11-11 18:51:30.741969,99.121,99.121,3.66207e-06,2151
2025-11-11 18:51:30.751645,99.121,99.121,3.66207e-06,2107
2025-11-11 18:51:30.761463,99.121,99.121,3.66207e-06,2009
2025-11-11 18:51:30.770892,99.121,99.121,5.96483e-06,1861
2025-11-11 18:51:30.780365,99.121,99.121,1.14145e-06,1601
2025-11-11 18:51:30.789463,99.121,99.121,5.96483e-06,1780
2025-11-11 18:51:30.800227,99.121,99.121,1.14145e-06,1616
2025-11-11 18:51:30.809777,99.121,99.121,1.14145e-06,1602
2025-11-11 18:51:30.819017,99.121,99.121,1.14145e-06,1287
2025-11-11 18:51:30.828748,99.121,99.121,5.96483e-06,1542
2025-11-11 18:51:30.838085,99.121,99.121,5.96483e-06,1489
2025-11-11 18:51:30.847416,99.121,99.121,1.14145e-06,1499
2025-11-11 18:51:30.856525,99.121,99.121,1.14145e-06,1406
2025-11-11 18:51:30.867283,99.121,99.121,1.76685e-06,1527
2025-11-11 18:51:30.877182,99.121,99.121,2.66472e-06,1885
2025-11-11 18:51:30.886348,99.121,99.121,2.66472e-06,1884
2025-11-11 18:51:30.895415,99.121,99.121,2.66472e-06,1831
2025-11-11 18:51:30.904600,99.121,99.121,1.76685e-06,1850
2025-11-11 18:51:30.914749,99.121,99.121,1.76685e-06,1626
2025-11-11 18:51:30.924162,99.121,99.121,1.76685e-06,1444
2025-11-11 18:51:30.933574,99.121,99.121,2.66472e-06,1419
2025-11-11 18:51:30.943234,99.121,99.121,7.31643e-07,1465
2025-11-11 18:51:30.952847,99.121,99.121,7.31643e-07,1422
2025-11-11 18:51:30.962285,99.121,99.121,7.31643e-07,1261
2025-11-11 18:51:30.971542,99.121,99.121,2.42645e-06,1915
2025-11-11 18:51:30.981455,99.121,99.121,2.42645e-06,1877
2025-11-11 18:51:30.990869,99.121,99.121,1.42063e-06,1980
2025-11-11 18:51:31.000056,99.121,99.121,2.42645e-06,1775
2025-11-11 18:51:31.009907,99.121,99.121,1.42063e-06,1735
2025-11-11 18:51:31.020018,99.121,99.121,1.42063e-06,1657
2025-11-11 18:51:31.029776,99.121,99.121,1.42063e-06,1309
2025-11-11 18:51:31.038879,99.121,99.121,1.42063e-06,1282
2025-11-11 18:51:31.049610,99.121,99.121,2.42645e-06,1920
2025-11-11 18:51:31.059001,99.121,99.121,2.42645e-06,1654
2025-11-11 18:51:31.068684,99.121,99.121,2.42645e-06,1559
2025-11-11 18:51:31.079840,99.121,99.121,2.42645e-06,1284
2025-11-11 18:51:31.090143,99.121,99.121,2.42645e-06,1149
2025-11-11 18:51:31.099755,99.121,99.121,1.42063e-06,1422
2025-11-11 18:51:31.109980,99.121,99.121,1.42063e-06,1152
2025-11-11 18:51:31.119507,99.121,99.121,2.42645e-06,1199
2025-11-11 18:51:31.130008,99.121,99.121,1.42063e-06,1198
2025-11-11 18:51:31.139610,99.121,99.121,3.77427e-07,1442
2025-11-11 18:51:31.149893,99.121,99.121,1.42063e-06,1641
2025-11-11 18:51:31.159571,99.121,99.121,1.42063e-06,1534
2025-11-11 18:51:31.168830,99.121,99.121,1.42063e-06,1289
2025-11-11 18:51:31.178664,99.121,99.121,2.42645e-06,1271
2025-11-11 18:51:31.188119,99.121,99.121,2.42645e-06,1094
2025-11-11 18:51:31.197428,99.121,99.121,7.31643e-07,1077
2025-11-11 18:51:31.206448,99.121,99.121,2.42645e-06,1274
2025-11-11 18:51:31.217084,99.121,99.121,7.31643e-07,1163
2025-11-11 18:51:31.226860,99.121,99.121,2.42645e-06,1263
2025-11-11 18:51:31.236699,99.121,99.121,1.42063e-06,1252
2025-11-11 18:51:31.246094,99.121,99.121,1.42063e-06,1246
2025-11-11 18:51:31.255075,99.121,99.121,3.77427e-07,1282
2025-11-11 18:51:31.265379,99.121,99.121,8.9787e-07,1191
2025-11-11 18:51:31.274750,99.121,99.121,3.77427e-07,1325
2025-11-11 18:51:31.284134,99.121,99.121,8.9787e-07,1420
2025-11-11 18:51:31.293833,99.121,99.121,4.8446e-07,1606
2025-11-11 18:51:31.303750,99.121,99.121,1.61538e-07,1549
2025-11-11 18:51:31.313369,99.121,99.121,6.9879e-06,1571
2025-11-11 18:51:31.322999,99.121,99.121,3.04805e-06,1972
2025-11-11 18:51:31.333308,99.121,99.121,1.94368e-07,2085
2025-11-11 18:51:31.342729,99.121,99.121,1.94368e-07,1814
2025-11-11 18:51:31.351974,99.121,99.121,1.94368e-07,1650
2025-11-11 18:51:31.362067,99.1209,99.121,1.64535e-05,1643
2025-11-11 18:51:31.371673,99.1209,99.1209,5.15329e-06,1625
2025-11-11 18:51:31.381245,99.1209,99.1209,5.15329e-06,1558
2025-11-11 18:51:31.390476,99.1209,99.1209,5.15329e-06,1501
2025-11-11 18:51:31.400249,99.1209,99.121,1.64535e-05,1826
2025-11-11 18:51:31.409782,99.1209,99.121,1.64535e-05,1628
2025-11-11 18:51:31.419096,99.121,99.121,1.94368e-07,2213
2025-11-11 18:51:31.429301,99.121,99.121,1.94368e-07,2191
2025-11-11 18:51:31.439069,99.121,99.121,3.04805e-06,2641
2025-11-11 18:51:31.449165,99.121,99.121,3.04805e-06,2314
2025-11-11 18:51:31.458939,99.121,99.121,1.94368e-07,1807
2025-11-11 18:51:31.468663,99.121,99.121,1.94368e-07,1667
2025-11-11 18:51:31.478698,99.121,99.121,1.94368e-07,1641
2025-11-11 18:51:31.488098,99.121,99.121,1.94368e-07,1420
2025-11-11 18:51:31.498244,99.1209,99.121,1.64535e-05,1126
2025-11-11 18:51:31.507711,99.121,99.121,1.94368e-07,1392
2025-11-11 18:51:31.516912,99.121,99.121,3.04805e-06,1886
2025-11-11 18:51:31.527458,99.121,99.121,3.04805e-06,1844
2025-11-11 18:51:31.537029,99.121,99.121,3.04805e-06,1697
2025-11-11 18:51:31.546501,99.121,99.121,1.94368e-07,1569
2025-11-11 18:51:31.555881,99.121,99.121,3.04805e-06,2115
2025-11-11 18:51:31.566147,99.121,99.121,3.04805e-06,1981
2025-11-11 18:51:31.575603,99.121,99.121,6.9879e-06,2301
2025-11-11 18:51:31.585000,99.121,99.121,6.9879e-06,2200
2025-11-11 18:51:31.594230,99.121,99.121,6.9879e-06,2018
2025-11-11 18:51:31.603591,99.121,99.121,1.61538e-07,2039
2025-11-11 18:51:31.613697,99.121,99.121,4.8446e-07,1860
2025-11-11 18:51:31.623556,99.121,99.121,1.61538e-07,2154
2025-11-11 18:51:31.633220,99.121,99.121,6.9879e-06,2110
2025-11-11 18:51:31.643181,99.121,99.121,6.9879e-06,2068
2025-11-11 18:51:31.653100,99.121,99.121,1.61538e-07,2125
2025-11-11 18:51:31.662590,99.121,99.121,1.61538e-07,2108
2025-11-11 18:51:31.671906,99.121,99.121,4.8446e-07,1825
2025-11-11 18:51:31.682165,99.121,99.121,4.8446e-07,1588
2025-11-11 18:51:31.691508,99.121,99.121,8.9787e-07,1617
2025-11-11 18:51:31.701142,99.121,99.121,4.8446e-07,1724
2025-11-11 18:51:31.711076,99.121,99.121,4.8446e-07,1718
2025-11-11 18:51:31.720789,99.121,99.121,8.9787e-07,1769
2025-11-11 18:51:31.730790,99.121,99.121,4.8446e-07,1722
2025-11-11 18:51:31.740066,99.121,99.121,8.9787e-07,1782
2025-11-11 18:51:31.750558,99.121,99.121,8.9787e-07,1567
2025-11-11 18:51:31.760488,99.121,99.121,4.8446e-07,1636
2025-11-11 18:51:31.769866,99.121,99.121,1.61538e-07,1920
2025-11-11 18:51:31.780272,99.121,99.121,1.61538e-07,1858
2025-11-11 18:51:31.789768,99.121,99.121,1.61538e-07,1791
2025-11-11 18:51:31.799218,99.121,99.121,1.61538e-07,1758
2025-11-11 18:51:31.809070,99.121,99.121,1.61538e-07,1649
2025-11-11 18:51:31.818948,99.121,99.121,4.8446e-07,1606
2025-11-11 18:51:31.828917,99.121,99.121,1.38233e-06,1376
2025-11-11 18:51:31.838180,99.121,99.121,1.61538e-07,1678
2025-11-11 18:51:31.848654,99.121,99.121,6.9879e-06,1648
2025-11-11 18:51:31.858176,99.121,99.121,3.04805e-06,2461
2025-11-11 18:51:31.867620,99.121,99.121,3.04805e-06,2164
2025-11-11 18:51:31.877743,99.121,99.121,3.04805e-06,1676
2025-11-11 18:51:31.887142,99.121,99.121,3.04805e-06,1655
2025-11-11 18:51:31.896649,99.121,99.121,6.9879e-06,1488
2025-11-11 18:51:31.905622,99.121,99.121,1.61538e-07,1566
2025-11-11 18:51:31.915960,99.121,99.121,1.61538e-07,1388
2025-11-11 18:51:31.925367,99.121,99.121,1.38233e-06,1283
2025-11-11 18:51:31.934984,99.121,99.121,1.61538e-07,1405
2025-11-11 18:51:31.944864,99.121,99.121,1.38233e-06,1522
2025-11-11 18:51:31.953971,99.121,99.121,1.61538e-07,1579
2025-11-11 18:51:31.964227,99.121,99.121,1.38233e-06,1597
2025-11-11 18:51:31.973724,99.121,99.121,3.77427e-07,1947
2025-11-11 18:51:31.983245,99.121,99.121,3.77427e-07,1782
2025-11-11 18:51:31.992873,99.121,99.121,3.77427e-07,1779
2025-11-11 18:51:32.002931,99.121,99.121,1.38233e-06,1908
2025-11-11 18:51:32.012431,99.121,99.121,1.38233e-06,1638
2025-11-11 18:51:32.021648,99.121,99.121,1.38233e-06,1545
2025-11-11 18:51:32.031942,99.121,99.121,1.38233e-06,1519
2025-11-11 18:51:32.041344,99.121,99.121,1.38233e-06,1463
2025-11-11 18:51:32.050601,99.121,99.121,1.38233e-06,1350
2025-11-11 18:51:32.060650,99.121,99.121,1.61538e-07,1729
2025-11-11 18:51:32.070334,99.121,99.121,1.38233e-06,1612
2025-11-11 18:51:32.079939,99.121,99.121,3.77427e-07,2154
2025-11-11 18:51:32.088992,99.121,99.121,1.42063e-06,2026
2025-11-11 18:51:32.099656,99.121,99.121,2.42645e-06,1856
2025-11-11 18:51:32.109249,99.121,99.121,2.42645e-06,1826
2025-11-11 18:51:32.118369,99.121,99.121,1.42063e-06,2303
2025-11-11 18:51:32.129703,99.121,99.121,1.42063e-06,1859
2025-11-11 18:51:32.139159,99.121,99.121,2.42645e-06,2715
2025-11-11 18:51:32.148654,99.121,99.121,7.31643e-07,2483
2025-11-11 18:51:32.157850,99.121,99.121,2.66472e-06,3025
2025-11-11 18:51:32.168123,99.121,99.121,1.76685e-06,3012
2025-11-11 18:51:32.177845,99.121,99.121,1.76685e-06,2887
2025-11-11 18:51:32.187210,99.121,99.121,1.76685e-06,2875
2025-11-11 18:51:32.196922,99.121,99.121,1.14145e-06,3451
2025-11-11 18:51:32.206410,99.121,99.121,5.96483e-06,2782
2025-11-11 18:51:32.215927,99.121,99.121,3.66207e-06,2958
2025-11-11 18:51:32.225841,99.121,99.121,5.96483e-06,2798
2025-11-11 18:51:32.236032,99.121,99.121,1.14145e-06,3595
2025-11-11 18:51:32.245663,99.121,99.121,5.96483e-06,2605
2025-11-11 18:51:32.254885,99.121,99.121,3.66207e-06,2780
2025-11-11 18:51:32.265058,99.121,99.121,3.66207e-06,2759
2025-11-11 18:51:32.274883,99.121,99.121,1.43555e-06,2067
2025-11-11 18:51:32.284620,99.121,99.121,5.35793e-06,2065
2025-11-11 18:51:32.293817,99.121,99.121,5.35793e-06,1714
2025-11-11 18:51:32.302995,99.121,99.121,5.35793e-06,1713
2025-11-11 18:51:32.313365,99.121,99.121,1.43555e-06,2112
2025-11-11 18:51:32.322902,99.121,99.121,3.66207e-06,3513
2025-11-11 18:51:32.332906,99.121,99.121,3.66207e-06,3485
2025-11-11 18:51:32.342880,99.121,99.121,3.66207e-06,3373
2025-11-11 18:51:32.352635,99.121,99.121,3.66207e-06,3260
2025-11-11 18:51:32.362090,99.121,99.121,3.66207e-06,3126
2025-11-11 18:51:32.371413,99.121,99.121,5.96483e-06,3272
2025-11-11 18:51:32.381379,99.121,99.121,5.96483e-06,3044
2025-11-11 18:51:32.390889,99.121,99.121,1.14145e-06,3816
2025-11-11 18:51:32.400323,99.121,99.121,1.14145e-06,3756
2025-11-11 18:51:32.410278,99.121,99.121,1.14145e-06,3672
2025-11-11 18:51:32.420133,99.121,99.121,5.96483e-06,2840
2025-11-11 18:51:32.429802,99.121,99.121,3.66207e-06,2917
2025-11-11 18:51:32.439226,99.121,99.121,3.66207e-06,2880
2025-11-11 18:51:32.449867,99.121,99.121,3.66207e-06,2648
2025-11-11 18:51:32.459462,99.121,99.121,5.96483e-06,2610
2025-11-11 18:51:32.468684,99.121,99.121,5.96483e-06,2595
2025-11-11 18:51:32.479381,99.121,99.121,3.66207e-06,2732
2025-11-11 18:51:32.489097,99.121,99.121,3.66207e-06,2652
2025-11-11 18:51:32.498628,99.121,99.121,5.96483e-06,2621
2025-11-11 18:51:32.508059,99.121,99.121,1.14145e-06,3490
2025-11-11 18:51:32.518206,99.121,99.121,1.76685e-06,3599
2025-11-11 18:51:32.527468,99.121,99.121,1.76685e-06,3209
2025-11-11 18:51:32.536539,99.121,99.121,1.14145e-06,3494
2025-11-11 18:51:32.547099,99.121,99.121,5.96483e-06,2915
2025-11-11 18:51:32.556365,99.121,99.121,1.14145e-06,3420
2025-11-11 18:51:32.565722,99.121,99.121,5.96483e-06,2640
2025-11-11 18:51:32.575396,99.121,99.121,7.10627e-06,3556
2025-11-11 18:51:32.585724,99.121,99.121,7.10627e-06,3505
2025-11-11 18:51:32.595311,99.121,99.121,1.76685e-06,3337
2025-11-11 18:51:32.604624,99.121,99.121,1.76685e-06,3108
2025-11-11 18:51:32.615124,99.121,99.121,7.10627e-06,3634
2025-11-11 18:51:32.624900,99.121,99.121,7.10627e-06,3559
2025-11-11 18:51:32.634543,99.121,99.121,7.10627e-06,3439
2025-11-11 18:51:32.644236,99.121,99.121,3.66207e-06,3093
2025-11-11 18:51:32.653355,99.121,99.121,3.66207e-06,2885
2025-11-11 18:51:32.663394,99.121,99.121,1.43555e-06,3163
2025-11-11 18:51:32.673012,99.121,99.121,3.66207e-06,3382
2025-11-11 18:51:32.683055,99.121,99.121,3.66207e-06,2834
2025-11-11 18:51:32.692851,99.121,99.121,3.66207e-06,2729
2025-11-11 18:51:32.702689,99.121,99.121,1.43555e-06,2535
2025-11-11 18:51:32.712122,99.121,99.121,5.35793e-06,2183
2025-11-11 18:51:32.721637,99.121,99.121,5.35793e-06,2137
2025-11-11 18:51:32.732006,99.121,99.121,5.35793e-06,1957
2025-11-11 18:51:32.741446,99.121,99.121,5.35793e-06,1813
2025-11-11 18:51:32.751699,99.121,99.121,5.35793e-06,1641
2025-11-11 18:51:32.762493,99.121,99.121,1.98554e-06,1622
2025-11-11 18:51:32.771981,99.121,99.121,5.35793e-06,1789
2025-11-11 18:51:32.781652,99.121,99.121,5.35793e-06,1772
2025-11-11 18:51:32.791296,99.121,99.121,1.43555e-06,2202
2025-11-11 18:51:32.801337,99.121,99.121,1.43555e-06,2186
2025-11-11 18:51:32.810715,99.121,99.121,5.35793e-06,2008
2025-11-11 18:51:32.819918,99.121,99.121,1.43555e-06,2400
2025-11-11 18:51:32.830139,99.121,99.121,3.66207e-06,2335
2025-11-11 18:51:32.839514,99.121,99.121,3.66207e-06,2320
2025-11-11 18:51:32.849278,99.121,99.121,7.10627e-06,3196
2025-11-11 18:51:32.859080,99.121,99.121,7.10627e-06,3030
2025-11-11 18:51:32.869089,99.121,99.121,3.66207e-06,2211
2025-11-11 18:51:32.878811,99.121,99.121,3.66207e-06,2208
2025-11-11 18:51:32.888149,99.121,99.121,1.43555e-06,2719
2025-11-11 18:51:32.898291,99.121,99.121,5.35793e-06,2055
2025-11-11 18:51:32.907639,99.121,99.121,1.98554e-06,1744
2025-11-11 18:51:32.917026,99.121,99.121,5.35793e-06,1975
2025-11-11 18:51:32.926739,99.121,99.121,1.43555e-06,2517
2025-11-11 18:51:32.936625,99.121,99.121,5.35793e-06,2455
2025-11-11 18:51:32.946242,99.121,99.121,1.98554e-06,2337
2025-11-11 18:51:32.955364,99.121,99.121,5.35793e-06,2577
2025-11-11 18:51:32.965750,99.121,99.121,5.35793e-06,2427
2025-11-11 18:51:32.975063,99.121,99.121,5.35793e-06,2390
2025-11-11 18:51:32.984576,99.121,99.121,1.98554e-06,2362
2025-11-11 18:51:32.993839,99.121,99.121,5.73137e-07,2779
2025-11-11 18:51:33.003203,99.121,99.121,7.28404e-07,3188
2025-11-11 18:51:33.013393,99.121,99.121,9.70854e-07,2583
2025-11-11 18:51:33.022713,99.121,99.121,4.84544e-06,1972
2025-11-11 18:51:33.032356,99.121,99.121,9.70854e-07,2414
2025-11-11 18:51:33.041864,99.121,99.121,4.84544e-06,1843
2025-11-11 18:51:33.052651,99.121,99.121,9.70854e-07,2945
2025-11-11 18:51:33.062134,99.121,99.121,9.70854e-07,2879
2025-11-11 18:51:33.071584,99.121,99.121,9.70854e-07,2603
2025-11-11 18:51:33.081676,99.121,99.121,9.70854e-07,2456
2025-11-11 18:51:33.091105,99.121,99.121,4.84544e-06,1841
2025-11-11 18:51:33.100800,99.121,99.121,4.84544e-06,1599
2025-11-11 18:51:33.111140,99.121,99.121,1.38357e-06,1523
2025-11-11 18:51:33.121030,99.121,99.121,5.62316e-06,1161
2025-11-11 18:51:33.131577,99.121,99.121,5.62316e-06,1040
2025-11-11 18:51:33.141233,99.121,99.121,1.38357e-06,892
2025-11-11 18:51:33.151365,99.121,99.121,5.62316e-06,480
2025-11-11 18:51:33.161100,99.121,99.121,1.38357e-06,1063
2025-11-11 18:51:33.170757,99.121,99.121,5.62316e-06,643
2025-11-11 18:51:33.181168,99.121,99.121,1.26582e-06,925
2025-11-11 18:51:33.190793,99.121,99.121,1.26582e-06,923
2025-11-11 18:51:33.200338,99.121,99.121,1.03293e-06,1216
2025-11-11 18:51:33.210243,99.121,99.121,1.03293e-06,1022
2025-11-11 18:51:33.220309,99.121,99.121,1.26582e-06,1067
2025-11-11 18:51:33.230018,99.121,99.121,1.26582e-06,935
2025-11-11 18:51:33.239511,99.121,99.121,1.03293e-06,965
2025-11-11 18:51:33.249725,99.121,99.121,1.26582e-06,1055
2025-11-11 18:51:33.259854,99.121,99.121,1.26582e-06,1019
2025-11-11 18:51:33.269333,99.121,99.121,5.62316e-06,816
2025-11-11 18:51:33.279332,99.121,99.121,1.38357e-06,1058
2025-11-11 18:51:33.288852,99.121,99.121,1.22844e-06,1856
2025-11-11 18:51:33.298494,99.121,99.121,1.22844e-06,1845
2025-11-11 18:51:33.307593,99.121,99.121,3.617e-06,2227
2025-11-11 18:51:33.317961,99.121,99.121,9.70854e-07,2966
2025-11-11 18:51:33.327781,99.121,99.121,9.70854e-07,2947
2025-11-11 18:51:33.337319,99.121,99.121,9.70854e-07,2838
2025-11-11 18:51:33.346814,99.121,99.121,3.617e-06,2190
2025-11-11 18:51:33.356583,99.121,99.121,9.70854e-07,2957
2025-11-11 18:51:33.366967,99.121,99.121,7.28404e-07,3509
2025-11-11 18:51:33.377161,99.121,99.121,7.28404e-07,3230
2025-11-11 18:51:33.386946,99.121,99.121,5.73137e-07,3283
2025-11-11 18:51:33.396766,99.121,99.121,7.28404e-07,3398
2025-11-11 18:51:33.406390,99.121,99.121,5.73137e-07,3324
2025-11-11 18:51:33.415912,99.121,99.121,5.73137e-07,3268
2025-11-11 18:51:33.425490,99.121,99.121,5.73137e-07,2906
2025-11-11 18:51:33.435604,99.121,99.121,5.73137e-07,2853
2025-11-11 18:51:33.445332,99.121,99.121,1.98554e-06,2920
2025-11-11 18:51:33.454844,99.121,99.121,1.98554e-06,2854
2025-11-11 18:51:33.465639,99.121,99.121,5.35793e-06,3064
2025-11-11 18:51:33.475016,99.121,99.121,1.98554e-06,3059
2025-11-11 18:51:33.484614,99.121,99.121,5.35793e-06,2855
2025-11-11 18:51:33.494574,99.121,99.121,1.98554e-06,3065
2025-11-11 18:51:33.504291,99.121,99.121,1.98554e-06,2848
2025-11-11 18:51:33.513779,99.121,99.121,5.73137e-07,3098
2025-11-11 18:51:33.522776,99.121,99.121,1.98554e-06,2888
2025-11-11 18:51:33.533354,99.121,99.121,1.98554e-06,2541
2025-11-11 18:51:33.543080,99.121,99.121,5.35793e-06,2850
2025-11-11 18:51:33.552536,99.121,99.121,1.98554e-06,2626
2025-11-11 18:51:33.563720,99.121,99.121,5.35793e-06,2858
2025-11-11 18:51:33.573617,99.121,99.121,5.35793e-06,2656
2025-11-11 18:51:33.583554,99.121,99.121,1.98554e-06,2569
2025-11-11 18:51:33.593462,99.121,99.121,1.98554e-06,2558
2025-11-11 18:51:33.603518,99.121,99.121,5.73137e-07,2937
2025-11-11 18:51:33.613225,99.121,99.121,7.28404e-07,2999
2025-11-11 18:51:33.622306,99.121,99.121,7.28404e-07,2841
2025-11-11 18:51:33.632900,99.121,99.121,9.70854e-07,2282
2025-11-11 18:51:33.642898,99.121,99.121,9.70854e-07,2257
2025-11-11 18:51:33.652411,99.121,99.121,7.28404e-07,2832
2025-11-11 18:51:33.662671,99.121,99.121,9.70854e-07,2361
2025-11-11 18:51:33.672225,99.121,99.121,3.617e-06,1643
2025-11-11 18:51:33.681742,99.121,99.121,3.617e-06,1606
2025-11-11 18:51:33.691240,99.121,99.121,9.70854e-07,2124
2025-11-11 18:51:33.700528,99.121,99.121,9.70854e-07,2080
2025-11-11 18:51:33.710429,99.121,99.121,3.617e-06,1842
2025-11-11 18:51:33.720825,99.121,99.121,3.617e-06,1761
2025-11-11 18:51:33.730582,99.121,99.121,3.617e-06,1746
2025-11-11 18:51:33.740482,99.121,99.121,9.70854e-07,2075
2025-11-11 18:51:33.750766,99.121,99.121,7.28404e-07,2420
2025-11-11 18:51:33.760747,99.121,99.121,9.70854e-07,2114
2025-11-11 18:51:33.770575,99.121,99.121,7.28404e-07,2665
2025-11-11 18:51:33.780918,99.121,99.121,9.70854e-07,2326
2025-11-11 18:51:33.790425,99.121,99.121,9.70854e-07,2272
2025-11-11 18:51:33.800404,99.121,99.121,3.617e-06,2109
2025-11-11 18:51:33.810456,99.121,99.121,3.617e-06,2043
2025-11-11 18:51:33.820469,99.121,99.121,9.70854e-07,2279
2025-11-11 18:51:33.830093,99.121,99.121,3.617e-06,1898
2025-11-11 18:51:33.839342,99.121,99.121,1.22844e-06,1843
2025-11-11 18:51:33.849855,99.121,99.121,3.617e-06,2246
2025-11-11 18:51:33.859914,99.121,99.121,9.70854e-07,2496
2025-11-11 18:51:33.869226,99.121,99.121,9.70854e-07,2241
2025-11-11 18:51:33.879468,99.121,99.121,3.617e-06,2288
2025-11-11 18:51:33.889002,99.121,99.121,9.70854e-07,2407
2025-11-11 18:51:33.898615,99.121,99.121,7.28404e-07,2774
2025-11-11 18:51:33.908166,99.121,99.121,7.28404e-07,2693
2025-11-11 18:51:33.918575,99.121,99.121,5.73137e-07,2971
2025-11-11 18:51:33.928442,99.121,99.121,7.28404e-07,2732
2025-11-11 18:51:33.937907,99.121,99.121,9.70854e-07,2360
2025-11-11 18:51:33.948529,99.121,99.121,9.70854e-07,2313
2025-11-11 18:51:33.958237,99.121,99.121,7.28404e-07,2559
2025-11-11 18:51:33.967767,99.121,99.121,5.73137e-07,3070
2025-11-11 18:51:33.977973,99.121,99.121,5.73137e-07,2951
2025-11-11 18:51:33.987555,99.121,99.121,5.73137e-07,2775
2025-11-11 18:51:33.997170,99.121,99.121,5.73137e-07,2679
2025-11-11 18:51:34.006511,99.121,99.121,5.73137e-07,2660
2025-11-11 18:51:34.017044,99.121,99.121,7.28404e-07,2741
2025-11-11 18:51:34.026722,99.121,99.121,9.70854e-07,2434
2025-11-11 18:51:34.036269,99.121,99.121,3.617e-06,1971
2025-11-11 18:51:34.045744,99.121,99.121,9.70854e-07,2366
2025-11-11 18:51:34.055199,99.121,99.121,3.617e-06,2062
2025-11-11 18:51:34.065728,99.121,99.121,9.70854e-07,2673
2025-11-11 18:51:34.075960,99.121,99.121,9.70854e-07,2662
2025-11-11 18:51:34.085412,99.121,99.121,9.70854e-07,2638
2025-11-11 18:51:34.095622,99.121,99.121,9.70854e-07,2441
2025-11-11 18:51:34.105356,99.121,99.121,7.28404e-07,2834
2025-11-11 18:51:34.115097,99.121,99.121,7.28404e-07,2550
2025-11-11 18:51:34.125032,99.121,99.121,9.70854e-07,2489
2025-11-11 18:51:34.135876,99.121,99.121,9.70854e-07,2462
2025-11-11 18:51:34.145633,99.121,99.121,3.617e-06,2023
2025-11-11 18:51:34.155255,99.121,99.121,3.617e-06,1757
2025-11-11 18:51:34.166321,99.121,99.121,3.617e-06,1574
2025-11-11 18:51:34.176224,99.121,99.121,1.22844e-06,1662
2025-11-11 18:51:34.185718,99.121,99.121,3.617e-06,1704
2025-11-11 18:51:34.195869,99.121,99.121,1.22844e-06,1929
2025-11-11 18:51:34.205711,99.121,99.121,3.617e-06,1626
2025-11-11 18:51:34.216216,99.121,99.121,9.70854e-07,2169
2025-11-11 18:51:34.226133,99.121,99.121,9.70854e-07,2147
2025-11-11 18:51:34.236964,99.121,99.121,7.28404e-07,2165
2025-11-11 18:51:34.247424,99.121,99.121,9.70854e-07,2048
2025-11-11 18:51:34.257379,99.121,99.121,7.28404e-07,2190
2025-11-11 18:51:34.267250,99.121,99.121,7.28404e-07,2122
2025-11-11 18:51:34.277518,99.121,99.121,5.73137e-07,2325
2025-11-11 18:51:34.286976,99.121,99.121,5.73137e-07,2192
2025-11-11 18:51:34.297472,99.121,99.121,7.28404e-07,2110
2025-11-11 18:51:34.307330,99.121,99.121,5.73137e-07,2396
2025-11-11 18:51:34.317202,99.121,99.121,5.73137e-07,2377
2025-11-11 18:51:34.327905,99.121,99.121,1.98554e-06,2379
2025-11-11 18:51:34.338205,99.121,99.121,5.35793e-06,2772
2025-11-11 18:51:34.347536,99.121,99.121,5.35793e-06,2613
2025-11-11 18:51:34.356780,99.121,99.121,5.35793e-06,2475
2025-11-11 18:51:34.366705,99.121,99.121,5.35793e-06,2445
2025-11-11 18:51:34.376470,99.121,99.121,5.35793e-06,2025
2025-11-11 18:51:34.386188,99.121,99.121,1.98554e-06,2066
2025-11-11 18:51:34.396099,99.121,99.121,1.98554e-06,1798
2025-11-11 18:51:34.405553,99.121,99.121,5.35793e-06,2329
2025-11-11 18:51:34.415965,99.121,99.121,5.35793e-06,2084
2025-11-11 18:51:34.425885,99.121,99.121,1.43555e-06,2763
2025-11-11 18:51:34.435360,99.121,99.121,5.35793e-06,2073
2025-11-11 18:51:34.445237,99.121,99.121,1.43555e-06,2729
2025-11-11 18:51:34.454786,99.121,99.121,5.35793e-06,2543
2025-11-11 18:51:34.464313,99.121,99.121,1.98554e-06,2507
2025-11-11 18:51:34.473823,99.121,99.121,1.98554e-06,2348
2025-11-11 18:51:34.484399,99.121,99.121,5.35793e-06,2712
2025-11-11 18:51:34.494280,99.121,99.121,1.98554e-06,2339
2025-11-11 18:51:34.503787,99.121,99.121,5.35793e-06,2706
2025-11-11 18:51:34.514141,99.121,99.121,1.43555e-06,2859
2025-11-11 18:51:34.523705,99.121,99.121,1.43555e-06,2804
2025-11-11 18:51:34.533239,99.121,99.121,5.35793e-06,2581
2025-11-11 18:51:34.543064,99.121,99.121,5.35793e-06,2450
2025-11-11 18:51:34.553096,99.121,99.121,1.98554e-06,2365
2025-11-11 18:51:34.562706,99.121,99.121,1.98554e-06,2093
2025-11-11 18:51:34.572062,99.121,99.121,5.35793e-06,2003
2025-11-11 18:51:34.582716,99.121,99.121,1.98554e-06,2100
2025-11-11 18:51:34.592558,99.121,99.121,1.98554e-06,2093
2025-11-11 18:51:34.602353,99.121,99.121,1.98554e-06,1859
2025-11-11 18:51:34.612640,99.121,99.121,1.98554e-06,1757
2025-11-11 18:51:34.622328,99.121,99.121,1.98554e-06,1733
2025-11-11 18:51:34.632070,99.121,99.121,5.35793e-06,2402
2025-11-11 18:51:34.642121,99.121,99.121,1.98554e-06,1935
2025-11-11 18:51:34.652325,99.121,99.121,1.98554e-06,1911
2025-11-11 18:51:34.662153,99.121,99.121,5.73137e-07,2446
2025-11-11 18:51:34.671393,99.121,99.121,5.73137e-07,2341
2025-11-11 18:51:34.681957,99.121,99.121,5.73137e-07,2150
2025-11-11 18:51:34.691615,99.121,99.121,5.73137e-07,2085
2025-11-11 18:51:34.701302,99.121,99.121,7.28404e-07,1946
2025-11-11 18:51:34.711642,99.121,99.121,9.70854e-07,1740
2025-11-11 18:51:34.721336,99.121,99.121,9.70854e-07,1588
2025-11-11 18:51:34.731105,99.121,99.121,7.28404e-07,2094
2025-11-11 18:51:34.740520,99.121,99.121,7.28404e-07,2087
2025-11-11 18:51:34.750181,99.121,99.121,5.73137e-07,2109
2025-11-11 18:51:34.760233,99.121,99.121,5.73137e-07,2079
2025-11-11 18:51:34.770070,99.121,99.121,5.73137e-07,1978
2025-11-11 18:51:34.780194,99.121,99.121,1.98554e-06,2184
2025-11-11 18:51:34.789845,99.121,99.121,5.73137e-07,1938
2025-11-11 18:51:34.800543,99.121,99.121,7.28404e-07,1904
2025-11-11 18:51:34.810202,99.121,99.121,5.73137e-07,2337
2025-11-11 18:51:34.819588,99.121,99.121,5.73137e-07,2039
2025-11-11 18:51:34.830176,99.121,99.121,7.28404e-07,2317
2025-11-11 18:51:34.839609,99.121,99.121,7.28404e-07,2276
2025-11-11 18:51:34.849452,99.121,99.121,7.28404e-07,2154
2025-11-11 18:51:34.859597,99.121,99.121,5.73137e-07,1817
2025-11-11 18:51:34.869938,99.121,99.121,7.28404e-07,1938
2025-11-11 18:51:34.879573,99.121,99.121,9.70854e-07,1469
2025-11-11 18:51:34.889074,99.121,99.121,7.28404e-07,1910
2025-11-11 18:51:34.900110,99.121,99.121,7.28404e-07,1897
2025-11-11 18:51:34.910036,99.121,99.121,9.70854e-07,1537
2025-11-11 18:51:34.919330,99.121,99.121,7.28404e-07,1867
2025-11-11 18:51:34.929648,99.121,99.121,5.73137e-07,2053
2025-11-11 18:51:34.939069,99.121,99.121,1.98554e-06,2211
2025-11-11 18:51:34.948977,99.121,99.121,5.73137e-07,2087
2025-11-11 18:51:34.958961,99.121,99.121,5.73137e-07,2062
2025-11-11 18:51:34.969416,99.121,99.121,5.73137e-07,2043
2025-11-11 18:51:34.979785,99.121,99.121,1.98554e-06,2330
2025-11-11 18:51:34.989176,99.121,99.121,1.98554e-06,2227
2025-11-11 18:51:35.000176,99.121,99.121,1.98554e-06,2015
2025-11-11 18:51:35.009698,99.121,99.121,5.73137e-07,2188
2025-11-11 18:51:35.019598,99.121,99.121,1.98554e-06,2035
2025-11-11 18:51:35.019636,99.121,99.121,1.98554e-06,2035
